Taxonomy,Control_327,Control_328,Control_330,DSS_334,DSS_339,DSS_treatedp,RCJ_318,RCJ_319,RCJ_322,RCJ_plus_DSS_301,RCJ_plus_DSS_305,RCJ_plus_DSS_313
k__(null)|p__(null)|c__(null)|o__(null)|f__(null)|g__(null)|s__(null),2.750656674,4.554712367,5.318140498,1.213570194,5.768337105,9.341237394,1.901286844,2.8606651,2.091308751,2.277213894,1.569448014,1.441895041
k__Bacteria|p__Firmicutes|c__Bacilli|o__Lactobacillales|f__Lactobacillaceae|g__Lactobacillus|s__Lactobacillus reuteri,0.159300369,0.147951627,0.134745611,0,0,0,0,0,0,0.057608526,0,0
k__Bacteria|p__Bacteroidetes|c__Bacteroidia|o__Bacteroidales|f__Odoribacteraceae|g__Odoribacter|s__Odoribacter splanchnicus,0,0,0.081185877,0.389312721,0.290460263,0.304360866,0,0.105236612,0.090785552,0.221364285,0.259423397,0.225716505
k__Bacteria|p__Bacteroidetes|c__Bacteroidia|o__Bacteroidales|f__Odoribacteraceae|g__Odoribacter|s__(Odoribacter),0.163009575,0.164146617,0.256136013,1.662821898,1.168019636,1.109562607,0.264861305,0.430649042,0.252462752,0.897423333,1.125202103,0.845777108
k__Bacteria|p__Bacteroidetes|c__Bacteroidia|o__Bacteroidales|f__Odoribacteraceae|g__(Odoribacteraceae)|s__(Odoribacteraceae),0.146814595,0.164126039,0.329188383,2.316502008,1.564827659,1.457929809,0.271616081,0.582541444,0.239858649,1.124107069,1.522848829,1.028228068
k__Bacteria|p__Firmicutes|c__Clostridia|o__Clostridiales|f__(Pseudoflavonifractor)|g__Pseudoflavonifractor|s__(Pseudoflavonifractor),0.096784041,0.067959282,0.078490141,0,0,0.031057546,0,0.054609241,0,0.153929693,0.186520211,0.117881892
k__Bacteria|p__Firmicutes|c__Clostridia|o__Clostridiales|f__Oscillospiraceae|g__(Oscillospiraceae)|s__(Oscillospiraceae),0.021905408,0.010680051,0.020115124,0.008308425,0.004069325,0.005993381,0.005051935,0.012542377,0.005694997,0.033331456,0.029735404,0.025594065
k__Bacteria|p__Firmicutes|c__Clostridia|o__Clostridiales|f__Oscillospiraceae|g__Oscillibacter|s__(Oscillibacter),0.235192474,0.114738521,0.206733062,0.092555338,0.044788294,0.066040371,0.056656778,0.143429641,0.058447025,0.352272175,0.322901797,0.260586168
k__Bacteria|p__Bacteroidetes|c__Bacteroidia|o__Bacteroidales|f__Muribaculaceae|g__Muribaculum|s__(Muribaculum),0.005844186,0.006363787,0.005036498,0.047077644,0.027862784,0.033115359,0.015721703,0.024359374,0.01565481,0.027302058,0.021761377,0.029699405
k__Bacteria|p__Tenericutes|c__Mollicutes|o__Mycoplasmatales|f__Mycoplasmataceae|g__Mycoplasma|s__(Mycoplasma),0,0,0,0.042493863,0.064893124,0.031993851,0,0,0,0,0,0.022260406
k__Bacteria|p__Firmicutes|c__Clostridia|o__Clostridiales|f__Oscillospiraceae|g__Oscillibacter|s__Oscillibacter sp. 1-3,0.366460299,0.171863417,0.326400046,0.179096713,0.075243922,0.124415388,0.093913509,0.219229223,0.094047185,0.496946846,0.592737729,0.400111122
k__Bacteria|p__Bacteroidetes|c__Bacteroidia|o__Bacteroidales|f__Tannerellaceae|g__Parabacteroides|s__Parabacteroides chinchillae,0,0,0,0,0,0,0.132394641,0.073674889,0.216332705,0,0,0
k__Bacteria|p__Proteobacteria|c__Gammaproteobacteria|o__Enterobacterales|f__Enterobacteriaceae|g__Klebsiella|s__(Klebsiella),0.000529887,0,0,0,0,0,0.000848848,0.000591622,0.000735668,0.000509309,0.000437285,0.000483586
k__Bacteria|p__Firmicutes|c__Clostridia|o__Clostridiales|f__Clostridiaceae|g__Clostridium|s__Clostridium sp. CAG:557,0,0,0.101259845,0,0,0,0.464829429,0.777370136,0.444034825,0.159521805,0.525179714,0.200611171
k__Bacteria|p__Firmicutes|c__Bacilli|o__Lactobacillales|f__Lactobacillaceae|g__Lactobacillus|s__(Lactobacillus),0.903034768,0.701446797,0.407215516,0.064049467,0.290100146,0,0.181941669,0.226992327,0.135491533,0.143774377,0.111281407,0
k__Bacteria|p__Bacteroidetes|c__Bacteroidia|o__Bacteroidales|f__Bacteroidaceae|g__Bacteroides|s__(Bacteroides),2.573561376,5.35442489,3.178956185,10.18871134,16.28451113,10.45185463,5.586390191,4.437310803,5.28188047,6.298292091,5.104437119,8.867584795
k__Bacteria|p__Bacteroidetes|c__Bacteroidia|o__Bacteroidales|f__Odoribacteraceae|g__Butyricimonas|s__(Butyricimonas),0,0,0,0.096033044,0.073386746,0.07619568,0,0,0.069363722,0.06134346,0.055823334,0.072887782
k__Bacteria|p__Proteobacteria|c__Gammaproteobacteria|o__Enterobacterales|f__Enterobacteriaceae|g__Klebsiella|s__Klebsiella oxytoca,0.085774747,0,0,0,0,0,0.089566376,0.133310341,0.093157181,0.109974769,0.119913934,0.068844177
k__Bacteria|p__Firmicutes|c__Clostridia|o__Clostridiales|f__Lachnospiraceae|g__Roseburia|s__Roseburia sp. CAG:303,0,0,0.089890427,0,0,0,0,0,0,0.13345958,0.285166643,0.128129807
k__Bacteria|p__Firmicutes|c__Clostridia|o__Clostridiales|f__Eubacteriaceae|g__Eubacterium|s__Eubacterium plexicaudatum,0.451540535,0.214516741,0.577360659,0,0,0,0.080938989,0.245358317,0.103471967,0.140162912,0.172156673,0.093234421
k__Bacteria|p__Bacteroidetes|c__Bacteroidia|o__Bacteroidales|f__Odoribacteraceae|g__Odoribacter|s__Odoribacter sp. CAG:788,0,0,0,0.109552883,0.072661367,0.065165801,0,0,0,0,0.071586185,0
k__Bacteria|p__Firmicutes|c__Clostridia|o__Clostridiales|f__Lachnospiraceae|g__(Lachnospiraceae bacterium M18-1)|s__Lachnospiraceae bacterium M18-1,0.077270839,0,0.057839985,0,0,0,0,0,0,0.057747428,0.090996511,0.060098466
k__Bacteria|p__Bacteroidetes|c__Bacteroidia|o__Bacteroidales|f__Bacteroidaceae|g__Bacteroides|s__Bacteroides fragilis,0,0.078608466,0,0.135131513,0.119456028,0.103924713,0.119507577,0.090842203,0.135779627,0.088038463,0.076813031,0.109743236
k__Bacteria|p__Proteobacteria|c__Deltaproteobacteria|o__Desulfovibrionales|f__Desulfovibrionaceae|g__Desulfovibrio|s__(Desulfovibrio),0.097128725,0,0.098368617,0.145204514,0,0.090898755,0.314536947,0.240769392,0.139303631,0.271626412,0.307437329,0.221050411
k__Bacteria|p__Firmicutes|c__(Firmicutes bacterium ASF500)|o__(Firmicutes bacterium ASF500)|f__(Firmicutes bacterium ASF500)|g__(Firmicutes bacterium ASF500)|s__Firmicutes bacterium ASF500,0.278879822,0.14533306,0.230367047,0.084884835,0.070233148,0.153842117,0.08198333,0.216970772,0.089170169,0.445444885,0.533076573,0.243207927
k__Bacteria|p__Firmicutes|c__Clostridia|o__Clostridiales|f__Lachnospiraceae|g__Lachnoclostridium|s__(Lachnoclostridium),0.322649482,0.176992516,0.238479976,0.106671943,0,0.12015057,0.121467646,0.160118514,0.129446708,0.201135965,0.305940269,0.230073927
k__Bacteria|p__Firmicutes|c__Clostridia|o__Clostridiales|f__Ruminococcaceae|g__(Ruminococcaceae)|s__(Ruminococcaceae),0.631187519,0.311578646,0.523240171,0.305750032,0.26478905,0.26041112,0.409088379,0.533879285,0.334770115,0.55357791,0.722359398,0.69704858
k__Bacteria|p__Firmicutes|c__Clostridia|o__Clostridiales|f__Ruminococcaceae|g__Anaerotruncus|s__Anaerotruncus sp. G3(2012),0.193207965,0.074276769,0.190872467,0,0,0,0,0.077353231,0,0.061780745,0.079462466,0
k__Bacteria|p__Firmicutes|c__Clostridia|o__Clostridiales|f__Clostridiaceae|g__Clostridium|s__uncultured Clostridium sp.,0.104433957,0,0.072851733,0,0,0,0,0,0,0.088480893,0.124214764,0.060875291
k__Bacteria|p__Firmicutes|c__Clostridia|o__Clostridiales|f__(Flavonifractor)|g__Flavonifractor|s__(Flavonifractor),0.100549837,0,0.077692739,0,0,0,0,0.078212369,0,0.127944637,0.147082216,0.094932118
k__Bacteria|p__Proteobacteria|c__Deltaproteobacteria|o__Desulfovibrionales|f__Desulfovibrionaceae|g__Bilophila|s__(Bilophila),0,0,0,0,0,0,0.073294208,0,0,0.06945125,0.059074679,0.065958093
k__Bacteria|p__Firmicutes|c__Clostridia|o__Clostridiales|f__Lachnospiraceae|g__Butyrivibrio|s__(Butyrivibrio),0.111358494,0,0.075778972,0,0,0,0,0.069147698,0,0.120958355,0.147864185,0.093584249
k__Bacteria|p__Firmicutes|c__Clostridia|o__Clostridiales|f__Lachnospiraceae|g__Blautia|s__(Blautia),0.263116982,0.072738553,0.150817132,0,0,0,0.063488722,0.104434065,0.066539374,0.141479914,0.138398243,0.107325304
k__Bacteria|p__Bacteroidetes|c__Bacteroidia|o__Bacteroidales|f__Bacteroidaceae|g__Bacteroides|s__Bacteroides sartorii,0.128160529,0.168627505,0.070150853,0.608732304,0.457652401,0.405152559,0.402770888,0.094839506,0.345311261,0.274599954,0.181910709,0.344905109
k__Bacteria|p__Proteobacteria|c__Alphaproteobacteria|o__(Alphaproteobacteria)|f__(Alphaproteobacteria)|g__(Alphaproteobacteria)|s__(Alphaproteobacteria),0.02933411,0,0.079426446,0.024776083,0.025691792,0.025748388,0.129045548,0.142904899,0.079519027,0.065011515,0.125680956,0.067450008
k__Bacteria|p__Bacteroidetes|c__Bacteroidia|o__Bacteroidales|f__Bacteroidaceae|g__Bacteroides|s__Bacteroides thetaiotaomicron,0,0.092370092,0,0.147781926,0.169800415,0.120783348,0.107392194,0.068201103,0.116106937,0.093296179,0.057937738,0.116251074
k__Bacteria|p__Firmicutes|c__Clostridia|o__Clostridiales|f__Ruminococcaceae|g__Anaerotruncus|s__(Anaerotruncus),0.069991329,0.029683956,0.072486471,0,0,0,0,0.036906896,0,0.033228565,0.038820651,0.084535011
k__Bacteria|p__Bacteroidetes|c__Bacteroidia|o__Bacteroidales|f__Bacteroidaceae|g__Bacteroides|s__Bacteroides sp. CAG:927,0.524392223,0.928186948,0.329821161,0.463795306,0.3502603,0.287563966,1.31564827,0.67488585,1.623372431,0.325566883,0.289935625,0.515343578
k__Bacteria|p__Firmicutes|c__Clostridia|o__Clostridiales|f__Lachnospiraceae|g__Dorea|s__Dorea sp. 5-2,0.411804186,0.105174834,0.269264862,0,0,0,0.148378715,0.155956585,0.103934975,0.21863768,0.343166115,0.155668507
k__Bacteria|p__Firmicutes|c__Bacilli|o__(Bacilli)|f__(Bacilli)|g__(Bacilli)|s__(Bacilli),0.163657785,0.137996955,0.069425474,0.014980887,0.08041932,0.013612435,0.031813812,0.057474747,0.038033523,0.052103871,0.044829466,0.019677849
k__Bacteria|p__Bacteroidetes|c__Bacteroidia|o__Bacteroidales|f__Bacteroidaceae|g__Bacteroides|s__Bacteroides acidifaciens,0.094535882,0.216872937,0.138321061,0.377439134,0.462570573,0.542784252,0.172398555,0.177409296,0.332393342,0.296844933,0.172331587,0.48689944
k__Bacteria|p__Firmicutes|c__Clostridia|o__Clostridiales|f__Lachnospiraceae|g__(Lachnospiraceae bacterium 10-1)|s__Lachnospiraceae bacterium 10-1,0.320694561,0.08604746,0.199237477,0.532351386,0,0.153785528,0.067851289,0.389770565,0.295131498,0.666886338,1.172140828,0.601617442
k__Bacteria|p__Bacteroidetes|c__Bacteroidia|o__Bacteroidales|f__Muribaculaceae|g__Muribaculum|s__Muribaculum intestinale,1.223683029,3.099550316,0.914204107,1.700577644,1.163996612,0.448845078,5.410848325,1.95693489,4.804977232,1.064270959,0.665553458,1.075079354
k__Bacteria|p__Bacteroidetes|c__Bacteroidia|o__Bacteroidales|f__Rikenellaceae|g__(Rikenellaceae)|s__(Rikenellaceae),0.265457743,0.175495457,0.383530086,0.090631281,0.272150875,0.171102026,0.468816445,0.755994592,0.519870368,0.297683492,0.030759166,0.433247077
k__Bacteria|p__Firmicutes|c__Clostridia|o__Clostridiales|f__Lachnospiraceae|g__Acetatifactor|s__Acetatifactor muris,0.449544457,0.129348995,0.269372897,0.113586199,0.129734802,0.184395499,0.106352998,0.261167474,0.107294354,0.55285253,0.899876675,0.329450924
k__Bacteria|p__Firmicutes|c__Erysipelotrichia|o__Erysipelotrichales|f__Erysipelotrichaceae|g__Turicibacter|s__(Turicibacter),0,0,0,0.107134951,0,0,0.089823603,0.071195223,0.065973475,0.093152132,0.082003866,0.075264558
k__Bacteria|p__Firmicutes|c__(Firmicutes)|o__(Firmicutes)|f__(Firmicutes)|g__(Firmicutes)|s__(Firmicutes),8.638823236,3.39039135,6.364425348,4.336689062,2.343004967,4.138823167,3.1539094,6.314006378,3.189594259,8.943134602,11.7222777,6.881577932
k__Bacteria|p__Firmicutes|c__Clostridia|o__Clostridiales|f__Ruminococcaceae|g__Ruminococcus|s__Ruminococcus flavefaciens,0,0,0,0.200101852,0.679371431,0.196706367,0,0,0,0.118046547,0.201377624,0.321533483
k__Bacteria|p__Firmicutes|c__Clostridia|o__Clostridiales|f__Ruminococcaceae|g__Ruminococcus|s__(Ruminococcus),0.131730833,0,0.141670152,0.234925212,0.592217918,0.230953524,0,0.136052378,0,0.195677611,0.284045134,0.35336787
k__Bacteria|p__Firmicutes|c__Clostridia|o__Clostridiales|f__Lachnospiraceae|g__Roseburia|s__(Roseburia),0.409411979,0.19375855,0.303460573,0.10205215,0.058575639,0.17739379,0.151131042,0.191145205,0.153970691,0.172743265,0.231792107,0.122913248
k__Bacteria|p__Actinobacteria <phylum>|c__Coriobacteriia|o__(Coriobacteriia)|f__(Coriobacteriia)|g__(Coriobacteriia)|s__(Coriobacteriia),0.059866895,0,0,0.061755004,0,0,0.083681027,0.061657254,0.100328658,0.061811613,0.058215542,0.077667056
k__Bacteria|p__Spirochaetes|c__Spirochaetia|o__(Spirochaetia)|f__(Spirochaetia)|g__(Spirochaetia)|s__(Spirochaetia),0.015891453,0.012074219,0.020336339,0.012007346,0.008740559,0.010196465,0.013555853,0.015984071,0.011137911,0.015912053,0.021951725,0.017203327
k__Bacteria|p__Proteobacteria|c__Betaproteobacteria|o__Burkholderiales|f__Sutterellaceae|g__Turicimonas|s__Turicimonas muris,0,0,0,0,0,0,0.073011259,0,0.074528832,0,0,0
k__Bacteria|p__Firmicutes|c__Bacilli|o__Lactobacillales|f__Lactobacillaceae|g__Lactobacillus|s__Lactobacillus johnsonii,0.100380068,0.08869175,0,0,0,0,0,0,0,0,0,0
k__Bacteria|p__Firmicutes|c__Clostridia|o__Clostridiales|f__Ruminococcaceae|g__Faecalibacterium|s__(Faecalibacterium),0,0,0,0,0,0,0,0,0,0.057063205,0.068159926,0
k__Bacteria|p__Bacteroidetes|c__Bacteroidia|o__Bacteroidales|f__Bacteroidaceae|g__Bacteroides|s__Bacteroides vulgatus,0.108950854,0.195173296,0.12240902,0.264490857,0.285418622,0.214753389,0.145677833,0.100138378,0.13981294,0.162582805,0.066060956,0.223792449
k__Bacteria|p__Bacteroidetes|c__Bacteroidia|o__Bacteroidales|f__Prevotellaceae|g__Prevotella|s__Prevotella sp. CAG:1031,0.315087023,0.578960609,0.213462111,0.344488384,0.331786287,0.206547859,0.729757613,0.40316179,0.926977744,0.255544589,0.187621141,0.349097906
k__Bacteria|p__Firmicutes|c__Clostridia|o__Clostridiales|f__Ruminococcaceae|g__Ruminiclostridium|s__[Eubacterium] siraeum,0,0,0,0,0,0.09733971,0,0,0,0.076463254,0.056497268,0.068422325
k__Bacteria|p__Firmicutes|c__Clostridia|o__Clostridiales|f__(Clostridiales)|g__(Clostridiales)|s__(Clostridiales),13.27580411,4.708230378,9.683184219,4.039725897,2.205332153,4.653101562,4.374728433,7.386914628,4.337473052,9.739529517,12.73641961,7.623805825
k__Bacteria|p__Bacteroidetes|c__Bacteroidia|o__Bacteroidales|f__Bacteroidaceae|g__Bacteroides|s__Bacteroides caccae,0,0,0,0,0.077656707,0.056615587,0,0,0,0,0,0
k__Bacteria|p__Firmicutes|c__Erysipelotrichia|o__Erysipelotrichales|f__Erysipelotrichaceae|g__(Erysipelotrichaceae)|s__(Erysipelotrichaceae),0.068108431,0,0,0.13085126,0.062449471,0.162634124,0.053158493,0.123227052,0.084617258,0.081422588,0.138604025,0.119805948
k__Bacteria|p__(Bacteria)|c__(Bacteria)|o__(Bacteria)|f__(Bacteria)|g__(Bacteria)|s__(Bacteria),16.95949331,10.78256579,14.94277993,11.39327859,9.065868784,10.33807299,11.77869357,13.86003633,12.56171702,14.47076475,15.39330371,14.02448285
k__Bacteria|p__Firmicutes|c__Clostridia|o__Clostridiales|f__Clostridiaceae|g__Clostridium|s__(Clostridium),0.753833112,1.193783758,0.827673061,2.597357633,0.828243891,2.457455998,0.639903143,1.12781073,0.531064869,0.629912551,0.707249903,0.870532614
k__Bacteria|p__(uncultured bacterium)|c__(uncultured bacterium)|o__(uncultured bacterium)|f__(uncultured bacterium)|g__(uncultured bacterium)|s__uncultured bacterium,0.065813971,0.084277741,0,0.113071745,0.078757637,0.064774816,0.176889735,0.094309619,0.294406119,0.061996816,0,0.084838539
k__Bacteria|p__Proteobacteria|c__Betaproteobacteria|o__(Betaproteobacteria)|f__(Betaproteobacteria)|g__(Betaproteobacteria)|s__(Betaproteobacteria),0.011755251,0.02005339,0.01019132,0.010258204,0.006065403,0.009100679,0.027111706,0.014641347,0.026947057,0.012820186,0.01008843,0.021900289
k__Bacteria|p__Firmicutes|c__Clostridia|o__Clostridiales|f__Lachnospiraceae|g__(Lachnospiraceae bacterium A2)|s__Lachnospiraceae bacterium A2,0.240830879,0.256300638,0.164018004,0,0,0,0.218627357,0.089118783,0.546205226,0.081052181,0.115854897,0
k__Bacteria|p__Firmicutes|c__Clostridia|o__Clostridiales|f__Lachnospiraceae|g__Lachnoclostridium|s__Lachnoclostridium sp. An196,0,0,0,0,0,0,0,0,0,0.059897845,0.100467597,0
k__Bacteria|p__Firmicutes|c__Clostridia|o__Clostridiales|f__Clostridiaceae|g__(Clostridiaceae)|s__(Clostridiaceae),0.142256541,0.105519518,0.202751193,0.090693016,0.036932594,0.09332183,0.068406899,0.131113624,0.074328195,0.149525969,0.151125819,0.119260627
k__Bacteria|p__Spirochaetes|c__(Spirochaetes)|o__(Spirochaetes)|f__(Spirochaetes)|g__(Spirochaetes)|s__(Spirochaetes),0.001656539,0.001054629,0.001527926,0.001296423,0.000679078,0.000817981,0.001208966,0.00111122,0.000632777,0.001718275,0.001322145,0.001584517
k__Bacteria|p__Bacteroidetes|c__(Bacteroidetes)|o__(Bacteroidetes)|f__(Bacteroidetes)|g__(Bacteroidetes)|s__(Bacteroidetes),2.172740762,3.850070815,2.035280179,4.979735418,4.302510814,3.486167122,4.463163011,3.679155506,5.595614595,3.286196513,2.516083355,3.822971381
k__Bacteria|p__Proteobacteria|c__Deltaproteobacteria|o__Desulfovibrionales|f__Desulfovibrionaceae|g__(Desulfovibrionaceae)|s__(Desulfovibrionaceae),0.113061334,0.076344871,0.135666482,0.158708919,0.076360285,0.173952097,0.413327477,0.327701748,0.120201985,0.318554879,0.284852826,0.192009507
k__Bacteria|p__Proteobacteria|c__Deltaproteobacteria|o__(Deltaproteobacteria)|f__(Deltaproteobacteria)|g__(Deltaproteobacteria)|s__(Deltaproteobacteria),0.056651563,0.030939222,0.070310334,0.094952691,0.050138607,0.095878663,0.307355174,0.212983757,0.065325264,0.239792017,0.216517986,0.11197082
k__Bacteria|p__Bacteroidetes|c__Bacteroidia|o__Bacteroidales|f__Prevotellaceae|g__Prevotella|s__Prevotella sp. CAG:485,0.315195058,0.57150618,0.156527564,0.16567462,0.105797296,0.102895806,0.753705429,0.18522899,1.279676553,0.073294219,0.08630984,0.112613887
k__Bacteria|p__Bacteroidetes|c__Bacteroidia|o__Bacteroidales|f__Rikenellaceae|g__Alistipes|s__(Alistipes),1.006887394,1.212772229,0.894742339,1.836470548,2.687801775,3.415275456,3.055993441,5.609004418,1.766591051,1.675884391,0.66774503,1.88719062
k__Bacteria|p__Firmicutes|c__Clostridia|o__Clostridiales|f__Eubacteriaceae|g__(Eubacteriaceae)|s__(Eubacteriaceae),0.024379927,0.010114152,0.025604341,0.007752815,0.004696957,0.009069812,0.009008083,0.018088186,0.008689114,0.016879226,0.025280238,0.014013715
k__Bacteria|p__Bacteroidetes|c__Bacteroidia|o__(Bacteroidia)|f__(Bacteroidia)|g__(Bacteroidia)|s__(Bacteroidia),0.43221768,0.803154216,0.399838256,1.072455586,0.892535104,0.709137874,0.96580437,0.728214102,1.246190796,0.664293492,0.570142938,0.775482172
k__Bacteria|p__Firmicutes|c__Clostridia|o__Clostridiales|f__Lachnospiraceae|g__(Lachnospiraceae bacterium 3-2)|s__Lachnospiraceae bacterium 3-2,0.123515019,0,0.060211615,0,0,0,0.061924783,0.142714551,0.08883063,0.057310143,0.064502162,0
k__Bacteria|p__Bacteroidetes|c__Bacteroidia|o__Bacteroidales|f__Porphyromonadaceae|g__Porphyromonas|s__(Porphyromonas),0,0,0,0,0.038851504,0,0.084313805,0,0.120675282,0,0,0
k__Bacteria|p__Proteobacteria|c__Betaproteobacteria|o__Burkholderiales|f__(Burkholderiales)|g__(Burkholderiales)|s__(Burkholderiales),0.490181099,0.992493612,0.277640162,0.572761712,0.12789306,0.422484491,1.950401732,0.743976958,1.982507049,0.525977468,0.212932246,1.469588077
k__Bacteria|p__Bacteroidetes|c__Bacteroidia|o__Bacteroidales|f__Prevotellaceae|g__Paraprevotella|s__(Paraprevotella),0.075583433,0.08941713,0,0.77904215,0.277547489,0.151645402,0.348984762,0.173257657,0.566443814,0.624248415,0.372459089,0.530427357
k__Bacteria|p__Firmicutes|c__Bacilli|o__Bacillales|f__(Bacillales)|g__(Bacillales)|s__(Bacillales),0.12311889,0.080059224,0.105231424,0.089401737,0,0.086695672,0.080661184,0.117609219,0.073340445,0.131756739,0.122964642,0.126231473
k__Bacteria|p__Proteobacteria|c__Deltaproteobacteria|o__Desulfovibrionales|f__(Desulfovibrionales)|g__(Desulfovibrionales)|s__(Desulfovibrionales),0.032472273,0.015665103,0.041084241,0.051501945,0.014142318,0.065572219,0.218689092,0.1385732,0.034416917,0.162659973,0.14444307,0.060684943
k__Bacteria|p__Chlamydiae|c__Chlamydiia|o__Chlamydiales|f__(Chlamydiales)|g__(Chlamydiales)|s__(Chlamydiales),1.03E-05,0,3.09E-05,0,5.14E-06,0,3.09E-05,5.14E-05,2.06E-05,1.54E-05,3.60E-05,0
k__Bacteria|p__Firmicutes|c__Bacilli|o__Lactobacillales|f__Lactobacillaceae|g__(Lactobacillaceae)|s__(Lactobacillaceae),0.009146974,0.009954672,0.00463008,0.002165849,0.010072993,0,0.00416193,0.002551689,0.001491914,0.00194978,0.001594805,0
k__Bacteria|p__Proteobacteria|c__Deltaproteobacteria|o__Desulfovibrionales|f__Desulfovibrionaceae|g__Mailhella|s__Mailhella massiliensis,0,0,0,0,0,0,0.109419142,0.069487237,0,0.088218521,0.08046565,0
k__Bacteria|p__Firmicutes|c__Clostridia|o__(Clostridia)|f__(Clostridia)|g__(Clostridia)|s__(Clostridia),0.182203816,0.101028341,0.155364899,0.139972521,0.071817663,0.147210814,0.098944866,0.190774799,0.089386239,0.207206519,0.251269311,0.170633961
k__Bacteria|p__Actinobacteria <phylum>|c__(Actinobacteria <phylum>)|o__(Actinobacteria <phylum>)|f__(Actinobacteria <phylum>)|g__(Actinobacteria <phylum>)|s__(Actinobacteria <phylum>),0.003878976,0.052258167,0.055555813,0.003740077,0.047375993,0.049778502,0.005782459,0.004804996,0.007300091,0.004290544,0.004269963,0.005756735
k__Bacteria|p__Firmicutes|c__Clostridia|o__Clostridiales|f__Lachnospiraceae|g__(Lachnospiraceae bacterium COE1)|s__Lachnospiraceae bacterium COE1,0.910705263,0.14753492,0.447399464,0.073839518,0,0.170803643,0.108642317,0.25701069,0.10816378,0.22792357,0.313924586,0.157381637
k__Bacteria|p__Firmicutes|c__Clostridia|o__Clostridiales|f__Eubacteriaceae|g__Eubacterium|s__(Eubacterium),0.237070227,0.130300734,0.264182063,0.395506742,0.081494528,0.430906091,0.089144524,0.356583168,0.112299984,0.413322396,0.486389931,0.413569227
k__Bacteria|p__Tenericutes|c__(Tenericutes)|o__(Tenericutes)|f__(Tenericutes)|g__(Tenericutes)|s__(Tenericutes),0,0.003806954,0,0.007922585,0.002901516,0.004609502,0.004568348,0.01145688,0,0.006209456,0.034535254,0.012722437
k__Bacteria|p__Bacteroidetes|c__Bacteroidia|o__Bacteroidales|f__Rikenellaceae|g__Rikenella|s__Rikenella microfusus,0,0,0.067558008,0,0,0,0,0.111816473,0.08625322,0,0,0
k__Bacteria|p__Chlamydiae|c__Chlamydiia|o__Chlamydiales|f__Chlamydiaceae|g__Chlamydia|s__Chlamydia trachomatis,0,0.164043726,0.109599133,0,0.118169895,0.197313422,0,0,0,0,0,0
k__Bacteria|p__Bacteroidetes|c__Bacteroidia|o__Bacteroidales|f__Prevotellaceae|g__(Prevotellaceae)|s__(Prevotellaceae),0.466742621,1.189843045,0.990235162,1.487202891,1.490247383,1.047252022,0.569963172,0.71146864,0.590962653,0.982040678,0.145513133,1.1753515
k__Bacteria|p__Tenericutes|c__Mollicutes|o__Anaeroplasmatales|f__Anaeroplasmataceae|g__Anaeroplasma|s__Anaeroplasma bactoclasticum,0,0,0,0.089556073,0,0.060129303,0,0.124142779,0,0.056682509,0.416249359,0.139684434
k__Bacteria|p__Bacteroidetes|c__Bacteroidia|o__Bacteroidales|f__(Bacteroidales)|g__(Bacteroidales)|s__(Bacteroidales),10.57363463,20.22546431,10.03337259,23.27140393,20.53095169,14.99769268,22.94035147,17.03457982,28.02858713,14.77633482,9.82830222,18.45969513
k__Bacteria|p__Bacteroidetes|c__Bacteroidia|o__Bacteroidales|f__Prevotellaceae|g__Prevotella|s__(Prevotella),2.027299757,4.984821055,3.941936742,4.898899332,5.850063136,4.137722237,1.965259152,2.510116471,2.095738193,3.474393967,0.553788465,4.677247262
k__Bacteria|p__Firmicutes|c__Clostridia|o__Clostridiales|f__Lachnospiraceae|g__(Lachnospiraceae)|s__(Lachnospiraceae),5.862870909,1.356623664,2.500772966,1.135002848,0.654811436,1.018236855,1.29080016,2.395156688,1.423769743,2.909477498,3.988135059,2.30677381
k__Bacteria|p__Tenericutes|c__Mollicutes|o__Mycoplasmatales|f__Mycoplasmataceae|g__(Mycoplasmataceae)|s__(Mycoplasmataceae),0,0,0,0.000344684,0.002109258,0.000293238,0,0,0,0,0,0.000221215
k__Bacteria|p__Proteobacteria|c__Epsilonproteobacteria|o__Campylobacterales|f__Helicobacteraceae|g__Helicobacter|s__Helicobacter typhlonius,0.350903241,0.660408857,0.589758984,0.298599128,0.09130515,0.216497386,0.482444321,0.377361946,0.147889855,0.273992899,0.585077519,0.222861288
k__Bacteria|p__Firmicutes|c__Clostridia|o__Clostridiales|f__Eubacteriaceae|g__Eubacterium|s__Eubacterium sp. CAG:115,0,0,0,0,0,0.100832848,0,0.060489445,0,0.079858649,0.05537576,0.0707528
k__Bacteria|p__Bacteroidetes|c__Bacteroidia|o__Bacteroidales|f__Bacteroidaceae|g__(Bacteroidaceae)|s__(Bacteroidaceae),0.078711308,0.179235533,0.082739526,0.187646931,0.212021587,0.150132909,0.190939463,0.132909067,0.228463511,0.131731016,0.094067797,0.16089021
k__Bacteria|p__Chlamydiae|c__Chlamydiia|o__Chlamydiales|f__Chlamydiaceae|g__Chlamydia|s__Chlamydia abortus,0.757058732,2.537319729,1.989483545,0,2.288555243,4.304189039,0.190975475,0.799728286,0.319912708,0.428900054,0.120114571,0
k__Bacteria|p__Bacteroidetes|c__Bacteroidia|o__Bacteroidales|f__Prevotellaceae|g__Prevotella|s__Prevotella sp. CAG:873,0.198614866,0.288958134,0.123129255,0.274790217,0.296818905,0.095106983,0.394236103,0.24090315,0.571907307,0.214954192,0.152370797,0.292677782
k__Bacteria|p__Bacteroidetes|c__Bacteroidia|o__Bacteroidales|f__Prevotellaceae|g__Prevotella|s__Prevotella sp. CAG:279,0.065289229,0.118000155,0,0.077152598,0.079395559,0,0.123077886,0.073535986,0.193362371,0,0,0.081407133
k__Bacteria|p__Firmicutes|c__Clostridia|o__Clostridiales|f__(Clostridiales bacterium)|g__(Clostridiales bacterium)|s__Clostridiales bacterium,0.105931015,0.072285834,0.108405601,0.062089399,0.086587614,0,0.112017133,0.150493088,0.102854624,0.087210192,0.228988336,0.102309382
k__Bacteria|p__Proteobacteria|c__Epsilonproteobacteria|o__Campylobacterales|f__Helicobacteraceae|g__Helicobacter|s__Helicobacter japonicus,0.113200236,0.260066437,0.190105931,0.096784146,0,0.070279466,0.150755491,0.119430385,0,0.088110486,0.194103253,0.069523256
k__Bacteria|p__Chlamydiae|c__Chlamydiia|o__Chlamydiales|f__Chlamydiaceae|g__Chlamydia|s__(Chlamydia),0.13696282,0.287126681,0.236062045,0,0.269933582,0.486960924,0.043790293,0.123828962,0.053441396,0.079699168,0.025938738,0
k__Bacteria|p__Bacteroidetes|c__Bacteroidia|o__Bacteroidales|f__Porphyromonadaceae|g__(Porphyromonadaceae)|s__(Porphyromonadaceae),0.203949744,0.388787799,0.207761969,0.468044692,0.273205504,0.275551481,0.454133938,0.342908994,0.569309318,0.345357917,0.235074319,0.344416378
k__Bacteria|p__Candidatus Melainabacteria|c__(Candidatus Melainabacteria)|o__(Candidatus Melainabacteria)|f__(Candidatus Melainabacteria)|g__(Candidatus Melainabacteria)|s__(Candidatus Melainabacteria),0,0,0,0,0,0.060859826,0,0,0,0.07173028,0,0.060052166
k__Bacteria|p__Tenericutes|c__Mollicutes|o__Mycoplasmatales|f__Mycoplasmataceae|g__Mycoplasma|s__Mycoplasma sp. CAG:776,0,0,0,0.330973689,0,0.10484044,0,0,0,0,0,0.073253044
k__Bacteria|p__Bacteroidetes|c__Flavobacteriia|o__(Flavobacteriia)|f__(Flavobacteriia)|g__(Flavobacteriia)|s__(Flavobacteriia),0,0.002294462,0.000895149,0.001651396,0.001244977,0.001121508,0.002243018,0.001563939,0.002700879,0.001064919,0,0.001358157
k__Bacteria|p__Proteobacteria|c__Epsilonproteobacteria|o__Campylobacterales|f__Helicobacteraceae|g__Helicobacter|s__Helicobacter sp. MIT 03-1616,0.0795653,0.140857316,0.127316905,0.06577803,0,0,0.105910568,0.08229713,0,0.059985302,0.127003101,0
k__Bacteria|p__Chlamydiae|c__Chlamydiia|o__(Chlamydiia)|f__(Chlamydiia)|g__(Chlamydiia)|s__(Chlamydiia),0.000144047,0.000102891,0.000308672,0,6.69E-05,8.75E-05,0.000277805,0.000180059,0.001095785,0.000159481,0.000195492,0
k__Bacteria|p__Tenericutes|c__Mollicutes|o__Anaeroplasmatales|f__Anaeroplasmataceae|g__Anaeroplasma|s__(Anaeroplasma),0,0,0,5.14E-05,0,3.09E-05,0,8.75E-05,0,3.60E-05,0.000267516,6.69E-05
k__Bacteria|p__Firmicutes|c__Clostridia|o__Clostridiales|f__Lachnospiraceae|g__(Lachnospiraceae bacterium 3-1)|s__Lachnospiraceae bacterium 3-1,0.146583091,0,0.115628526,0,0,0,0,0.066673176,0,0.06090103,0.086361286,0
k__Bacteria|p__Bacteroidetes|c__Bacteroidia|o__Bacteroidales|f__Bacteroidaceae|g__Bacteroides|s__Bacteroides caecimuris,0.103672567,0.158065779,0.086896308,0.251752988,0.820187554,0.17843813,0.181669009,0.126365218,0.146547132,0.122012985,0.207725978,0.157129555
k__Bacteria|p__Bacteroidetes|c__Flavobacteriia|o__Flavobacteriales|f__Flavobacteriaceae|g__(Flavobacteriaceae)|s__(Flavobacteriaceae),0,0.097308843,0.057737095,0.09530252,0.100097154,0.079030317,0.104866227,0.075372585,0.133809271,0.071719991,0,0.077872837
k__Bacteria|p__Firmicutes|c__Clostridia|o__Clostridiales|f__Lachnospiraceae|g__(Lachnospiraceae bacterium A4)|s__Lachnospiraceae bacterium A4,4.978191823,0.529542224,1.342332151,0.259361756,0.082060426,0.15403761,0.665538367,1.496185173,0.65883446,1.669191348,2.491116934,1.436380099
k__Bacteria|p__Firmicutes|c__Clostridia|o__Clostridiales|f__Clostridiaceae|g__Clostridium|s__Clostridium sp. ASF356,0.283736258,0,0.272130367,0.115237594,0,0.072620229,0,0,0,0.200544343,0,0
k__Bacteria|p__Actinobacteria <phylum>|c__Actinobacteria|o__Bifidobacteriales|f__(Bifidobacteriales)|g__(Bifidobacteriales)|s__(Bifidobacteriales),0.000246937,0.000241793,0.00011318,0,0.000180059,0.000421852,0.000411563,0.00022636,0.000416707,0.000123469,0,0.000200637
k__Bacteria|p__Firmicutes|c__Clostridia|o__Clostridiales|f__Clostridiaceae|g__Clostridium|s__Clostridium sp. ASF502,0.163225645,0,0.107294382,0,0,0.080836048,0,0.07974544,0,0.100380207,0.140620682,0.074148193
k__Bacteria|p__Spirochaetes|c__Spirochaetia|o__Brachyspirales|f__Brachyspiraceae|g__Brachyspira|s__(Brachyspira),0.558881151,0.380937241,0.461701266,0.635447876,0.150513566,0.184637292,0.312191038,0.204145446,0.064157456,0.36772122,0.364963504,0.448685828
k__Bacteria|p__Actinobacteria <phylum>|c__Actinobacteria|o__Bifidobacteriales|f__Bifidobacteriaceae|g__Bifidobacterium|s__Bifidobacterium pseudolongum,0.137492706,0.109336762,0,0,0.062943346,0.153713504,0.19563128,0.072090372,0.177141662,0,0,0.088167053
k__Bacteria|p__Bacteroidetes|c__Bacteroidia|o__Bacteroidales|f__Rikenellaceae|g__Alistipes|s__Alistipes timonensis,0,0,0,0,0.11909591,0.058009755,0,0,0,0,0,0.090759899
k__Bacteria|p__Firmicutes|c__Clostridia|o__Clostridiales|f__Lachnospiraceae|g__Lachnoclostridium|s__[Clostridium] clostridioforme,0.11331856,0,0.072363002,0,0,0,0,0.063077146,0,0.063056591,0.094042074,0
k__Bacteria|p__Actinobacteria <phylum>|c__Actinobacteria|o__Bifidobacteriales|f__Bifidobacteriaceae|g__(Bifidobacteriaceae)|s__(Bifidobacteriaceae),0.006795924,0.005123955,0.003704064,0,0.003122731,0.007408128,0.008241547,0.004568347,0.007701364,0.003282215,0,0.005427485
k__Bacteria|p__Deferribacteres <phylum>|c__Deferribacteres|o__Deferribacterales|f__Deferribacteraceae|g__(Deferribacteraceae)|s__(Deferribacteraceae),0.00568985,0.006893674,0.026818451,0.008097499,0.004774125,0.010417679,0.019821898,0.02484296,0.003045563,0.033953945,0.02620111,0.011775842
k__Bacteria|p__Bacteroidetes|c__Bacteroidia|o__Bacteroidales|f__Bacteroidaceae|g__Bacteroides|s__Bacteroides uniformis,0.230274303,0.357323834,0.173499378,0.351881081,0.20298779,0.130223566,0.347734639,0.200163576,0.454550248,0.189637925,0.15520029,0.185367911
k__Bacteria|p__Chlamydiae|c__(Chlamydiae)|o__(Chlamydiae)|f__(Chlamydiae)|g__(Chlamydiae)|s__(Chlamydiae),3.09E-05,1.03E-05,6.17E-05,0,2.57E-05,1.54E-05,7.20E-05,0.00011318,1.54E-05,4.63E-05,6.17E-05,0
k__Bacteria|p__Proteobacteria|c__Epsilonproteobacteria|o__Campylobacterales|f__Helicobacteraceae|g__Helicobacter|s__(Helicobacter),2.412907996,5.858764047,3.983669194,2.700474702,0.953060521,1.547871681,3.251753335,2.550218123,1.086936671,2.072003455,5.30254282,1.516907517
k__Bacteria|p__Bacteroidetes|c__Bacteroidia|o__Bacteroidales|f__Tannerellaceae|g__Parabacteroides|s__(Parabacteroides),0.179667563,0.450450172,0.140466331,0.620060571,0.476532833,0.367798104,0.599287029,0.326996947,0.786768676,0.735838569,0.208389623,0.653705866
k__Bacteria|p__Deferribacteres <phylum>|c__Deferribacteres|o__Deferribacterales|f__Deferribacteraceae|g__Mucispirillum|s__Mucispirillum schaedleri,0.324779318,0.422000904,1.696723601,0.506675009,0.292435763,0.686903202,1.295867528,1.646441612,0.198990489,2.20524182,1.725337672,0.697460143
k__Bacteria|p__Proteobacteria|c__Gammaproteobacteria|o__Enterobacterales|f__Enterobacteriaceae|g__(Enterobacteriaceae)|s__(Enterobacteriaceae),0.006723901,0,0.058704267,0.17442033,1.546343357,0,0.014785397,0.01051543,0.011868435,0.017954434,0.009682012,0.012629835
k__Bacteria|p__Bacteroidetes|c__Bacteroidia|o__Bacteroidales|f__Barnesiellaceae|g__Barnesiella|s__(Barnesiella),0.073402153,0.118632933,0,0.086412762,0.098847033,0,0.114244717,0.065309874,0.146557421,0,0,0.081412278
k__Bacteria|p__Bacteroidetes|c__Flavobacteriia|o__Flavobacteriales|f__(Flavobacteriales)|g__(Flavobacteriales)|s__(Flavobacteriales),0,0.00671876,0.003673197,0.007140615,0.006790782,0.005247424,0.006230033,0.005381184,0.008977208,0.005509799,0,0.006410092
k__Bacteria|p__Firmicutes|c__Clostridia|o__Clostridiales|f__Peptostreptococcaceae|g__(Peptostreptococcaceae)|s__(Peptostreptococcaceae),0.060268168,0,0,0.075269698,0,0.037899775,0,0,0,0.069260902,0.077697891,0
k__Bacteria|p__Bacteroidetes|c__Bacteroidia|o__Bacteroidales|f__(Bacteroidales bacterium 43_36)|g__(Bacteroidales bacterium 43_36)|s__Bacteroidales bacterium 43_36,0.1484557,0.1786079,0.085476417,0.257700071,0,0,0.189128587,0.076643285,0.343767901,0.060252818,0.098965393,0
k__Bacteria|p__Actinobacteria <phylum>|c__Actinobacteria|o__Bifidobacteriales|f__Bifidobacteriaceae|g__Bifidobacterium|s__(Bifidobacterium),0.060216723,0.047916181,0.062953651,0,0.030388749,0.070011951,0.08802816,0.040086218,0.078546711,0.062140863,0,0.047298862
k__Bacteria|p__Proteobacteria|c__Alphaproteobacteria|o__Rhodospirillales|f__Rhodospirillaceae|g__(Rhodospirillaceae)|s__(Rhodospirillaceae),0,0,0,0.002742037,0.002721457,0,0,0,0,0.00517026,0,0
k__Bacteria|p__Candidatus Saccharibacteria|c__(Candidatus Saccharibacteria)|o__(Candidatus Saccharibacteria)|f__(Candidatus Saccharibacteria)|g__(Candidatus Saccharibacteria)|s__(Candidatus Saccharibacteria),0,0.152154711,0.066215285,0.172352227,0.159171813,0.445676046,0.089684701,0.24228703,0,0.234770948,0,0.321276256
k__Bacteria|p__Bacteroidetes|c__Bacteroidia|o__Bacteroidales|f__Bacteroidaceae|g__Bacteroides|s__Bacteroides pyogenes,0.079462409,0.206532425,0.144324731,0.172429395,0.254890971,0.16681663,0.172439711,0.099654791,0.277552633,0.125151153,0,0.16831892
k__Bacteria|p__Proteobacteria|c__Alphaproteobacteria|o__Rhodospirillales|f__Acetobacteraceae|g__(Acetobacteraceae)|s__(Acetobacteraceae),0,0,0,0.060664362,0,0.001090641,0,0,0,0,0,0
k__Bacteria|p__Proteobacteria|c__Alphaproteobacteria|o__Rhodospirillales|f__(Rhodospirillales)|g__(Rhodospirillales)|s__(Rhodospirillales),0.063483499,0,0,0.013020819,0.02466803,0.066241008,0,0,0,0.043558795,0,0.065891214
k__Bacteria|p__Firmicutes|c__(Firmicutes bacterium)|o__(Firmicutes bacterium)|f__(Firmicutes bacterium)|g__(Firmicutes bacterium)|s__Firmicutes bacterium,0.071524399,0.073947519,0.127815924,0,0.126776696,0,0.126864264,0.324234331,0.063606991,0.080512005,0.566572631,0.10543726
k__Bacteria|p__Firmicutes|c__Clostridia|o__Clostridiales|f__Lachnospiraceae|g__([Eubacterium] rectale)|s__[Eubacterium] rectale,0.127121334,0,0,0,0,0,0,0,0,0,0,0
k__Bacteria|p__Firmicutes|c__Clostridia|o__Clostridiales|f__Clostridiaceae|g__Candidatus Arthromitus|s__(Candidatus Arthromitus),0,0,0.104485467,0,0,0,0,0,0,0,0,0
k__Bacteria|p__Bacteroidetes|c__Bacteroidia|o__Bacteroidales|f__Bacteroidaceae|g__Bacteroides|s__Bacteroides sp. CAG:709,0,0,0,0,0,0.058580798,0,0,0,0,0,0
k__Bacteria|p__Proteobacteria|c__Alphaproteobacteria|o__Rhodospirillales|f__Acetobacteraceae|g__Acetobacter|s__(Acetobacter),0,0,0,0,0,0.059357623,0,0,0,0,0,0
k__Bacteria|p__(uncultured bacterium BAC25G1)|c__(uncultured bacterium BAC25G1)|o__(uncultured bacterium BAC25G1)|f__(uncultured bacterium BAC25G1)|g__(uncultured bacterium BAC25G1)|s__uncultured bacterium BAC25G1,0,0,0,0,0,0,0,0,0.068288515,0,0,0
k__Bacteria|p__Firmicutes|c__Clostridia|o__Clostridiales|f__Lachnospiraceae|g__Kineothrix|s__Kineothrix alysoides,0,0,0,0,0,0,0,0,0,0.065078394,0,0
k__Bacteria|p__Bacteroidetes|c__Bacteroidia|o__Bacteroidales|f__(Bacteroidales bacterium WCE2008)|g__(Bacteroidales bacterium WCE2008)|s__Bacteroidales bacterium WCE2008,0,0,0,0.066848094,0,0,0,0,0,0,0,0
k__Bacteria|p__Bacteroidetes|c__Bacteroidia|o__Bacteroidales|f__Rikenellaceae|g__Alistipes|s__Alistipes senegalensis,0,0,0,0,0,0,0,0.08135568,0,0,0,0
k__Bacteria|p__Bacteroidetes|c__Bacteroidia|o__Bacteroidales|f__Rikenellaceae|g__Alistipes|s__Alistipes ihumii,0,0,0,0,0,0,0,0.139982803,0,0,0,0
k__Bacteria|p__Bacteroidetes|c__Bacteroidia|o__Bacteroidales|f__Bacteroidaceae|g__Bacteroides|s__Bacteroides xylanisolvens,0,0,0,0,0.112130214,0,0,0,0,0,0,0
k__Bacteria|p__Bacteroidetes|c__Bacteroidia|o__Bacteroidales|f__Bacteroidaceae|g__Bacteroides|s__Bacteroides ovatus,0,0,0,0,0.118596891,0,0,0,0,0,0,0
k__Bacteria|p__Firmicutes|c__Bacilli|o__Bacillales|f__Paenibacillaceae|g__(Paenibacillaceae)|s__(Paenibacillaceae),0,0,0,0,0,0,0,0,0,0,0.0621614,0
k__Bacteria|p__Bacteroidetes|c__Bacteroidia|o__Bacteroidales|f__Bacteroidaceae|g__Bacteroides|s__Bacteroides sp. CAG:545,0,0,0,0.073716049,0,0,0,0,0,0,0,0
k__Bacteria|p__Firmicutes|c__Erysipelotrichia|o__Erysipelotrichales|f__Erysipelotrichaceae|g__Turicibacter|s__Turicibacter sanguinis,0,0,0,0.06489317,0,0,0,0,0,0,0,0
k__Bacteria|p__Bacteroidetes|c__Bacteroidia|o__Bacteroidales|f__Bacteroidaceae|g__Bacteroides|s__Bacteroides salyersiae,0,0,0,0,0.199072801,0,0,0,0,0,0,0
k__Bacteria|p__Bacteroidetes|c__Bacteroidia|o__Bacteroidales|f__Rikenellaceae|g__Alistipes|s__Alistipes finegoldii,0,0,0,0,0,0,0,0.071617075,0,0,0,0
k__Bacteria|p__Proteobacteria|c__Epsilonproteobacteria|o__Campylobacterales|f__Helicobacteraceae|g__Helicobacter|s__Helicobacter hepaticus,0,0,0,0,0,0,0,0,0,0,0.129606235,0
k__Bacteria|p__Firmicutes|c__Clostridia|o__Clostridiales|f__Peptostreptococcaceae|g__Romboutsia|s__(Romboutsia),0,0,0,0,0,0.083881612,0,0,0,0,0,0
k__Bacteria|p__Proteobacteria|c__(Proteobacteria bacterium CAG:495)|o__(Proteobacteria bacterium CAG:495)|f__(Proteobacteria bacterium CAG:495)|g__(Proteobacteria bacterium CAG:495)|s__Proteobacteria bacterium CAG:495,0,0,0,0,0,0,0,0,0,0.060047037,0,0
k__Bacteria|p__Firmicutes|c__(Firmicutes bacterium M10-2)|o__(Firmicutes bacterium M10-2)|f__(Firmicutes bacterium M10-2)|g__(Firmicutes bacterium M10-2)|s__Firmicutes bacterium M10-2,0,0,0,0,0,0,0,0,0,0,0,0.068329724
k__Bacteria|p__Firmicutes|c__Clostridia|o__Clostridiales|f__Lachnospiraceae|g__Roseburia|s__Roseburia sp. CAG:309,0.075542277,0,0,0,0,0,0,0,0,0,0,0
k__Bacteria|p__Proteobacteria|c__Epsilonproteobacteria|o__Campylobacterales|f__Helicobacteraceae|g__Helicobacter|s__Helicobacter marmotae,0,0.09249356,0,0,0,0,0,0,0,0,0,0
k__Bacteria|p__Proteobacteria|c__Gammaproteobacteria|o__Enterobacterales|f__Enterobacteriaceae|g__Escherichia|s__(Escherichia),0,0,0,0,0.06301537,0,0,0,0,0,0,0
k__Bacteria|p__Bacteroidetes|c__Bacteroidia|o__Bacteroidales|f__Prevotellaceae|g__Paraprevotella|s__Paraprevotella clara,0,0,0,0.101357638,0,0,0,0,0,0,0,0
k__Bacteria|p__Bacteroidetes|c__Bacteroidia|o__Bacteroidales|f__Odoribacteraceae|g__Odoribacter|s__Odoribacter laneus,0,0,0,0.058668282,0,0,0,0,0,0,0,0
k__Bacteria|p__Firmicutes|c__Bacilli|o__Lactobacillales|f__Streptococcaceae|g__Streptococcus|s__(Streptococcus),0,0,0.069903916,0,0,0,0,0,0,0,0,0
k__Bacteria|p__Firmicutes|c__Clostridia|o__Clostridiales|f__Clostridiaceae|g__Clostridium|s__Clostridium sp. CAG:510,0,0,0,0,0,0.060453408,0,0,0,0,0,0
k__Bacteria|p__Firmicutes|c__Clostridia|o__Clostridiales|f__Clostridiaceae|g__Clostridium|s__Clostridium sp. CAG:253,0,0,0.082883573,0,0,0,0,0,0,0,0,0
k__Bacteria|p__Bacteroidetes|c__Bacteroidia|o__Bacteroidales|f__Rikenellaceae|g__Alistipes|s__Alistipes indistinctus,0,0,0,0.118741023,0,0,0,0,0,0,0,0
k__Bacteria|p__Firmicutes|c__Clostridia|o__Clostridiales|f__Lachnospiraceae|g__Blautia|s__[Ruminococcus] gnavus,0,0,0,0,0,0,0,0,0,0,0.060978157,0
k__Bacteria|p__Firmicutes|c__Bacilli|o__Lactobacillales|f__Streptococcaceae|g__(Streptococcaceae)|s__(Streptococcaceae),0,0,0.00115752,0,0,0,0,0,0,0,0,0
k__Bacteria|p__Firmicutes|c__Clostridia|o__Clostridiales|f__Clostridiaceae|g__Clostridium|s__Clostridium sp. CAG:590,0,0,0.115047193,0,0,0,0,0,0,0,0,0
k__Bacteria|p__Proteobacteria|c__Epsilonproteobacteria|o__Campylobacterales|f__Helicobacteraceae|g__Helicobacter|s__Helicobacter apodemus,0,0,0,0.421239709,0,0,0,0,0,0,0,0
k__Bacteria|p__Bacteroidetes|c__Bacteroidia|o__Bacteroidales|f__Porphyromonadaceae|g__Porphyromonas|s__Porphyromonas gingivicanis,0,0,0,0,0.139349932,0,0,0,0,0,0,0
k__Bacteria|p__Proteobacteria|c__Gammaproteobacteria|o__Enterobacterales|f__Enterobacteriaceae|g__Escherichia|s__Escherichia coli,0,0,0,0,0.712635973,0,0,0,0,0,0,0
k__Bacteria|p__Actinobacteria <phylum>|c__Actinobacteria|o__(Actinobacteria)|f__(Actinobacteria)|g__(Actinobacteria)|s__(Actinobacteria),0.051409287,0.058153802,0.033892184,0.087904678,0.039283645,0.062506077,0.078726838,0.058868916,0.084853907,0.045359383,0.092262066,0.063833399
k__Bacteria|p__Proteobacteria|c__Alphaproteobacteria|o__Rhodospirillales|f__Rhodospirillaceae|g__Azospirillum|s__(Azospirillum),0,0,0,0.074729522,0.095230427,0,0,0,0,0.192287361,0,0
k__Bacteria|p__Proteobacteria|c__Epsilonproteobacteria|o__Campylobacterales|f__(Campylobacterales)|g__(Campylobacterales)|s__(Campylobacterales),0.091186793,0.261573785,0.144304153,0.128253269,0.04663518,0.059054095,0.12291326,0.099011724,0.039746652,0.087277071,0.229873195,0.056780241
k__Bacteria|p__Proteobacteria|c__(Proteobacteria)|o__(Proteobacteria)|f__(Proteobacteria)|g__(Proteobacteria)|s__(Proteobacteria),0.25224659,0.382650371,0.199968001,0.387002825,0.360256126,0.279651674,0.550948966,0.323920514,0.426677175,0.749883155,0.219398925,0.437249525
k__Bacteria|p__Firmicutes|c__Clostridia|o__Clostridiales|f__Lachnospiraceae|g__(Lachnospiraceae bacterium 28-4)|s__Lachnospiraceae bacterium 28-4,0.180578144,0.151501355,0.188289911,0.121637397,0,0.251716859,0.2154326,0.210787041,0,0.227409116,0.377485298,0.163122939
k__Bacteria|p__Proteobacteria|c__Epsilonproteobacteria|o__(Epsilonproteobacteria)|f__(Epsilonproteobacteria)|g__(Epsilonproteobacteria)|s__(Epsilonproteobacteria),0.010932126,0.032955879,0.017599448,0.015958349,0.005921356,0.007372116,0.014939733,0.011775841,0.004712391,0.010412543,0.029128349,0.007017147
k__Bacteria|p__Proteobacteria|c__Epsilonproteobacteria|o__Campylobacterales|f__Helicobacteraceae|g__Helicobacter|s__Helicobacter ganmani,0,0,0,0,0.093594466,0,0,0,0,0,0.705156078,0
k__Bacteria|p__Chlamydiae|c__Chlamydiia|o__Chlamydiales|f__Chlamydiaceae|g__(Chlamydiaceae)|s__(Chlamydiaceae),1.54E-05,5.14E-06,3.60E-05,0,0.000108035,0.000108035,2.57E-05,5.66E-05,1.54E-05,7.20E-05,0.000190348,0
k__Bacteria|p__Firmicutes|c__Erysipelotrichia|o__Erysipelotrichales|f__Erysipelotrichaceae|g__Faecalibaculum|s__Faecalibaculum rodentium,0,0,0,0.226904881,0,0,0.193542599,0,0.190769527,0.10056541,0,0.241700578
k__Bacteria|p__Firmicutes|c__Bacilli|o__Lactobacillales|f__(Lactobacillales)|g__(Lactobacillales)|s__(Lactobacillales),0.075372508,0.060808381,0.03526063,0.054115369,0.045009508,0.091094247,0.039916457,0.056481852,0.041269434,0.052649192,0.063267474,0.109748381
k__Bacteria|p__Bacteroidetes|c__Bacteroidia|o__Bacteroidales|f__Prevotellaceae|g__Prevotella|s__Prevotella copri,0,0.131638313,0.098193703,0.119342934,0.137662525,0.098486941,0.062578139,0.065716293,0.080686836,0.080630329,0,0.114208693
k__Bacteria|p__Proteobacteria|c__Gammaproteobacteria|o__(Gammaproteobacteria)|f__(Gammaproteobacteria)|g__(Gammaproteobacteria)|s__(Gammaproteobacteria),0.062752976,0.089947016,0.088197875,0.061003902,0.116328152,0.132615774,0.101969853,0.093702564,0.076118492,0.092190104,0.074220186,0.074215072
k__Bacteria|p__Proteobacteria|c__Epsilonproteobacteria|o__Campylobacterales|f__Helicobacteraceae|g__(Helicobacteraceae)|s__(Helicobacteraceae),0.01953378,0.05520084,0.03156171,0.030486517,0.010993864,0.012475493,0.025928463,0.020048254,0.007701364,0.016241303,0.063910541,0.01163694
k__Bacteria|p__Firmicutes|c__(Firmicutes bacterium CAG:475)|o__(Firmicutes bacterium CAG:475)|f__(Firmicutes bacterium CAG:475)|g__(Firmicutes bacterium CAG:475)|s__Firmicutes bacterium CAG:475,0,0,0,0,0,0,0,0.064785132,0,0,0,0.097648433
k__Bacteria|p__Bacteroidetes|c__Bacteroidia|o__Bacteroidales|f__Tannerellaceae|g__Parabacteroides|s__Parabacteroides distasonis,0.092761019,0.144623114,0.063056542,0.386755887,0.127023634,0.094273569,0.165947306,0.095961015,0.217490225,0.116590643,0.075604066,0.185120974
k__Bacteria|p__Firmicutes|c__Clostridia|o__Clostridiales|f__Eubacteriaceae|g__Eubacterium|s__Eubacterium sp. 14-2,0.085574111,0,0,0,0,0,0,0,0,0,0.064219213,0
k__Bacteria|p__Firmicutes|c__Bacilli|o__Lactobacillales|f__Lactobacillaceae|g__Lactobacillus|s__Lactobacillus murinus,0,0.072198377,0,0,0.093388685,0,0,0,0,0,0,0
k__Bacteria|p__Firmicutes|c__Clostridia|o__Clostridiales|f__(Pseudoflavonifractor)|g__Pseudoflavonifractor|s__Pseudoflavonifractor sp. Marseille-P3106,0,0,0,0,0,0.056790501,0,0.070804238,0,0,0,0
k__Bacteria|p__Firmicutes|c__Clostridia|o__Clostridiales|f__Eubacteriaceae|g__Eubacterium|s__Eubacterium sp. CAG:786,0,0,0,0,0,0.077409789,0,0,0,0.062938266,0,0
k__Bacteria|p__Firmicutes|c__Clostridia|o__Clostridiales|f__Ruminococcaceae|g__Ruminiclostridium|s__(Ruminiclostridium),0,0,0,0.074209924,0,0.017887542,0,0.083994826,0,0.028763107,0.037421338,0.022975497
k__Bacteria|p__Firmicutes|c__Clostridia|o__Clostridiales|f__Clostridiaceae|g__Hungatella|s__(Hungatella),0.069888439,0,0,0,0,0,0,0,0,0,0.062279724,0
k__Bacteria|p__Tenericutes|c__Mollicutes|o__Mycoplasmatales|f__(Mycoplasmatales)|g__(Mycoplasmatales)|s__(Mycoplasmatales),0,0,0,0,0,5.14E-06,0,0,0,0,0,5.14E-06
k__Bacteria|p__Firmicutes|c__Clostridia|o__Clostridiales|f__Lachnospiraceae|g__Dorea|s__(Dorea),0.048183667,0.014559029,0.041526671,0,0,0.062567811,0.018242526,0.023850065,0.013921103,0.043954925,0.048307171,0.023978681
k__Bacteria|p__Tenericutes|c__Mollicutes|o__(Mollicutes)|f__(Mollicutes)|g__(Mollicutes)|s__(Mollicutes),0,0.071385541,0,0.019765305,0.025949018,0.01454874,0.079699156,0.078227802,0,0.036104361,0.069317446,0.02093826
k__Bacteria|p__Proteobacteria|c__Betaproteobacteria|o__Burkholderiales|f__Sutterellaceae|g__(Sutterellaceae)|s__(Sutterellaceae),0,0.076092789,0,0,0,0,0.060834141,0,0.06437867,0,0,0.101321631
k__Bacteria|p__Bacteroidetes|c__Bacteroidia|o__Bacteroidales|f__(Bacteroidales bacterium 52_46)|g__(Bacteroidales bacterium 52_46)|s__Bacteroidales bacterium 52_46,1.362837418,1.472761498,0.787941832,2.026087836,0.41162942,0.208219832,0.765517285,0.413008431,1.706960783,0.491534793,0.770465932,0.448001605
k__Bacteria|p__(uncultured bacterium BAC10G6)|c__(uncultured bacterium BAC10G6)|o__(uncultured bacterium BAC10G6)|f__(uncultured bacterium BAC10G6)|g__(uncultured bacterium BAC10G6)|s__uncultured bacterium BAC10G6,0,0.069204259,0,0,0.076056758,0,0,0,0.11140998,0,0,0
k__Bacteria|p__Proteobacteria|c__Gammaproteobacteria|o__Enterobacterales|f__(Enterobacterales)|g__(Enterobacterales)|s__(Enterobacterales),0.006039678,0.063010241,0.007171479,0.010422829,0.074919816,0,0.010628612,0.011863298,0.009949524,0.012228565,0.010181032,0.01224914
k__Bacteria|p__Bacteroidetes|c__Bacteroidia|o__Bacteroidales|f__Prevotellaceae|g__Paraprevotella|s__Paraprevotella xylaniphila,0,0,0,0.103291983,0,0,0,0,0.068149612,0.073818962,0,0