,Sample_ID,Control_327,Control_328,Control_330,DSS_334,DSS_339,DSS_treatedp,D_Control,D_DSS,D_RCE,D_RCE_plus_DSS,RCE_318,RCE_319,RCE_322,RCE_plus_DSS_301,RCE_plus_DSS_305,RCE_plus_DSS_313,Start
0,UNINTEGRATED|g__Anaerotruncus.s__Anaerotruncus_sp_G3_2012,2209.72,806.961,1466.14,0.0,0.0,0.0,1150.94,0.0,0.0,0.0,0.0,0.0,0.0,0.0,0.0,0.0,1459.16
1,UNINTEGRATED|g__Bacteroides.s__Bacteroides_caecimuris,1457.06,2931.06,1888.64,14091.3,38722.9,7306.65,5068.93,32309.7,9277.03,34711.4,5342.99,4583.26,2888.89,6105.4,10933.4,7245.98,3842.75
2,UNINTEGRATED|g__Clostridium.s__Clostridium_sp_ASF502,3491.23,1568.85,1059.07,0.0,0.0,1383.94,0.0,1095.98,0.0,1910.46,0.0,0.0,0.0,3769.15,4259.54,0.0,0.0
3,UNINTEGRATED|g__Dorea.s__Dorea_sp_5_2,4201.0,5367.55,4113.87,0.0,0.0,0.0,1495.06,0.0,0.0,447.688,0.0,1660.43,3252.7,1869.83,3068.41,0.0,0.0
4,UNINTEGRATED|g__Lactobacillus.s__Lactobacillus_intestinalis,1127.22,697.283,251.356,0.0,0.0,0.0,97.4205,0.0,10.7052,0.0,0.0,26.0304,0.0,0.0,0.0,0.0,0.0
5,UNINTEGRATED|g__Lactobacillus.s__Lactobacillus_johnsonii,7309.85,6375.8,5098.49,0.0,1429.92,0.0,6046.28,888.253,7052.54,1491.48,5843.17,5292.04,5961.54,1517.43,6349.49,0.0,5606.34
6,UNINTEGRATED|g__Muribaculaceae_unclassified.s__Muribaculaceae_bacterium_DSM_103720,17695.8,14357.9,8500.01,0.0,0.0,0.0,11795.8,0.0,18907.6,0.0,10063.9,7631.32,12925.0,0.0,0.0,0.0,17004.9
7,1CMET2-PWY: N10-formyl-tetrahydrofolate biosynthesis|g__Muribaculaceae_unclassified.s__Muribaculaceae_bacterium_DSM_103720,18.3168,12.3571,9.2047,0.0,0.0,0.0,9.73242,0.0,10.785,0.0,6.29345,5.00173,3.92473,0.0,0.0,0.0,11.9293
8,ANAGLYCOLYSIS-PWY: glycolysis III (from glucose)|g__Lactobacillus.s__Lactobacillus_reuteri,1.47275,1.17808,0.698876,0.0,0.0,0.0,0.0,1.07641,0.0,0.678064,0.0,0.0,0.0,0.0,0.0,0.0,0.0
9,ARGININE-SYN4-PWY: L-ornithine de novo  biosynthesis,5.28652,10.9732,6.5117,54.0077,62.6993,42.6102,30.0574,78.3483,55.1255,84.9582,16.1335,10.1251,9.88906,36.4193,29.4126,44.0348,25.3009
10,ARGININE-SYN4-PWY: L-ornithine de novo  biosynthesis|g__Bacteroides.s__Bacteroides_sartorii,0.921365,0.644967,0.0,15.1731,7.08763,6.57162,2.68653,18.6528,9.85983,10.3057,3.24673,0.0,0.696214,6.06697,3.61487,5.266,3.32449
11,ARO-PWY: chorismate biosynthesis I|g__Helicobacter.s__Helicobacter_typhlonius,23.9484,39.7981,29.5293,0.0,0.0,13.5447,41.9567,0.0,0.0,0.0,0.0,0.0,0.0,0.0,0.0,16.4624,0.0
12,BIOTIN-BIOSYNTHESIS-PWY: biotin biosynthesis I,1.75258,0.0,1.38835,32.7638,73.6138,13.8378,3.95576,31.6814,0.0,16.4184,4.23837,7.00946,2.06185,11.2141,12.2513,11.9427,5.58527
13,BRANCHED-CHAIN-AA-SYN-PWY: superpathway of branched amino acid biosynthesis|g__Bacteroides.s__Bacteroides_caecimuris,0.891938,2.78822,1.66418,14.6291,45.4632,9.69572,4.68676,36.6131,8.5153,42.1805,4.10741,3.52638,1.32062,6.17922,12.175,8.72785,3.8486
14,COA-PWY-1: coenzyme A biosynthesis II (mammalian)|g__Anaerotruncus.s__Anaerotruncus_sp_G3_2012,0.898834,0.368005,1.05907,0.0,0.0,0.0,0.680264,0.0,0.0,0.0,0.0,0.0,0.0,0.0,0.0,0.0,0.398182
15,COA-PWY-1: coenzyme A biosynthesis II (mammalian)|g__Bacteroides.s__Bacteroides_caecimuris,0.433553,1.30691,1.23267,10.8379,36.3473,7.79892,4.19283,28.3899,5.24278,34.6415,2.72552,2.56779,1.13086,5.14323,9.51939,6.63307,3.32788
16,COA-PWY-1: coenzyme A biosynthesis II (mammalian)|g__Bacteroides.s__Bacteroides_sartorii,0.670867,0.520035,0.0,15.2884,8.07747,6.5958,2.8638,15.3297,10.5449,9.33564,3.28812,0.0,0.742483,5.24566,3.39993,6.71368,2.60988
17,COA-PWY-1: coenzyme A biosynthesis II (mammalian)|g__Lactobacillus.s__Lactobacillus_intestinalis,3.35966,2.04863,0.77515,0.0,0.0,0.0,0.0,0.0,0.0,0.0,0.0,0.0,0.0,0.0,0.0,0.0,0.0
18,COA-PWY-1: coenzyme A biosynthesis II (mammalian)|g__Muribaculaceae_unclassified.s__Muribaculaceae_bacterium_DSM_103720,19.641,13.4342,9.76784,0.0,0.0,0.0,12.5554,0.0,12.8,0.0,5.18661,4.52987,3.23081,0.0,0.0,0.0,13.2558
19,COA-PWY: coenzyme A biosynthesis I|g__Anaerotruncus.s__Anaerotruncus_sp_G3_2012,0.811078,0.303095,0.94298,0.0,0.0,0.0,0.678175,0.0,0.0,0.0,0.0,0.0,0.0,0.0,0.0,0.0,0.395625
20,COA-PWY: coenzyme A biosynthesis I|g__Bacteroides.s__Bacteroides_caecimuris,0.0,0.954822,0.862634,10.2268,34.4948,4.66861,3.32567,28.5932,5.06459,29.3154,2.65553,2.34668,0.989424,3.96576,9.51939,4.04068,2.60812
21,COA-PWY: coenzyme A biosynthesis I|g__Bacteroides.s__Bacteroides_sartorii,0.546152,0.760625,0.0,14.2131,8.07747,5.81998,2.4492,14.6256,10.3,9.08738,3.24953,0.0,0.568396,5.04867,3.5748,6.36748,2.63222
22,COA-PWY: coenzyme A biosynthesis I|g__Lactobacillus.s__Lactobacillus_intestinalis,2.88603,1.76531,0.762059,0.0,0.0,0.0,0.0,0.0,0.0,0.0,0.0,0.0,0.0,0.0,0.0,0.0,0.0
23,COA-PWY: coenzyme A biosynthesis I|g__Muribaculaceae_unclassified.s__Muribaculaceae_bacterium_DSM_103720,17.0158,12.7819,7.85526,0.0,0.0,0.0,12.2384,0.0,11.5917,0.0,4.23888,4.3874,2.64768,0.0,0.0,0.0,13.2558
24,COMPLETE-ARO-PWY: superpathway of aromatic amino acid biosynthesis|g__Helicobacter.s__Helicobacter_typhlonius,24.0815,40.3744,29.7769,0.0,0.0,13.7027,42.732,0.0,0.0,0.0,0.0,0.0,0.0,0.0,0.0,16.6406,0.0
25,DTDPRHAMSYN-PWY: dTDP-L-rhamnose biosynthesis I|g__Alistipes.s__Alistipes_timonensis,0.0,0.0,0.0,2.47268,6.67773,1.73748,0.0,3.23666,1.57166,5.036,0.948658,0.663407,1.32683,0.829295,2.49356,7.18997,1.28529
26,DTDPRHAMSYN-PWY: dTDP-L-rhamnose biosynthesis I|g__Anaerotruncus.s__Anaerotruncus_sp_G3_2012,1.78352,0.633268,1.18909,0.0,0.0,0.0,0.677952,0.0,0.0,0.0,0.0,0.0,0.0,0.0,0.0,0.0,0.0
27,DTDPRHAMSYN-PWY: dTDP-L-rhamnose biosynthesis I|g__Bacteroides.s__Bacteroides_sartorii,0.676904,0.0,0.0,13.1064,6.73061,6.18145,2.41197,14.8613,10.0914,9.22792,3.14677,0.0,0.519891,5.01581,3.33006,7.09575,3.65362
28,DTDPRHAMSYN-PWY: dTDP-L-rhamnose biosynthesis I|g__Lactobacillus.s__Lactobacillus_reuteri,0.930179,0.554357,0.809935,0.0,0.0,0.0,0.0,0.94439,0.709414,0.560506,0.0,0.0,0.0,0.568107,0.0,0.0,0.0
29,DTDPRHAMSYN-PWY: dTDP-L-rhamnose biosynthesis I|g__Muribaculaceae_unclassified.s__Muribaculaceae_bacterium_DSM_103720,18.5679,10.8559,8.88081,0.0,0.0,0.0,9.49931,0.0,12.8311,0.0,5.95267,5.04995,4.0245,0.0,0.0,0.0,10.722
30,FASYN-ELONG-PWY: fatty acid elongation -- saturated,1.51818,0.0,0.99417,31.9112,82.4008,12.8677,3.44942,30.669,0.0,14.741,3.27046,5.97726,1.32157,10.1478,60.0262,10.9224,4.41424
31,FASYN-ELONG-PWY: fatty acid elongation -- saturated|unclassified,1.50901,0.0,0.986982,29.2334,17.0444,12.1003,3.39374,17.9825,0.0,11.3562,3.2015,5.88418,1.31428,9.87074,10.4754,10.5378,4.31322
32,FASYN-INITIAL-PWY: superpathway of fatty acid biosynthesis initiation (E. coli),0.95246,0.0,0.623265,20.768,61.2858,8.24588,2.1668,20.0962,0.0,9.38775,2.0549,3.76117,0.828349,6.4477,7.01527,6.95445,2.77971
33,FASYN-INITIAL-PWY: superpathway of fatty acid biosynthesis initiation (E. coli)|unclassified,0.950826,0.0,0.622004,20.0314,12.4449,8.08486,2.14832,12.0397,0.0,7.44114,2.03111,3.7228,0.826106,6.38417,6.84994,6.88726,2.75394
34,GLUDEG-I-PWY: GABA shunt|g__Lactobacillus.s__Lactobacillus_reuteri,1.76777,1.2082,0.714957,0.0,0.0,0.0,0.388913,1.34668,0.489022,0.352929,0.0,0.0,0.0,0.573173,0.0,0.0,0.0
35,GLYCOLYSIS-E-D: superpathway of glycolysis and Entner-Doudoroff|unclassified,4.68754,4.5908,4.66159,9.42316,8.94371,8.73242,12.2621,19.3645,23.7457,28.3195,5.88218,6.40421,7.92507,17.35,8.90047,15.5044,10.5121
36,HISDEG-PWY: L-histidine degradation I,63.9674,70.1969,35.6924,201.683,117.255,118.201,69.0347,139.436,126.286,127.249,84.2698,90.9466,98.8334,128.424,85.0879,133.453,86.2817
37,HISDEG-PWY: L-histidine degradation I|g__Alistipes.s__Alistipes_timonensis,0.0,0.0,0.0,1.34607,4.7621,1.78902,0.0,2.31555,0.775389,3.91321,1.41966,1.27331,0.938215,0.999255,1.1563,3.57696,0.0
38,HISDEG-PWY: L-histidine degradation I|g__Bacteroides.s__Bacteroides_sartorii,0.739954,0.387946,0.0,14.3061,7.32289,6.36631,2.69659,14.7993,9.81327,9.4286,2.43946,0.0,0.934734,6.01195,3.43945,6.11689,3.79333
39,HISDEG-PWY: L-histidine degradation I|g__Muribaculaceae_unclassified.s__Muribaculaceae_bacterium_DSM_103720,19.2422,12.5247,9.47265,0.0,0.0,0.0,10.2108,0.0,10.9638,0.0,5.84304,4.36906,4.01767,0.0,0.0,0.0,12.2191
40,HISDEG-PWY: L-histidine degradation I|unclassified,39.3553,53.0066,23.3566,174.879,102.191,105.989,49.6434,112.696,96.7936,108.39,69.1369,81.9566,86.8934,109.108,69.0799,117.494,64.1572
41,HISTSYN-PWY: L-histidine biosynthesis|g__Bacteroides.s__Bacteroides_sartorii,0.444962,0.0,0.0,12.2181,6.48516,4.35396,2.39982,13.2938,8.38691,7.63689,2.83379,0.0,0.889065,4.90236,2.40995,6.08293,2.76092
42,HISTSYN-PWY: L-histidine biosynthesis|g__Muribaculaceae_unclassified.s__Muribaculaceae_bacterium_DSM_103720,16.5811,11.1978,8.3857,0.0,0.0,0.0,9.42924,0.0,11.3187,0.0,4.95134,4.52285,3.27157,0.0,0.0,0.0,10.6991
43,HSERMETANA-PWY: L-methionine biosynthesis III|g__Muribaculaceae_unclassified.s__Muribaculaceae_bacterium_DSM_103720,21.6535,13.165,10.042,0.0,0.0,0.0,10.231,0.0,11.7542,0.0,5.49481,5.2968,3.90006,0.0,0.0,0.0,12.0296
44,LACTOSECAT-PWY: lactose and galactose degradation I|g__Lactobacillus.s__Lactobacillus_johnsonii,4.63191,3.78337,1.66378,0.0,0.0,0.0,0.973046,0.843225,3.93401,0.768732,0.785388,1.62221,1.79398,1.67918,0.595703,0.0,1.16536
45,P164-PWY: purine nucleobases degradation I (anaerobic),13.517,6.08764,6.99074,33.4455,39.8216,27.733,9.7698,34.5814,12.0437,50.8212,7.21546,9.18829,3.93465,14.8453,18.9901,26.8891,11.0401
46,P185-PWY: formaldehyde assimilation III (dihydroxyacetone cycle),1.02883,1.19278,1.04881,10.5463,4.67502,4.61524,2.79123,3.7768,1.27958,4.97028,0.901688,2.27834,2.16112,4.26001,4.65082,5.63682,1.57913
47,P185-PWY: formaldehyde assimilation III (dihydroxyacetone cycle)|unclassified,1.02719,1.18771,1.04574,10.2649,4.6108,4.57282,2.76223,3.73593,1.27436,4.91868,0.898807,2.27111,2.15142,4.23846,4.61449,5.60379,1.57099
48,PANTO-PWY: phosphopantothenate biosynthesis I|g__Bacteroides.s__Bacteroides_caecimuris,0.946579,2.01349,2.04512,11.4979,36.8537,10.2595,5.1916,27.2931,6.80011,37.1246,2.37957,2.75467,1.79826,7.23496,9.61951,7.78094,3.98292
49,PANTO-PWY: phosphopantothenate biosynthesis I|g__Muribaculaceae_unclassified.s__Muribaculaceae_bacterium_DSM_103720,19.198,12.056,10.0623,0.0,0.0,0.0,10.2492,0.0,11.7783,0.0,6.24187,4.74969,4.82742,0.0,0.0,0.0,11.7408
50,PANTOSYN-PWY: pantothenate and coenzyme A biosynthesis I|g__Bacteroides.s__Bacteroides_caecimuris,0.0,1.31251,1.17061,11.2961,36.6581,6.91743,4.10787,28.2752,5.77416,32.7912,2.63524,2.55086,1.08343,5.28902,9.78397,5.53237,3.14136
51,PANTOSYN-PWY: pantothenate and coenzyme A biosynthesis I|g__Bacteroides.s__Bacteroides_sartorii,0.636357,0.462236,0.0,14.2043,7.79399,6.45367,2.47497,15.3152,9.32228,8.99004,2.58374,0.0,0.716499,4.94357,3.36262,6.55485,3.14974
52,PANTOSYN-PWY: pantothenate and coenzyme A biosynthesis I|g__Muribaculaceae_unclassified.s__Muribaculaceae_bacterium_DSM_103720,18.1504,12.3501,8.71218,0.0,0.0,0.0,11.2327,0.0,10.9474,0.0,4.88558,4.23263,3.26104,0.0,0.0,0.0,11.7896
53,PENTOSE-P-PWY: pentose phosphate pathway|unclassified,2.4961,2.29882,2.90971,5.85153,5.04399,4.86098,6.68943,12.369,11.6045,19.4471,3.37911,3.35906,4.66526,12.5331,9.66637,9.60195,5.72034
54,PEPTIDOGLYCANSYN-PWY: peptidoglycan biosynthesis I (meso-diaminopimelate containing)|g__Anaerotruncus.s__Anaerotruncus_sp_G3_2012,0.859551,0.40272,0.92726,0.0,0.0,0.0,0.0,0.0,0.0,0.0,0.0,0.0,0.0,0.0,0.0,0.0,0.0
55,PEPTIDOGLYCANSYN-PWY: peptidoglycan biosynthesis I (meso-diaminopimelate containing)|g__Lactobacillus.s__Lactobacillus_intestinalis,2.81392,1.77089,0.644822,0.0,0.0,0.0,0.0,0.0,0.0,0.0,0.0,0.0,0.0,0.0,0.0,0.0,0.0
56,PEPTIDOGLYCANSYN-PWY: peptidoglycan biosynthesis I (meso-diaminopimelate containing)|g__Lactobacillus.s__Lactobacillus_reuteri,1.72673,1.3045,0.892631,0.0,0.0,0.0,0.585276,0.0,0.0,0.608531,0.0,0.0,0.0,0.674412,0.0,0.0,0.0
57,PWY-1042: glycolysis IV (plant cytosol)|g__Alistipes.s__Alistipes_timonensis,0.0,0.0,0.0,1.39395,5.84415,1.31418,0.0,3.14454,1.08919,5.09364,1.67175,1.2141,1.32909,0.892358,1.47699,5.40757,0.92194
58,PWY-1042: glycolysis IV (plant cytosol)|g__Lactobacillus.s__Lactobacillus_intestinalis,3.02586,1.60851,0.707297,0.0,0.0,0.0,0.0,0.0,0.0,0.0,0.0,0.0,0.0,0.0,0.0,0.0,0.0
59,PWY-2941: L-lysine biosynthesis II|g__Lactobacillus.s__Lactobacillus_reuteri,1.06011,1.04171,1.07132,0.0,0.0,0.0,0.0,0.969668,0.0,0.517341,0.0,0.0,0.0,0.0,0.0,0.0,0.0
60,PWY-2942: L-lysine biosynthesis III|g__Bacteroides.s__Bacteroides_caecimuris,0.486164,2.12969,1.32302,12.8215,37.3656,11.1499,5.04319,26.5685,6.32598,32.8938,2.74182,2.72217,1.54752,7.2367,10.5806,11.7144,4.09703
61,PWY-2942: L-lysine biosynthesis III|g__Bacteroides.s__Bacteroides_sartorii,0.435565,0.0,0.0,11.9951,6.95016,5.46502,2.19845,13.7041,9.1834,9.19629,2.68077,0.0,0.0,4.76933,2.68073,5.80274,3.4275
62,PWY-2942: L-lysine biosynthesis III|g__Lactobacillus.s__Lactobacillus_johnsonii,3.20666,1.84306,0.951612,0.0,0.0,0.0,0.728879,0.0,1.48625,0.379729,0.0,0.48399,0.849169,0.603724,0.0,0.0,0.78083
63,PWY-2942: L-lysine biosynthesis III|g__Lactobacillus.s__Lactobacillus_reuteri,0.986745,0.892823,1.0718,0.0,0.0,0.0,0.0,1.20657,0.0,0.0,0.0,0.0,0.0,0.0,0.0,0.0,0.0
64,PWY-3841: folate transformations II|g__Bacteroides.s__Bacteroides_caecimuris,0.870233,1.73406,0.944084,13.7163,38.0227,8.3109,3.52149,28.2139,5.43756,36.5053,2.74656,3.3324,1.19216,5.5776,10.7093,9.13948,3.72165
65,PWY-3841: folate transformations II|g__Lactobacillus.s__Lactobacillus_intestinalis,2.65053,2.02888,0.603192,0.0,0.0,0.0,0.0,0.0,0.0,0.0,0.0,0.0,0.0,0.0,0.0,0.0,0.0
66,PWY-3841: folate transformations II|g__Lactobacillus.s__Lactobacillus_reuteri,1.35379,0.826241,0.653655,0.0,0.0,0.0,0.602148,0.717152,0.0,0.0,0.0,0.0,0.0,0.0,0.0,0.0,0.0
67,PWY-3841: folate transformations II|g__Muribaculaceae_unclassified.s__Muribaculaceae_bacterium_DSM_103720,16.7196,11.7707,8.62515,0.0,0.0,0.0,10.1245,0.0,10.552,0.0,6.14541,4.59829,3.90059,0.0,0.0,0.0,11.5183
68,PWY-4242: pantothenate and coenzyme A biosynthesis III|g__Alistipes.s__Alistipes_timonensis,0.0,0.0,0.0,1.34481,5.28448,1.29344,0.0,2.78393,0.856731,3.24916,0.0,0.0,0.0,0.792917,1.30411,3.25582,0.660113
69,PWY-4242: pantothenate and coenzyme A biosynthesis III|g__Bacteroides.s__Bacteroides_sartorii,0.527533,0.456824,0.0,14.2839,7.68927,5.9275,2.42459,14.8459,10.3384,8.83329,2.99461,0.0,0.602337,4.61324,3.14988,6.19795,2.48265
70,PWY-4242: pantothenate and coenzyme A biosynthesis III|g__Lactobacillus.s__Lactobacillus_johnsonii,2.87234,2.13289,0.911071,0.0,0.0,0.0,1.05347,0.0,2.51468,0.0,0.0,0.863527,0.0,1.04052,0.596073,0.0,0.0
71,PWY-4242: pantothenate and coenzyme A biosynthesis III|g__Muribaculaceae_unclassified.s__Muribaculaceae_bacterium_DSM_103720,17.6349,12.1819,8.21896,0.0,0.0,0.0,11.938,0.0,11.7813,0.0,4.37918,3.87376,2.81885,0.0,0.0,0.0,12.3674
72,PWY-4321: L-glutamate degradation IV|g__Lactobacillus.s__Lactobacillus_reuteri,1.82461,1.30578,0.758489,0.0,0.0,0.0,0.457233,1.39899,0.511322,0.390215,0.0,0.0,0.0,0.648039,0.0,0.0,0.0
73,PWY-5030: L-histidine degradation III,13.643,23.1848,13.5058,90.4742,56.9138,61.3156,35.5115,68.3109,52.3642,71.2866,22.6756,26.9097,29.6,53.6416,20.9283,66.3782,34.7536
74,PWY-5030: L-histidine degradation III|g__Alistipes.s__Alistipes_timonensis,0.0,0.0,0.0,1.15727,4.5543,1.98327,0.0,2.42642,0.799435,3.55902,1.65332,1.55188,0.789403,1.1019,1.13169,3.6024,0.0
75,PWY-5030: L-histidine degradation III|g__Bacteroides.s__Bacteroides_sartorii,0.828592,0.397452,0.0,14.2938,7.22857,6.34488,2.93972,14.9077,10.0352,9.6494,2.51909,0.0,0.722312,5.99684,3.18526,6.21098,2.99641
76,PWY-5088: L-glutamate degradation VIII (to propanoate),0.0,0.0,0.0,0.0,1.02351,0.0,0.0,0.0,0.0,1.05933,0.0,0.0,0.0,2.22315,2.33366,1.77164,0.0
77,PWY-5097: L-lysine biosynthesis VI|g__Bacteroides.s__Bacteroides_caecimuris,0.553741,1.92527,1.20231,12.3469,37.324,10.6202,4.33823,26.643,6.33221,32.0692,2.69347,2.78298,1.60598,6.31973,10.3607,10.4151,3.50094
78,PWY-5097: L-lysine biosynthesis VI|g__Bacteroides.s__Bacteroides_sartorii,0.451536,0.0,0.0,11.7217,6.83074,5.40709,1.99098,12.9412,8.94007,7.99089,2.42014,0.0,0.0,4.5775,2.57703,5.65885,2.94799
79,PWY-5097: L-lysine biosynthesis VI|g__Lactobacillus.s__Lactobacillus_johnsonii,3.35833,1.99621,0.959792,0.0,0.0,0.0,0.760527,0.0,1.59958,0.388952,0.0,0.516632,0.0,0.638508,0.0,0.0,0.776
80,PWY-5097: L-lysine biosynthesis VI|g__Lactobacillus.s__Lactobacillus_reuteri,0.984305,0.855169,0.865626,0.0,0.0,0.0,0.0,0.997162,0.0,0.0,0.0,0.0,0.0,0.0,0.0,0.0,0.0
81,PWY-5100: pyruvate fermentation to acetate and lactate II|g__Anaerotruncus.s__Anaerotruncus_sp_G3_2012,1.20942,0.37061,1.13302,0.0,0.0,0.0,0.43699,0.0,0.0,0.0,0.0,0.0,0.0,0.0,0.0,0.0,0.0
82,PWY-5100: pyruvate fermentation to acetate and lactate II|g__Lactobacillus.s__Lactobacillus_johnsonii,4.44389,4.34045,1.7002,0.0,0.0,0.0,1.43793,0.0,2.3611,0.0,0.618553,0.673866,0.815042,1.5302,0.737253,0.0,1.13247
83,PWY-5104: L-isoleucine biosynthesis IV|unclassified,50.0862,47.0759,31.3327,10.8749,17.3826,12.0419,46.8999,16.7576,27.447,39.7264,18.4448,39.2863,27.2611,49.4994,46.9941,36.3108,28.0816
84,PWY-5154: L-arginine biosynthesis III (via N-acetyl-L-citrulline),19.562,37.1069,20.9834,85.0642,73.0184,55.7763,46.8632,118.923,103.319,119.156,40.9623,32.8495,47.9301,60.195,49.3645,80.5368,59.623
85,PWY-5505: L-glutamate and L-glutamine biosynthesis|unclassified,6.64136,2.33097,3.77717,0.0,0.0,0.0,2.44928,0.0,4.89887,4.94746,1.19018,2.39198,1.85884,3.24417,2.52922,0.0,1.96844
86,PWY-5667: CDP-diacylglycerol biosynthesis I|g__Bacteroides.s__Bacteroides_sartorii,0.646988,0.592811,0.0,13.5994,8.07926,7.05585,2.87101,15.1793,10.4132,10.4352,3.04547,0.0,0.70469,5.87167,3.3618,7.03354,3.62369
87,PWY-5667: CDP-diacylglycerol biosynthesis I|g__Lactobacillus.s__Lactobacillus_reuteri,0.851864,1.08724,0.67783,0.0,0.0,0.0,0.581691,0.950935,0.0,0.36553,0.0,0.0,0.0,0.474125,0.0,0.0,0.0
88,PWY-5667: CDP-diacylglycerol biosynthesis I|g__Muribaculaceae_unclassified.s__Muribaculaceae_bacterium_DSM_103720,16.6735,10.8148,6.8615,0.0,0.0,0.0,9.28783,0.0,11.9165,0.0,4.32097,4.09933,3.93906,0.0,0.0,0.0,10.9709
89,PWY-5686: UMP biosynthesis|g__Alistipes.s__Alistipes_timonensis,0.0,0.0,0.0,1.74232,7.42424,2.01597,0.0,3.31532,1.3403,5.05049,1.75009,1.76094,1.36276,0.580941,1.44409,5.7844,0.959282
90,PWY-5686: UMP biosynthesis|g__Bacteroides.s__Bacteroides_caecimuris,0.820336,2.07045,1.48119,15.1331,40.9513,13.2869,5.08224,31.4216,6.80595,36.5619,2.74156,3.82177,1.73887,7.05905,10.1028,11.9816,4.34095
91,PWY-5686: UMP biosynthesis|g__Bacteroides.s__Bacteroides_sartorii,0.853144,0.0,0.0,16.9772,8.41588,5.66107,2.81739,16.0939,10.9604,10.2979,3.1964,0.0,0.0,5.62062,3.1833,6.72655,3.37106
92,PWY-5686: UMP biosynthesis|g__Lactobacillus.s__Lactobacillus_reuteri,1.45994,1.67465,1.18038,0.0,0.0,0.0,0.0,1.44734,0.0,0.0,0.0,0.0,0.0,0.0,0.0,0.0,0.0
93,PWY-5686: UMP biosynthesis|g__Muribaculaceae_unclassified.s__Muribaculaceae_bacterium_DSM_103720,21.0727,14.1509,10.2442,0.0,0.0,0.0,11.097,0.0,12.3735,0.0,6.08023,4.38535,5.08806,0.0,0.0,0.0,13.0522
94,PWY-5695: urate biosynthesis/inosine 5'-phosphate degradation|g__Muribaculaceae_unclassified.s__Muribaculaceae_bacterium_DSM_103720,16.4279,11.1977,8.67729,0.0,0.0,0.0,9.48661,0.0,11.7025,0.0,5.12674,4.76953,4.28918,0.0,0.0,0.0,10.4263
95,PWY-5910: superpathway of geranylgeranyldiphosphate biosynthesis I (via mevalonate),3.95349,2.33953,1.49764,0.0,0.0,0.0,2.59815,1.98013,0.0,0.0,0.0,1.36645,0.0,1.11289,0.801164,0.0,0.0
96,PWY-5910: superpathway of geranylgeranyldiphosphate biosynthesis I (via mevalonate)|g__Lactobacillus.s__Lactobacillus_reuteri,1.32149,1.00783,0.656931,0.0,0.0,0.0,0.0,1.09558,0.0,0.0,0.0,0.0,0.0,0.0,0.0,0.0,0.0
97,PWY-5941: glycogen degradation II (eukaryotic),2.89435,6.92059,4.27366,22.0836,37.4286,20.5583,14.1872,36.2249,13.6285,51.5381,6.70075,7.78955,7.3239,17.2199,22.858,25.0386,11.0818
98,PWY-5941: glycogen degradation II (eukaryotic)|unclassified,2.84719,6.36968,4.1102,16.5693,18.2647,11.5645,12.5402,25.1105,11.1433,43.4071,6.04012,7.56124,6.94895,16.4281,21.3408,22.9317,10.1382
99,PWY-5973: cis-vaccenate biosynthesis|g__Bacteroides.s__Bacteroides_caecimuris,0.872684,2.34646,2.16797,12.8605,42.7373,11.2359,4.73073,37.0049,7.12554,42.4178,2.27082,4.07605,1.82528,7.90978,11.7879,11.2418,2.94818
100,PWY-5989: stearate biosynthesis II (bacteria and plants),1.12283,0.0,0.735312,23.7647,65.1565,9.6343,2.57345,22.9899,0.0,11.0372,2.4344,4.44361,0.98754,7.52053,8.14419,8.15842,3.27759
101,PWY-5989: stearate biosynthesis II (bacteria and plants)|unclassified,1.11146,0.0,0.730927,21.4566,13.1069,9.15265,2.5292,12.9518,0.0,8.49716,2.37054,4.38745,0.979727,7.27554,7.69354,7.86359,3.16875
102,PWY-6121: 5-aminoimidazole ribonucleotide biosynthesis I|g__Bacteroides.s__Bacteroides_caecimuris,0.0,1.98695,0.945089,11.362,37.735,6.16105,4.28952,29.0071,6.57219,34.8512,2.90081,2.62755,1.5838,5.45858,10.0762,5.95818,2.28348
103,PWY-6121: 5-aminoimidazole ribonucleotide biosynthesis I|g__Bacteroides.s__Bacteroides_sartorii,0.546856,0.556366,0.0,14.2175,8.20279,6.4273,2.66463,13.7004,10.2031,8.74868,2.51133,0.0,0.526907,5.52282,3.81161,6.36715,3.34772
104,PWY-6121: 5-aminoimidazole ribonucleotide biosynthesis I|g__Lactobacillus.s__Lactobacillus_reuteri,2.13134,1.81255,0.892441,0.0,0.0,0.0,1.04863,1.45542,0.369527,0.486086,0.0,0.511863,0.0,0.537598,0.0,0.0,0.0
105,PWY-6121: 5-aminoimidazole ribonucleotide biosynthesis I|g__Muribaculaceae_unclassified.s__Muribaculaceae_bacterium_DSM_103720,19.3673,12.1831,9.24185,0.0,0.0,0.0,8.91902,0.0,11.3241,0.0,5.52701,4.91431,4.32492,0.0,0.0,0.0,11.4741
106,PWY-6122: 5-aminoimidazole ribonucleotide biosynthesis II|g__Bacteroides.s__Bacteroides_caecimuris,0.0,1.95424,1.32708,12.1316,37.8788,9.75096,4.90273,27.564,6.47174,34.5957,2.84037,3.42766,1.52376,5.59048,9.65817,8.85628,3.72553
107,PWY-6122: 5-aminoimidazole ribonucleotide biosynthesis II|g__Bacteroides.s__Bacteroides_sartorii,0.479382,0.565797,0.0,13.4566,7.48604,5.81405,2.6119,12.7861,9.70453,8.40052,2.34472,0.0,0.703941,5.16945,3.53058,5.75811,3.12972
108,PWY-6122: 5-aminoimidazole ribonucleotide biosynthesis II|g__Lactobacillus.s__Lactobacillus_reuteri,2.42293,1.94824,1.33206,0.0,0.0,0.0,1.11977,1.48529,0.359443,0.480608,0.0,0.59202,0.0,0.550597,0.0,0.0,0.0
109,PWY-6122: 5-aminoimidazole ribonucleotide biosynthesis II|g__Muribaculaceae_unclassified.s__Muribaculaceae_bacterium_DSM_103720,18.0304,11.4591,8.55351,0.0,0.0,0.0,8.73027,0.0,10.7229,0.0,5.40736,4.63901,3.96132,0.0,0.0,0.0,11.1918
110,PWY-6122: 5-aminoimidazole ribonucleotide biosynthesis II|g__Oscillibacter.s__Oscillibacter_sp_1_3,1.85847,0.731026,1.21276,0.0,0.0,0.0,0.0,0.806188,0.0,1.48489,0.0,0.0,0.0,2.00791,3.48174,1.64225,0.0
111,PWY-6123: inosine-5'-phosphate biosynthesis I|g__Alistipes.s__Alistipes_timonensis,0.0,0.0,0.0,2.0722,5.67501,2.40383,0.0,3.44263,0.827769,5.29629,2.81097,2.9507,1.40736,0.897652,1.66187,4.13045,1.16748
112,PWY-6123: inosine-5'-phosphate biosynthesis I|g__Bacteroides.s__Bacteroides_caecimuris,1.43498,3.98849,2.16794,18.4694,48.2513,17.3579,7.60957,35.5631,8.54224,47.5287,4.20682,4.37245,2.87256,9.35688,13.1384,17.2141,5.86768
113,PWY-6123: inosine-5'-phosphate biosynthesis I|g__Lactobacillus.s__Lactobacillus_reuteri,1.9528,1.54644,0.96263,0.0,0.0,0.0,0.0,1.10812,0.0,0.0,0.0,0.0,0.0,0.0,0.0,0.0,0.0
114,PWY-6123: inosine-5'-phosphate biosynthesis I|g__Muribaculaceae_unclassified.s__Muribaculaceae_bacterium_DSM_103720,16.9261,10.7124,7.74235,0.0,0.0,0.0,9.42905,0.0,11.3101,0.0,5.2467,4.47594,4.82144,0.0,0.0,0.0,11.5332
115,PWY-6124: inosine-5'-phosphate biosynthesis II|g__Alistipes.s__Alistipes_timonensis,0.0,0.0,0.0,2.04541,5.23519,2.38871,0.0,3.48342,0.749615,5.09856,2.87795,2.9356,1.07647,0.867536,1.54619,4.79019,1.11883
116,PWY-6124: inosine-5'-phosphate biosynthesis II|g__Bacteroides.s__Bacteroides_caecimuris,1.29341,3.77219,1.99117,17.2613,46.7969,16.1854,7.26316,34.5106,7.96767,45.4213,4.07626,4.08664,2.906,8.82281,13.1622,16.2367,5.43873
117,PWY-6124: inosine-5'-phosphate biosynthesis II|g__Bacteroides.s__Bacteroides_sartorii,1.01717,0.836512,0.0,15.7061,8.03948,7.46987,2.75592,17.3794,12.0547,10.9077,2.62857,0.0,0.823112,6.36772,4.17996,6.32793,4.31029
118,PWY-6124: inosine-5'-phosphate biosynthesis II|g__Lactobacillus.s__Lactobacillus_reuteri,1.66986,1.56334,0.760708,0.0,0.0,0.0,0.0,1.00049,0.0,0.0,0.0,0.0,0.0,0.0,0.0,0.0,0.0
119,PWY-6124: inosine-5'-phosphate biosynthesis II|g__Muribaculaceae_unclassified.s__Muribaculaceae_bacterium_DSM_103720,16.8947,10.6067,7.55813,0.0,0.0,0.0,9.04825,0.0,10.9595,0.0,4.95664,4.75553,4.68233,0.0,0.0,0.0,12.014
120,PWY-6125: superpathway of guanosine nucleotides de novo biosynthesis II|g__Muribaculaceae_unclassified.s__Muribaculaceae_bacterium_DSM_103720,17.0458,12.0388,8.31162,0.0,0.0,0.0,10.5106,0.0,11.7963,0.0,5.3268,4.51503,3.73838,0.0,0.0,0.0,11.1939
121,PWY-6126: superpathway of adenosine nucleotides de novo biosynthesis II|g__Lactobacillus.s__Lactobacillus_reuteri,1.75747,1.32418,1.01641,0.0,0.388887,0.0,0.585324,0.0,0.0,0.568263,0.0,0.0,0.0,0.0,0.0,0.0,0.0
122,PWY-6147: 6-hydroxymethyl-dihydropterin diphosphate biosynthesis I|g__Bacteroides.s__Bacteroides_sartorii,0.740695,0.961736,0.0,17.0631,9.26736,7.33652,2.95412,19.3684,12.428,11.6483,3.6293,0.0,0.718011,6.41491,3.98221,6.96352,2.4166
123,PWY-6151: S-adenosyl-L-methionine cycle I|g__Lachnospiraceae_unclassified.s__Lachnospiraceae_bacterium_A4,3.64851,0.916044,2.5151,0.0,0.0,0.0,2.21376,0.0,0.31365,0.0,0.0,0.0,0.0,0.0,0.0,0.0,0.0
124,PWY-6151: S-adenosyl-L-methionine cycle I|g__Lactobacillus.s__Lactobacillus_reuteri,1.98009,1.14544,0.720418,0.0,0.0,0.0,0.432054,1.06602,0.579743,0.600954,0.0,0.4535,0.0,0.509221,0.0,0.0,0.0
125,PWY-6151: S-adenosyl-L-methionine cycle I|g__Muribaculaceae_unclassified.s__Muribaculaceae_bacterium_DSM_103720,17.8075,11.5206,9.25494,0.0,0.0,0.0,10.3862,0.0,11.7184,0.0,5.11112,5.50406,5.27636,0.0,0.0,0.0,11.5891
126,PWY-6163: chorismate biosynthesis from 3-dehydroquinate|g__Helicobacter.s__Helicobacter_typhlonius,23.0912,37.9614,28.1092,0.0,0.0,13.175,40.5383,0.0,0.0,0.0,0.0,0.0,0.0,0.0,0.0,15.2799,0.0
127,PWY-6163: chorismate biosynthesis from 3-dehydroquinate|g__Muribaculaceae_unclassified.s__Muribaculaceae_bacterium_DSM_103720,22.5746,14.8048,10.4915,0.0,0.0,0.0,9.90392,0.0,12.2899,0.0,6.07185,5.00213,4.19187,0.0,0.0,0.0,12.9212
128,PWY-6168: flavin biosynthesis III (fungi)|g__Bacteroides.s__Bacteroides_sartorii,0.783608,0.0,0.0,18.3772,9.13135,7.56132,3.28071,15.8937,11.4399,11.4148,3.75429,0.0,0.0,5.08629,3.82752,6.8179,3.96536
129,PWY-6277: superpathway of 5-aminoimidazole ribonucleotide biosynthesis|g__Bacteroides.s__Bacteroides_caecimuris,0.0,1.95424,1.32708,12.1316,37.8788,9.75096,4.90273,27.564,6.47174,34.5957,2.84037,3.42766,1.52376,5.59048,9.65817,8.85628,3.72553
130,PWY-6277: superpathway of 5-aminoimidazole ribonucleotide biosynthesis|g__Bacteroides.s__Bacteroides_sartorii,0.479382,0.565797,0.0,13.4566,7.48604,5.81405,2.6119,12.7861,9.70453,8.40052,2.34472,0.0,0.703941,5.16945,3.53058,5.75811,3.12972
131,PWY-6277: superpathway of 5-aminoimidazole ribonucleotide biosynthesis|g__Lactobacillus.s__Lactobacillus_reuteri,2.42293,1.94824,1.33206,0.0,0.0,0.0,1.11977,1.48529,0.359443,0.480608,0.0,0.59202,0.0,0.550597,0.0,0.0,0.0
132,PWY-6277: superpathway of 5-aminoimidazole ribonucleotide biosynthesis|g__Muribaculaceae_unclassified.s__Muribaculaceae_bacterium_DSM_103720,18.0304,11.4591,8.55351,0.0,0.0,0.0,8.73027,0.0,10.7229,0.0,5.40736,4.63901,3.96132,0.0,0.0,0.0,11.1918
133,PWY-6277: superpathway of 5-aminoimidazole ribonucleotide biosynthesis|g__Oscillibacter.s__Oscillibacter_sp_1_3,1.85847,0.731026,1.21276,0.0,0.0,0.0,0.0,0.806188,0.0,1.48489,0.0,0.0,0.0,2.00791,3.48174,1.64225,0.0
134,PWY-6282: palmitoleate biosynthesis I (from (5Z)-dodec-5-enoate),1.14119,0.0,0.747033,24.6026,69.0754,9.83472,2.59686,23.7096,0.0,11.2004,2.46293,4.51154,0.9933,7.69585,8.37166,8.29767,3.32858
135,PWY-6282: palmitoleate biosynthesis I (from (5Z)-dodec-5-enoate)|unclassified,1.13657,0.0,0.743417,23.1494,13.7987,9.42846,2.56865,14.0585,0.0,8.74335,2.42792,4.46416,0.989632,7.55296,8.07946,8.09809,3.27713
136,PWY-6317: galactose degradation I (Leloir pathway)|g__Lactobacillus.s__Lactobacillus_reuteri,1.42531,1.59291,1.00594,0.0,0.0,0.0,0.796416,1.09839,0.0,0.291934,0.0,0.0,0.0,0.663101,0.0,0.0,0.0
137,PWY-6385: peptidoglycan biosynthesis III (mycobacteria)|g__Lactobacillus.s__Lactobacillus_reuteri,1.78506,1.57092,0.920961,0.0,0.0,0.0,0.582876,0.0,0.0,0.598495,0.0,0.0,0.0,0.688317,0.0,0.0,0.0
138,PWY-6386: UDP-N-acetylmuramoyl-pentapeptide biosynthesis II (lysine-containing)|g__Bacteroides.s__Bacteroides_sartorii,0.974158,0.0,0.0,14.391,7.73386,7.11737,2.96975,17.6164,10.9028,10.1578,2.69274,0.0,0.0,5.26313,3.56611,6.19314,3.69976
139,PWY-6386: UDP-N-acetylmuramoyl-pentapeptide biosynthesis II (lysine-containing)|g__Lactobacillus.s__Lactobacillus_intestinalis,3.04689,2.0558,0.697872,0.0,0.0,0.0,0.0,0.0,0.0,0.0,0.0,0.0,0.0,0.0,0.0,0.0,0.0
140,PWY-6386: UDP-N-acetylmuramoyl-pentapeptide biosynthesis II (lysine-containing)|g__Lactobacillus.s__Lactobacillus_johnsonii,3.52683,2.92873,1.22483,0.0,0.0,0.0,1.1191,0.710574,1.90907,0.511495,0.0,1.00017,0.704317,1.14099,0.0,0.0,0.733816
141,PWY-6386: UDP-N-acetylmuramoyl-pentapeptide biosynthesis II (lysine-containing)|g__Lactobacillus.s__Lactobacillus_reuteri,2.11309,1.5306,0.964664,0.0,0.0,0.0,0.53622,0.0,0.0,0.651143,0.0,0.0,0.0,0.656802,0.0,0.0,0.0
142,PWY-6387: UDP-N-acetylmuramoyl-pentapeptide biosynthesis I (meso-diaminopimelate containing)|g__Anaerotruncus.s__Anaerotruncus_sp_G3_2012,1.07887,0.415906,0.973916,0.0,0.0,0.0,0.381557,0.0,0.0,0.0,0.0,0.0,0.0,0.0,0.0,0.0,0.0
143,PWY-6387: UDP-N-acetylmuramoyl-pentapeptide biosynthesis I (meso-diaminopimelate containing)|g__Lactobacillus.s__Lactobacillus_intestinalis,2.90999,1.90233,0.665591,0.0,0.0,0.0,0.0,0.0,0.0,0.0,0.0,0.0,0.0,0.0,0.0,0.0,0.0
144,PWY-6387: UDP-N-acetylmuramoyl-pentapeptide biosynthesis I (meso-diaminopimelate containing)|g__Lactobacillus.s__Lactobacillus_johnsonii,3.39137,2.98687,1.22906,0.0,0.0,0.0,1.04859,0.661955,1.6771,0.483688,0.0,0.948378,0.69981,1.11043,0.0,0.0,0.643238
145,PWY-6387: UDP-N-acetylmuramoyl-pentapeptide biosynthesis I (meso-diaminopimelate containing)|g__Lactobacillus.s__Lactobacillus_reuteri,1.93086,1.45422,0.933294,0.0,0.0,0.0,0.537029,0.0,0.0,0.582855,0.0,0.0,0.0,0.676569,0.0,0.0,0.0
146,PWY-6519: 8-amino-7-oxononanoate biosynthesis I,1.38241,0.0,1.09492,26.9568,69.5092,11.3224,3.13053,26.593,0.0,13.2423,3.35631,5.59062,1.63136,8.98783,9.78864,9.66164,4.43844
147,PWY-6527: stachyose degradation|g__Lactobacillus.s__Lactobacillus_intestinalis,4.08998,2.20937,1.35219,0.0,0.0,0.0,0.411873,0.0,0.0,0.0,0.0,0.0,0.0,0.0,0.0,0.0,0.0
148,PWY-6527: stachyose degradation|g__Lactobacillus.s__Lactobacillus_reuteri,1.37406,1.69829,0.922296,0.0,0.0,0.0,1.12392,0.883791,0.0,0.304926,0.0,0.0,0.0,0.812576,0.0,0.0,0.0
149,PWY-6609: adenine and adenosine salvage III|g__Bacteroides.s__Bacteroides_caecimuris,0.558399,3.85698,1.29051,17.6675,46.1847,14.1644,7.39758,34.9158,7.49057,43.0374,3.9318,5.12332,1.55435,9.82412,14.475,14.3909,4.90899
150,PWY-6609: adenine and adenosine salvage III|g__Bacteroides.s__Bacteroides_sartorii,0.885153,0.468375,0.0,15.7941,7.6578,8.37698,3.78692,17.748,11.4923,11.8271,2.9831,0.0,0.904222,6.33633,4.30234,8.85383,5.59671
151,PWY-6609: adenine and adenosine salvage III|g__Lachnospiraceae_unclassified.s__Lachnospiraceae_bacterium_A4,2.5045,0.850817,2.20289,0.0,0.0,0.0,2.21286,0.0,0.0,0.0,0.0,0.0,0.0,0.0,0.0,0.0,0.948844
152,PWY-6609: adenine and adenosine salvage III|g__Lactobacillus.s__Lactobacillus_reuteri,1.084,1.83297,1.27708,0.0,0.0,0.0,1.27463,1.12567,0.612648,0.462858,0.0,0.543777,0.427929,0.702914,0.0,0.0,0.0
153,PWY-6609: adenine and adenosine salvage III|g__Muribaculaceae_unclassified.s__Muribaculaceae_bacterium_DSM_103720,20.2753,13.4652,11.0307,0.0,0.0,0.0,9.53644,0.0,11.7091,0.0,7.3697,6.6806,5.02638,0.0,0.0,0.0,10.5725
154,PWY-6700: queuosine biosynthesis|g__Bacteroides.s__Bacteroides_sartorii,0.823354,0.601406,0.0,15.0321,10.267,7.61007,3.56909,18.3509,11.2617,10.2101,3.09204,0.0,0.0,5.85792,2.91659,8.84921,4.01193
155,PWY-6700: queuosine biosynthesis|g__Muribaculaceae_unclassified.s__Muribaculaceae_bacterium_DSM_103720,21.5181,15.6458,12.2297,0.0,0.0,0.0,10.4386,0.0,12.1133,0.0,5.43965,5.92494,5.59531,0.0,0.0,0.0,14.5152
156,PWY-6703: preQ0 biosynthesis|g__Bacteroides.s__Bacteroides_caecimuris,0.0,1.06707,0.989467,9.88314,36.0383,4.73126,2.56215,29.3967,4.79443,34.2362,3.37315,2.29728,1.28467,4.10936,9.31336,3.43481,1.30975
157,PWY-6703: preQ0 biosynthesis|g__Bacteroides.s__Bacteroides_sartorii,0.470596,0.0,0.0,14.2023,7.60982,7.07558,2.50152,14.1287,10.639,8.67003,2.71876,0.0,0.0,5.09555,4.52989,5.56431,2.95692
158,PWY-6703: preQ0 biosynthesis|g__Muribaculaceae_unclassified.s__Muribaculaceae_bacterium_DSM_103720,14.0833,9.73204,7.59821,0.0,0.0,0.0,6.93982,0.0,7.89756,0.0,4.62747,3.4123,3.12264,0.0,0.0,0.0,8.90619
159,PWY-6859: all-trans-farnesol biosynthesis|g__Lactobacillus.s__Lactobacillus_reuteri,1.11412,0.823686,0.664643,0.0,0.0,0.0,0.0,1.11656,0.529454,0.0,0.0,0.0,0.0,0.0,0.0,0.0,0.0
160,PWY-6901: superpathway of glucose and xylose degradation|unclassified,4.89857,4.42678,5.59578,11.0121,9.02329,9.09969,12.1261,21.2113,15.8297,32.2958,6.33942,6.51821,8.73986,23.0168,18.1197,17.8725,10.3983
161,PWY-6936: seleno-amino acid biosynthesis|g__Bacteroides.s__Bacteroides_sartorii,0.572678,0.556596,0.0,14.4895,8.60259,6.60043,2.40677,16.1871,11.4642,11.023,2.89509,0.0,0.907812,5.70015,2.97849,6.79273,3.65327
162,PWY-6936: seleno-amino acid biosynthesis|g__Lactobacillus.s__Lactobacillus_reuteri,1.77175,1.13671,0.952773,0.0,0.0,0.0,0.489864,0.820995,0.520204,0.0,0.0,0.0,0.0,0.481213,0.0,0.0,0.0
163,PWY-7111: pyruvate fermentation to isobutanol (engineered)|g__Alistipes.s__Alistipes_timonensis,0.0,0.0,0.0,0.997673,5.90469,1.34306,0.0,2.08974,0.98305,2.85211,0.477253,0.672997,0.506535,0.476168,1.03415,3.74929,0.477856
164,PWY-7111: pyruvate fermentation to isobutanol (engineered)|g__Bacteroides.s__Bacteroides_sartorii,0.571982,0.533156,0.0,11.6358,6.49187,6.8565,2.4607,13.5509,8.63931,8.66334,2.67751,0.0,1.07925,5.68909,3.16522,6.29814,3.38435
165,PWY-7111: pyruvate fermentation to isobutanol (engineered)|g__Muribaculaceae_unclassified.s__Muribaculaceae_bacterium_DSM_103720,21.1166,14.399,9.32835,0.0,0.0,0.0,10.5539,0.0,12.8597,0.0,6.73908,5.4494,5.82402,0.0,0.0,0.0,13.8559
166,PWY-7184: pyrimidine deoxyribonucleotides de novo biosynthesis I|unclassified,49.861,39.8661,34.5104,124.323,64.4761,86.1724,64.9073,90.0978,80.4562,101.057,102.649,115.108,86.09,113.761,99.0242,101.824,77.7628
167,PWY-7219: adenosine ribonucleotides de novo biosynthesis|g__Anaerotruncus.s__Anaerotruncus_sp_G3_2012,0.956118,0.388143,0.589499,0.0,0.0,0.0,0.55187,0.0,0.0,0.0,0.0,0.0,0.0,0.0,0.0,0.0,0.0
168,PWY-7219: adenosine ribonucleotides de novo biosynthesis|g__Bacteroides.s__Bacteroides_caecimuris,1.04557,3.93587,2.29931,22.4978,44.7091,22.5053,8.10828,35.0301,8.40849,49.6737,3.95207,5.32239,3.23921,12.0412,12.4396,19.7911,6.25365
169,PWY-7219: adenosine ribonucleotides de novo biosynthesis|g__Lactobacillus.s__Lactobacillus_intestinalis,4.06323,2.52873,1.02036,0.0,0.0,0.0,0.412956,0.0,0.0,0.0,0.0,0.0,0.0,0.0,0.0,0.0,0.0
170,PWY-7219: adenosine ribonucleotides de novo biosynthesis|g__Muribaculaceae_unclassified.s__Muribaculaceae_bacterium_DSM_103720,16.1116,13.3705,7.82872,0.0,0.0,0.0,9.52932,0.0,12.6633,0.0,5.78727,4.85936,3.68622,0.0,0.0,0.0,11.2749
171,PWY-7220: adenosine deoxyribonucleotides de novo biosynthesis II|g__Bacteroides.s__Bacteroides_caecimuris,0.595946,1.74868,1.16905,9.83292,35.6619,7.90746,3.63466,27.3773,5.5299,30.2067,2.44269,2.60606,1.38389,4.7733,9.47718,6.59555,2.80739
172,PWY-7220: adenosine deoxyribonucleotides de novo biosynthesis II|g__Lactobacillus.s__Lactobacillus_reuteri,1.56147,1.59391,1.42052,0.0,0.418562,0.0,0.662372,1.20684,0.0,0.525451,0.0,0.0,0.0,0.83419,0.0,0.0,0.0
173,PWY-7220: adenosine deoxyribonucleotides de novo biosynthesis II|g__Muribaculaceae_unclassified.s__Muribaculaceae_bacterium_DSM_103720,14.6144,10.1304,7.46594,0.0,0.0,0.0,9.66666,0.0,10.3477,0.0,4.42511,3.73753,2.96509,0.0,0.0,0.0,10.2108
174,PWY-7221: guanosine ribonucleotides de novo biosynthesis|g__Lactobacillus.s__Lactobacillus_intestinalis,3.86776,2.30321,0.591537,0.0,0.0,0.0,0.0,0.0,0.0,0.0,0.0,0.203707,0.0,0.0,0.0,0.0,0.0
175,PWY-7221: guanosine ribonucleotides de novo biosynthesis|g__Muribaculaceae_unclassified.s__Muribaculaceae_bacterium_DSM_103720,19.5534,15.0032,9.92013,0.0,0.0,0.0,11.4408,0.0,13.5823,0.0,6.55224,5.37103,5.01839,0.0,0.0,0.0,12.2178
176,PWY-7222: guanosine deoxyribonucleotides de novo biosynthesis II|g__Bacteroides.s__Bacteroides_caecimuris,0.595946,1.74868,1.16905,9.83292,35.6619,7.90746,3.63466,27.3773,5.5299,30.2067,2.44269,2.60606,1.38389,4.7733,9.47718,6.59555,2.80739
177,PWY-7222: guanosine deoxyribonucleotides de novo biosynthesis II|g__Lactobacillus.s__Lactobacillus_reuteri,1.56147,1.59391,1.42052,0.0,0.418562,0.0,0.662372,1.20684,0.0,0.525451,0.0,0.0,0.0,0.83419,0.0,0.0,0.0
178,PWY-7222: guanosine deoxyribonucleotides de novo biosynthesis II|g__Muribaculaceae_unclassified.s__Muribaculaceae_bacterium_DSM_103720,14.6144,10.1304,7.46594,0.0,0.0,0.0,9.66666,0.0,10.3477,0.0,4.42511,3.73753,2.96509,0.0,0.0,0.0,10.2108
179,PWY-7228: superpathway of guanosine nucleotides de novo biosynthesis I|g__Muribaculaceae_unclassified.s__Muribaculaceae_bacterium_DSM_103720,19.6134,13.7498,8.82544,0.0,0.0,0.0,11.1011,0.0,12.6816,0.0,6.19176,5.20844,4.12525,0.0,0.0,0.0,11.8124
180,PWY-7228: superpathway of guanosine nucleotides de novo biosynthesis I|unclassified,67.0507,81.9796,54.448,223.78,120.076,114.17,94.0018,160.963,141.75,154.286,124.9,138.742,129.95,159.262,150.322,144.469,133.196
181,PWY-7229: superpathway of adenosine nucleotides de novo biosynthesis I|g__Lactobacillus.s__Lactobacillus_reuteri,1.90964,1.39662,1.10138,0.0,0.425689,0.0,0.649761,0.0,0.0,0.599111,0.0,0.0,0.0,0.0,0.0,0.0,0.0
182,PWY-7234: inosine-5'-phosphate biosynthesis III|g__Lactobacillus.s__Lactobacillus_reuteri,1.9528,1.47313,0.96263,0.0,0.0,0.0,0.0,1.10812,0.0,0.0,0.0,0.0,0.0,0.0,0.0,0.0,0.0
183,"PWY-7388: octanoyl-[acyl-carrier protein] biosynthesis (mitochondria, yeast)",0.888902,0.0,0.581735,21.1883,57.6456,8.68312,2.61626,20.4419,0.0,10.5047,2.45447,3.51444,0.936423,7.22867,6.55864,7.48772,3.17557
184,"PWY-7388: octanoyl-[acyl-carrier protein] biosynthesis (mitochondria, yeast)|unclassified",0.886819,0.0,0.580002,18.4927,11.2718,7.49541,2.00477,11.1804,0.0,6.91129,1.89228,3.47793,0.770484,5.94598,6.40154,6.39062,2.56234
185,PWY-7539: 6-hydroxymethyl-dihydropterin diphosphate biosynthesis III (Chlamydia)|g__Bacteroides.s__Bacteroides_sartorii,0.73183,0.576636,0.0,15.7476,8.20729,7.33053,2.33824,16.6989,11.1943,11.0782,2.95498,0.0,0.675513,5.44979,3.76344,7.85186,2.4328
186,PWY-7663: gondoate biosynthesis (anaerobic)|g__Bacteroides.s__Bacteroides_caecimuris,0.781713,2.07624,1.95692,11.6799,42.3455,9.93821,4.26471,36.8544,6.7581,40.147,2.10795,3.84569,1.60027,7.26783,11.5128,9.98615,2.58883
187,PWY-7663: gondoate biosynthesis (anaerobic)|g__Lactobacillus.s__Lactobacillus_reuteri,1.72827,1.29991,0.593902,0.0,0.0,0.0,0.0,0.750716,0.485769,0.702727,0.0,0.0,0.0,0.0,0.0,0.0,0.0
188,PWY-7664: oleate biosynthesis IV (anaerobic),1.3302,0.0,0.870826,28.3617,75.8056,11.3724,3.0243,27.2676,0.0,12.9831,2.86847,5.24872,1.15786,8.93476,9.71934,9.62549,3.8747
189,PWY-7664: oleate biosynthesis IV (anaerobic)|unclassified,1.32399,0.0,0.865885,26.469,15.5812,10.8319,2.98581,16.1343,0.0,10.0916,2.82172,5.18458,1.15293,8.74206,9.32733,9.35945,3.8061
190,PWY-922: mevalonate pathway I,2.82926,1.65092,1.05604,0.0,0.0,0.0,1.83381,1.39815,0.0,0.0,0.0,0.963681,0.0,0.783969,0.562171,0.0,0.0
191,PWY-922: mevalonate pathway I|g__Lactobacillus.s__Lactobacillus_reuteri,1.32486,1.05194,0.658499,0.0,0.0,0.0,0.626512,0.946129,0.0,0.0,0.0,0.0,0.0,0.45734,0.0,0.0,0.0
192,PWY0-1319: CDP-diacylglycerol biosynthesis II|g__Bacteroides.s__Bacteroides_sartorii,0.646988,0.592811,0.0,13.5994,8.07926,7.05585,2.87101,15.1793,10.4132,10.4352,3.04547,0.0,0.70469,5.87167,3.3618,7.03354,3.62369
193,PWY0-1319: CDP-diacylglycerol biosynthesis II|g__Lactobacillus.s__Lactobacillus_reuteri,0.851864,1.08724,0.67783,0.0,0.0,0.0,0.581691,0.950935,0.0,0.36553,0.0,0.0,0.0,0.474125,0.0,0.0,0.0
194,PWY0-1319: CDP-diacylglycerol biosynthesis II|g__Muribaculaceae_unclassified.s__Muribaculaceae_bacterium_DSM_103720,16.6735,10.8148,6.8615,0.0,0.0,0.0,9.28783,0.0,11.9165,0.0,4.32097,4.09933,3.93906,0.0,0.0,0.0,10.9709
195,PWY0-1415: superpathway of heme biosynthesis from uroporphyrinogen-III,0.0,0.0,0.0,2.30356,6.26828,2.16373,0.0,2.74053,0.0,1.67864,0.932313,0.0,0.0,2.07966,1.96536,0.688528,0.0
196,PWY0-862: (5Z)-dodec-5-enoate biosynthesis,1.14171,0.0,0.747218,24.6986,68.4958,9.8468,2.59747,23.7548,0.0,11.202,2.46455,4.51497,0.993729,7.70651,8.38438,8.30987,3.33173
197,PWY0-862: (5Z)-dodec-5-enoate biosynthesis|unclassified,1.13795,0.0,0.744148,23.5053,13.9809,9.50358,2.57339,14.1898,0.0,8.78686,2.43636,4.47514,0.990754,7.58555,8.13808,8.14504,3.2903
198,PWY66-422: D-galactose degradation V (Leloir pathway)|g__Lactobacillus.s__Lactobacillus_reuteri,1.46362,1.46161,1.01558,0.0,0.0,0.0,0.785844,1.09722,0.511222,0.293698,0.0,0.0,0.0,0.591827,0.0,0.0,0.0
199,PWYG-321: mycolate biosynthesis,1.38062,0.0,0.903944,29.1544,76.8032,11.7384,3.13723,28.056,0.0,13.4457,2.97456,5.44064,1.20184,9.24314,10.0603,9.95265,4.01563
200,PWYG-321: mycolate biosynthesis|unclassified,1.3734,0.0,0.897911,26.7589,15.6131,11.0557,3.08967,16.441,0.0,10.374,2.9133,5.36076,1.19561,9.00809,9.6252,9.6114,3.92684
201,PYRIDNUCSAL-PWY: NAD salvage pathway I|unclassified,0.0,0.0,0.0,6.23632,4.96692,6.13749,0.0,3.57412,0.0,5.57382,0.0,0.0,0.0,4.36716,7.51524,10.2634,0.0
202,RHAMCAT-PWY: L-rhamnose degradation I|g__Bacteroides.s__Bacteroides_caecimuris,0.649902,2.81908,1.95849,17.5492,45.1047,16.7979,6.04941,33.5062,8.17613,45.7036,4.10417,4.76018,1.30032,10.6244,12.5538,16.0018,5.61401
203,RIBOSYN2-PWY: flavin biosynthesis I (bacteria and plants)|g__Lactobacillus.s__Lactobacillus_reuteri,1.50559,0.814805,0.626867,0.0,0.0,0.0,0.0,0.0,0.0,0.0,0.0,0.0,0.0,0.0,0.0,0.0,0.0
204,SER-GLYSYN-PWY: superpathway of L-serine and glycine biosynthesis I|g__Bacteroides.s__Bacteroides_caecimuris,0.617115,1.7357,1.19926,10.4002,32.8605,6.16427,3.83362,23.712,5.37625,26.4435,2.17234,2.51413,0.884062,3.96666,8.51981,6.09502,2.53435
205,TRNA-CHARGING-PWY: tRNA charging|g__Alistipes.s__Alistipes_timonensis,0.0,0.0,0.0,4.90006,9.30322,6.95735,0.0,6.35009,2.78039,10.8816,6.17909,10.1946,2.85658,4.53158,1.913,7.45826,3.451
206,TRNA-CHARGING-PWY: tRNA charging|g__Bacteroides.s__Bacteroides_caecimuris,0.893991,2.97748,1.94911,15.6402,38.5286,13.5556,5.72415,30.3433,6.84168,39.6791,3.23761,3.92879,1.93502,7.86606,10.9554,12.4948,4.93619
207,TRNA-CHARGING-PWY: tRNA charging|g__Bacteroides.s__Bacteroides_sartorii,0.755403,0.0,0.0,13.2357,7.36435,6.67685,2.4806,14.8856,9.75084,9.26965,2.94738,0.0,0.0,5.20706,3.27988,6.3322,3.22181
208,TRNA-CHARGING-PWY: tRNA charging|g__Lactobacillus.s__Lactobacillus_intestinalis,3.07061,1.98425,0.868977,0.0,0.0,0.0,0.0,0.0,0.0,0.0,0.0,0.0,0.0,0.0,0.0,0.0,0.0
209,TRNA-CHARGING-PWY: tRNA charging|g__Lactobacillus.s__Lactobacillus_reuteri,1.74978,1.35221,1.11153,0.0,0.0,0.0,0.777802,0.887331,0.0,0.0,0.0,0.0,0.0,0.59291,0.0,0.0,0.0
210,TRNA-CHARGING-PWY: tRNA charging|g__Muribaculaceae_unclassified.s__Muribaculaceae_bacterium_DSM_103720,19.9595,13.7423,9.28884,0.0,0.0,0.0,11.1559,0.0,15.1689,0.0,7.48374,5.8012,6.4932,0.0,0.0,0.0,14.2945
211,UDPNAGSYN-PWY: UDP-N-acetyl-D-glucosamine biosynthesis I|g__Lactobacillus.s__Lactobacillus_reuteri,1.61922,1.12501,0.855321,0.0,0.319205,0.0,0.561899,0.776336,0.0,0.640989,0.0,0.0,0.0,0.684882,0.0,0.0,0.0
212,VALSYN-PWY: L-valine biosynthesis|g__Alistipes.s__Alistipes_timonensis,0.0,0.0,0.0,0.997673,5.90469,1.34306,0.0,2.08974,0.98305,2.85211,0.477253,0.672997,0.506535,0.476168,1.03415,3.74929,0.477856
213,VALSYN-PWY: L-valine biosynthesis|g__Bacteroides.s__Bacteroides_sartorii,0.571982,0.533156,0.0,11.6358,6.49187,6.8565,2.4607,13.5509,8.63931,8.66334,2.67751,0.0,1.07925,5.68909,3.16522,6.29814,3.38435
214,VALSYN-PWY: L-valine biosynthesis|g__Muribaculaceae_unclassified.s__Muribaculaceae_bacterium_DSM_103720,21.1166,14.399,9.32835,0.0,0.0,0.0,10.5539,0.0,12.8597,0.0,6.73908,5.4494,5.82402,0.0,0.0,0.0,13.8559
