# Pathway	Control_330_Coverage
UNMAPPED	1.0000000000
UNINTEGRATED	1.0000000000
UNINTEGRATED|g__Acutalibacter.s__Acutalibacter_muris	1.0000000000
UNINTEGRATED|g__Anaerotruncus.s__Anaerotruncus_sp_G3_2012	1.0000000000
UNINTEGRATED|g__Bacteroides.s__Bacteroides_caecimuris	1.0000000000
UNINTEGRATED|g__Bacteroides.s__Bacteroides_sartorii	1.0000000000
UNINTEGRATED|g__Bifidobacterium.s__Bifidobacterium_pseudolongum	1.0000000000
UNINTEGRATED|g__Clostridium.s__Clostridium_sp_ASF502	1.0000000000
UNINTEGRATED|g__Dorea.s__Dorea_sp_5_2	1.0000000000
UNINTEGRATED|g__Firmicutes_unclassified.s__Firmicutes_bacterium_ASF500	1.0000000000
UNINTEGRATED|g__Helicobacter.s__Helicobacter_typhlonius	1.0000000000
UNINTEGRATED|g__Lachnospiraceae_unclassified.s__Lachnospiraceae_bacterium_28_4	1.0000000000
UNINTEGRATED|g__Lachnospiraceae_unclassified.s__Lachnospiraceae_bacterium_A4	1.0000000000
UNINTEGRATED|g__Lachnospiraceae_unclassified.s__Lachnospiraceae_bacterium_COE1	1.0000000000
UNINTEGRATED|g__Lactobacillus.s__Lactobacillus_intestinalis	1.0000000000
UNINTEGRATED|g__Lactobacillus.s__Lactobacillus_johnsonii	1.0000000000
UNINTEGRATED|g__Lactobacillus.s__Lactobacillus_murinus	1.0000000000
UNINTEGRATED|g__Lactobacillus.s__Lactobacillus_reuteri	1.0000000000
UNINTEGRATED|g__Mucispirillum.s__Mucispirillum_schaedleri	1.0000000000
UNINTEGRATED|g__Muribaculaceae_unclassified.s__Muribaculaceae_bacterium_DSM_103720	1.0000000000
UNINTEGRATED|g__Muribaculum.s__Muribaculum_intestinale	1.0000000000
UNINTEGRATED|g__Oscillibacter.s__Oscillibacter_sp_1_3	1.0000000000
UNINTEGRATED|g__Parabacteroides.s__Parabacteroides_distasonis	1.0000000000
UNINTEGRATED|g__Prevotella.s__Prevotella_sp_MGM1	1.0000000000
UNINTEGRATED|g__Prevotella.s__Prevotella_sp_MGM2	1.0000000000
UNINTEGRATED|unclassified	1.0000000000
ILEUSYN-PWY: L-isoleucine biosynthesis I (from threonine)	1.0000000000
ILEUSYN-PWY: L-isoleucine biosynthesis I (from threonine)|unclassified	1.0000000000
ILEUSYN-PWY: L-isoleucine biosynthesis I (from threonine)|g__Helicobacter.s__Helicobacter_typhlonius	0.9994061734
ILEUSYN-PWY: L-isoleucine biosynthesis I (from threonine)|g__Mucispirillum.s__Mucispirillum_schaedleri	0.9738830682
ILEUSYN-PWY: L-isoleucine biosynthesis I (from threonine)|g__Bacteroides.s__Bacteroides_caecimuris	0.8153096639
ILEUSYN-PWY: L-isoleucine biosynthesis I (from threonine)|g__Parabacteroides.s__Parabacteroides_distasonis	0.4176162090
ILEUSYN-PWY: L-isoleucine biosynthesis I (from threonine)|g__Bifidobacterium.s__Bifidobacterium_pseudolongum	0.2247612786
PWY-7111: pyruvate fermentation to isobutanol (engineered)	1.0000000000
PWY-7111: pyruvate fermentation to isobutanol (engineered)|unclassified	1.0000000000
PWY-7111: pyruvate fermentation to isobutanol (engineered)|g__Helicobacter.s__Helicobacter_typhlonius	0.9994061734
PWY-7111: pyruvate fermentation to isobutanol (engineered)|g__Mucispirillum.s__Mucispirillum_schaedleri	0.8655312260
PWY-7111: pyruvate fermentation to isobutanol (engineered)|g__Muribaculaceae_unclassified.s__Muribaculaceae_bacterium_DSM_103720	0.2330287089
PWY-7111: pyruvate fermentation to isobutanol (engineered)|g__Firmicutes_unclassified.s__Firmicutes_bacterium_ASF500	0.9946198330
PWY-7111: pyruvate fermentation to isobutanol (engineered)|g__Muribaculum.s__Muribaculum_intestinale	0.9642800493
PWY-7111: pyruvate fermentation to isobutanol (engineered)|g__Lachnospiraceae_unclassified.s__Lachnospiraceae_bacterium_A4	0.0436863948
PWY-7111: pyruvate fermentation to isobutanol (engineered)|g__Bacteroides.s__Bacteroides_caecimuris	0.0007424587
PWY-7111: pyruvate fermentation to isobutanol (engineered)|g__Prevotella.s__Prevotella_sp_MGM2	0.5714838293
PWY-7111: pyruvate fermentation to isobutanol (engineered)|g__Lachnospiraceae_unclassified.s__Lachnospiraceae_bacterium_COE1	0.0574645043
PWY-7111: pyruvate fermentation to isobutanol (engineered)|g__Prevotella.s__Prevotella_sp_MGM1	0.2134606765
PWY-7111: pyruvate fermentation to isobutanol (engineered)|g__Acutalibacter.s__Acutalibacter_muris	0.3104147340
PWY-7111: pyruvate fermentation to isobutanol (engineered)|g__Parabacteroides.s__Parabacteroides_distasonis	0.4176162090
PWY-7111: pyruvate fermentation to isobutanol (engineered)|g__Bifidobacterium.s__Bifidobacterium_pseudolongum	0.3728601604
PWY-7111: pyruvate fermentation to isobutanol (engineered)|g__Clostridium.s__Clostridium_sp_ASF502	0.1491862648
VALSYN-PWY: L-valine biosynthesis	1.0000000000
VALSYN-PWY: L-valine biosynthesis|unclassified	1.0000000000
VALSYN-PWY: L-valine biosynthesis|g__Helicobacter.s__Helicobacter_typhlonius	0.9994061734
VALSYN-PWY: L-valine biosynthesis|g__Mucispirillum.s__Mucispirillum_schaedleri	0.9738830682
VALSYN-PWY: L-valine biosynthesis|g__Muribaculaceae_unclassified.s__Muribaculaceae_bacterium_DSM_103720	0.2330287089
VALSYN-PWY: L-valine biosynthesis|g__Firmicutes_unclassified.s__Firmicutes_bacterium_ASF500	0.9946198330
VALSYN-PWY: L-valine biosynthesis|g__Muribaculum.s__Muribaculum_intestinale	0.9642800493
VALSYN-PWY: L-valine biosynthesis|g__Lachnospiraceae_unclassified.s__Lachnospiraceae_bacterium_A4	0.0436863948
VALSYN-PWY: L-valine biosynthesis|g__Bacteroides.s__Bacteroides_caecimuris	0.8153096639
VALSYN-PWY: L-valine biosynthesis|g__Prevotella.s__Prevotella_sp_MGM2	0.5714838293
VALSYN-PWY: L-valine biosynthesis|g__Lachnospiraceae_unclassified.s__Lachnospiraceae_bacterium_COE1	0.0574645043
VALSYN-PWY: L-valine biosynthesis|g__Anaerotruncus.s__Anaerotruncus_sp_G3_2012	0.1400011247
VALSYN-PWY: L-valine biosynthesis|g__Prevotella.s__Prevotella_sp_MGM1	0.2134606765
VALSYN-PWY: L-valine biosynthesis|g__Acutalibacter.s__Acutalibacter_muris	0.3104147340
VALSYN-PWY: L-valine biosynthesis|g__Parabacteroides.s__Parabacteroides_distasonis	0.4176162090
VALSYN-PWY: L-valine biosynthesis|g__Bifidobacterium.s__Bifidobacterium_pseudolongum	0.2247612786
PWY-5686: UMP biosynthesis	1.0000000000
PWY-5686: UMP biosynthesis|unclassified	1.0000000000
PWY-5686: UMP biosynthesis|g__Helicobacter.s__Helicobacter_typhlonius	0.0063147398
PWY-5686: UMP biosynthesis|g__Muribaculaceae_unclassified.s__Muribaculaceae_bacterium_DSM_103720	0.0469424145
PWY-5686: UMP biosynthesis|g__Mucispirillum.s__Mucispirillum_schaedleri	0.0014282766
PWY-5686: UMP biosynthesis|g__Muribaculum.s__Muribaculum_intestinale	0.0977985543
PWY-5686: UMP biosynthesis|g__Bacteroides.s__Bacteroides_caecimuris	0.0114676072
PWY-5686: UMP biosynthesis|g__Lachnospiraceae_unclassified.s__Lachnospiraceae_bacterium_COE1	0.4436059985
PWY-5686: UMP biosynthesis|g__Lactobacillus.s__Lactobacillus_reuteri	0.8103543177
PWY-5686: UMP biosynthesis|g__Firmicutes_unclassified.s__Firmicutes_bacterium_ASF500	0.1136868958
PWY-5686: UMP biosynthesis|g__Prevotella.s__Prevotella_sp_MGM1	0.1770499508
PWY-5686: UMP biosynthesis|g__Lactobacillus.s__Lactobacillus_johnsonii	0.0034316415
PWY-5686: UMP biosynthesis|g__Oscillibacter.s__Oscillibacter_sp_1_3	0.0456944006
PWY-5686: UMP biosynthesis|g__Lactobacillus.s__Lactobacillus_intestinalis	0.0412955348
PWY-5686: UMP biosynthesis|g__Bifidobacterium.s__Bifidobacterium_pseudolongum	0.3618803627
PWY-1042: glycolysis IV (plant cytosol)	1.0000000000
PWY-1042: glycolysis IV (plant cytosol)|unclassified	1.0000000000
PWY-1042: glycolysis IV (plant cytosol)|g__Lachnospiraceae_unclassified.s__Lachnospiraceae_bacterium_COE1	0.0040923267
PWY-1042: glycolysis IV (plant cytosol)|g__Lactobacillus.s__Lactobacillus_intestinalis	0.4341832097
TRNA-CHARGING-PWY: tRNA charging	1.0000000000
TRNA-CHARGING-PWY: tRNA charging|unclassified	1.0000000000
TRNA-CHARGING-PWY: tRNA charging|g__Muribaculaceae_unclassified.s__Muribaculaceae_bacterium_DSM_103720	0.0000269557
TRNA-CHARGING-PWY: tRNA charging|g__Firmicutes_unclassified.s__Firmicutes_bacterium_ASF500	0.9565015204
TRNA-CHARGING-PWY: tRNA charging|g__Bacteroides.s__Bacteroides_caecimuris	0.0821381051
TRNA-CHARGING-PWY: tRNA charging|g__Oscillibacter.s__Oscillibacter_sp_1_3	0.0861607845
TRNA-CHARGING-PWY: tRNA charging|g__Lactobacillus.s__Lactobacillus_reuteri	0.8121896170
TRNA-CHARGING-PWY: tRNA charging|g__Lactobacillus.s__Lactobacillus_johnsonii	0.0261357400
TRNA-CHARGING-PWY: tRNA charging|g__Lactobacillus.s__Lactobacillus_intestinalis	0.4779098949
TRNA-CHARGING-PWY: tRNA charging|g__Anaerotruncus.s__Anaerotruncus_sp_G3_2012	0.0779700066
PWY-7219: adenosine ribonucleotides de novo biosynthesis	1.0000000000
PWY-7219: adenosine ribonucleotides de novo biosynthesis|unclassified	1.0000000000
PWY-7219: adenosine ribonucleotides de novo biosynthesis|g__Helicobacter.s__Helicobacter_typhlonius	0.0831929023
PWY-7219: adenosine ribonucleotides de novo biosynthesis|g__Mucispirillum.s__Mucispirillum_schaedleri	0.8439201946
PWY-7219: adenosine ribonucleotides de novo biosynthesis|g__Muribaculaceae_unclassified.s__Muribaculaceae_bacterium_DSM_103720	0.0000074454
PWY-7219: adenosine ribonucleotides de novo biosynthesis|g__Bacteroides.s__Bacteroides_caecimuris	0.9115319249
PWY-7219: adenosine ribonucleotides de novo biosynthesis|g__Lachnospiraceae_unclassified.s__Lachnospiraceae_bacterium_A4	0.0000121648
PWY-7219: adenosine ribonucleotides de novo biosynthesis|g__Lachnospiraceae_unclassified.s__Lachnospiraceae_bacterium_COE1	0.5367965951
PWY-7219: adenosine ribonucleotides de novo biosynthesis|g__Muribaculum.s__Muribaculum_intestinale	0.0198091782
PWY-7219: adenosine ribonucleotides de novo biosynthesis|g__Lactobacillus.s__Lactobacillus_reuteri	0.8554067748
PWY-7219: adenosine ribonucleotides de novo biosynthesis|g__Lactobacillus.s__Lactobacillus_intestinalis	0.7664766841
PWY-7219: adenosine ribonucleotides de novo biosynthesis|g__Firmicutes_unclassified.s__Firmicutes_bacterium_ASF500	0.3171297724
PWY-7219: adenosine ribonucleotides de novo biosynthesis|g__Lactobacillus.s__Lactobacillus_johnsonii	0.0409498005
PWY-7219: adenosine ribonucleotides de novo biosynthesis|g__Prevotella.s__Prevotella_sp_MGM1	0.1482537955
PWY-7219: adenosine ribonucleotides de novo biosynthesis|g__Anaerotruncus.s__Anaerotruncus_sp_G3_2012	0.0072875458
PWY-7219: adenosine ribonucleotides de novo biosynthesis|g__Prevotella.s__Prevotella_sp_MGM2	0.0017904103
PWY-7219: adenosine ribonucleotides de novo biosynthesis|g__Parabacteroides.s__Parabacteroides_distasonis	0.5357678718
PWY-7219: adenosine ribonucleotides de novo biosynthesis|g__Acutalibacter.s__Acutalibacter_muris	0.1362482560
PWY-7219: adenosine ribonucleotides de novo biosynthesis|g__Bifidobacterium.s__Bifidobacterium_pseudolongum	0.4009091729
PWY-7219: adenosine ribonucleotides de novo biosynthesis|g__Bacteroides.s__Bacteroides_sartorii	0.1669444435
PWY-6122: 5-aminoimidazole ribonucleotide biosynthesis II	1.0000000000
PWY-6122: 5-aminoimidazole ribonucleotide biosynthesis II|unclassified	1.0000000000
PWY-6122: 5-aminoimidazole ribonucleotide biosynthesis II|g__Helicobacter.s__Helicobacter_typhlonius	0.4181759287
PWY-6122: 5-aminoimidazole ribonucleotide biosynthesis II|g__Muribaculaceae_unclassified.s__Muribaculaceae_bacterium_DSM_103720	0.0006128428
PWY-6122: 5-aminoimidazole ribonucleotide biosynthesis II|g__Mucispirillum.s__Mucispirillum_schaedleri	0.0000000000
PWY-6122: 5-aminoimidazole ribonucleotide biosynthesis II|g__Lachnospiraceae_unclassified.s__Lachnospiraceae_bacterium_A4	0.8592001280
PWY-6122: 5-aminoimidazole ribonucleotide biosynthesis II|g__Lactobacillus.s__Lactobacillus_reuteri	0.9063812682
PWY-6122: 5-aminoimidazole ribonucleotide biosynthesis II|g__Bacteroides.s__Bacteroides_caecimuris	0.0039015504
PWY-6122: 5-aminoimidazole ribonucleotide biosynthesis II|g__Lachnospiraceae_unclassified.s__Lachnospiraceae_bacterium_COE1	0.6647179746
PWY-6122: 5-aminoimidazole ribonucleotide biosynthesis II|g__Muribaculum.s__Muribaculum_intestinale	0.0850561947
PWY-6122: 5-aminoimidazole ribonucleotide biosynthesis II|g__Oscillibacter.s__Oscillibacter_sp_1_3	0.6770759320
PWY-6122: 5-aminoimidazole ribonucleotide biosynthesis II|g__Firmicutes_unclassified.s__Firmicutes_bacterium_ASF500	0.6050275128
PWY-6122: 5-aminoimidazole ribonucleotide biosynthesis II|g__Prevotella.s__Prevotella_sp_MGM2	0.3878946012
PWY-6122: 5-aminoimidazole ribonucleotide biosynthesis II|g__Anaerotruncus.s__Anaerotruncus_sp_G3_2012	0.0229795188
PWY-6122: 5-aminoimidazole ribonucleotide biosynthesis II|g__Parabacteroides.s__Parabacteroides_distasonis	0.4171504177
PWY-6122: 5-aminoimidazole ribonucleotide biosynthesis II|g__Bifidobacterium.s__Bifidobacterium_pseudolongum	0.3864202443
PWY-6122: 5-aminoimidazole ribonucleotide biosynthesis II|g__Lactobacillus.s__Lactobacillus_murinus	0.1474668463
PWY-6277: superpathway of 5-aminoimidazole ribonucleotide biosynthesis	1.0000000000
PWY-6277: superpathway of 5-aminoimidazole ribonucleotide biosynthesis|unclassified	1.0000000000
PWY-6277: superpathway of 5-aminoimidazole ribonucleotide biosynthesis|g__Helicobacter.s__Helicobacter_typhlonius	0.4181759287
PWY-6277: superpathway of 5-aminoimidazole ribonucleotide biosynthesis|g__Muribaculaceae_unclassified.s__Muribaculaceae_bacterium_DSM_103720	0.0006128428
PWY-6277: superpathway of 5-aminoimidazole ribonucleotide biosynthesis|g__Mucispirillum.s__Mucispirillum_schaedleri	0.0000000000
PWY-6277: superpathway of 5-aminoimidazole ribonucleotide biosynthesis|g__Lachnospiraceae_unclassified.s__Lachnospiraceae_bacterium_A4	0.8592001280
PWY-6277: superpathway of 5-aminoimidazole ribonucleotide biosynthesis|g__Lactobacillus.s__Lactobacillus_reuteri	0.9063812682
PWY-6277: superpathway of 5-aminoimidazole ribonucleotide biosynthesis|g__Bacteroides.s__Bacteroides_caecimuris	0.0039015504
PWY-6277: superpathway of 5-aminoimidazole ribonucleotide biosynthesis|g__Lachnospiraceae_unclassified.s__Lachnospiraceae_bacterium_COE1	0.6647179746
PWY-6277: superpathway of 5-aminoimidazole ribonucleotide biosynthesis|g__Muribaculum.s__Muribaculum_intestinale	0.0850561947
PWY-6277: superpathway of 5-aminoimidazole ribonucleotide biosynthesis|g__Oscillibacter.s__Oscillibacter_sp_1_3	0.6770759320
PWY-6277: superpathway of 5-aminoimidazole ribonucleotide biosynthesis|g__Firmicutes_unclassified.s__Firmicutes_bacterium_ASF500	0.6050275128
PWY-6277: superpathway of 5-aminoimidazole ribonucleotide biosynthesis|g__Prevotella.s__Prevotella_sp_MGM2	0.3878946012
PWY-6277: superpathway of 5-aminoimidazole ribonucleotide biosynthesis|g__Anaerotruncus.s__Anaerotruncus_sp_G3_2012	0.0229795188
PWY-6277: superpathway of 5-aminoimidazole ribonucleotide biosynthesis|g__Parabacteroides.s__Parabacteroides_distasonis	0.4171504177
PWY-6277: superpathway of 5-aminoimidazole ribonucleotide biosynthesis|g__Bifidobacterium.s__Bifidobacterium_pseudolongum	0.3864202443
PWY-6277: superpathway of 5-aminoimidazole ribonucleotide biosynthesis|g__Lactobacillus.s__Lactobacillus_murinus	0.1474668463
PWY-6609: adenine and adenosine salvage III	1.0000000000
PWY-6609: adenine and adenosine salvage III|unclassified	1.0000000000
PWY-6609: adenine and adenosine salvage III|g__Muribaculaceae_unclassified.s__Muribaculaceae_bacterium_DSM_103720	0.9151664706
PWY-6609: adenine and adenosine salvage III|g__Mucispirillum.s__Mucispirillum_schaedleri	0.0000000000
PWY-6609: adenine and adenosine salvage III|g__Lachnospiraceae_unclassified.s__Lachnospiraceae_bacterium_A4	0.1679143825
PWY-6609: adenine and adenosine salvage III|g__Lachnospiraceae_unclassified.s__Lachnospiraceae_bacterium_COE1	0.9871013427
PWY-6609: adenine and adenosine salvage III|g__Muribaculum.s__Muribaculum_intestinale	0.4604561293
PWY-6609: adenine and adenosine salvage III|g__Bacteroides.s__Bacteroides_caecimuris	0.0607062417
PWY-6609: adenine and adenosine salvage III|g__Lactobacillus.s__Lactobacillus_reuteri	0.9018358159
PWY-6609: adenine and adenosine salvage III|g__Firmicutes_unclassified.s__Firmicutes_bacterium_ASF500	0.2288796259
PWY-6609: adenine and adenosine salvage III|g__Lachnospiraceae_unclassified.s__Lachnospiraceae_bacterium_28_4	0.9725035291
PWY-6609: adenine and adenosine salvage III|g__Anaerotruncus.s__Anaerotruncus_sp_G3_2012	0.0539489137
PWY-6609: adenine and adenosine salvage III|g__Parabacteroides.s__Parabacteroides_distasonis	0.3148454531
PWY-6609: adenine and adenosine salvage III|g__Oscillibacter.s__Oscillibacter_sp_1_3	0.0000820182
ARGSYNBSUB-PWY: L-arginine biosynthesis II (acetyl cycle)	1.0000000000
ARGSYNBSUB-PWY: L-arginine biosynthesis II (acetyl cycle)|unclassified	1.0000000000
ARGSYNBSUB-PWY: L-arginine biosynthesis II (acetyl cycle)|g__Helicobacter.s__Helicobacter_typhlonius	0.2354008519
ARGSYNBSUB-PWY: L-arginine biosynthesis II (acetyl cycle)|g__Mucispirillum.s__Mucispirillum_schaedleri	0.0000726762
ARGSYNBSUB-PWY: L-arginine biosynthesis II (acetyl cycle)|g__Firmicutes_unclassified.s__Firmicutes_bacterium_ASF500	0.0275251525
ARGSYNBSUB-PWY: L-arginine biosynthesis II (acetyl cycle)|g__Lachnospiraceae_unclassified.s__Lachnospiraceae_bacterium_COE1	0.0117571887
ARGSYNBSUB-PWY: L-arginine biosynthesis II (acetyl cycle)|g__Anaerotruncus.s__Anaerotruncus_sp_G3_2012	0.0366007902
ARGSYNBSUB-PWY: L-arginine biosynthesis II (acetyl cycle)|g__Lachnospiraceae_unclassified.s__Lachnospiraceae_bacterium_28_4	0.6323208248
PWY-3841: folate transformations II	1.0000000000
PWY-3841: folate transformations II|unclassified	1.0000000000
PWY-3841: folate transformations II|g__Muribaculaceae_unclassified.s__Muribaculaceae_bacterium_DSM_103720	0.0068696506
PWY-3841: folate transformations II|g__Muribaculum.s__Muribaculum_intestinale	0.0051989904
PWY-3841: folate transformations II|g__Lactobacillus.s__Lactobacillus_johnsonii	0.6154049328
PWY-3841: folate transformations II|g__Bacteroides.s__Bacteroides_caecimuris	0.0018168630
PWY-3841: folate transformations II|g__Prevotella.s__Prevotella_sp_MGM1	0.3968409256
PWY-3841: folate transformations II|g__Lactobacillus.s__Lactobacillus_reuteri	0.0890704138
PWY-3841: folate transformations II|g__Lactobacillus.s__Lactobacillus_intestinalis	0.1825320597
PWY-3841: folate transformations II|g__Parabacteroides.s__Parabacteroides_distasonis	0.3295593356
PWY-7221: guanosine ribonucleotides de novo biosynthesis	1.0000000000
PWY-7221: guanosine ribonucleotides de novo biosynthesis|unclassified	1.0000000000
PWY-7221: guanosine ribonucleotides de novo biosynthesis|g__Helicobacter.s__Helicobacter_typhlonius	0.3361117811
PWY-7221: guanosine ribonucleotides de novo biosynthesis|g__Muribaculaceae_unclassified.s__Muribaculaceae_bacterium_DSM_103720	0.3336788789
PWY-7221: guanosine ribonucleotides de novo biosynthesis|g__Mucispirillum.s__Mucispirillum_schaedleri	0.0242636385
PWY-7221: guanosine ribonucleotides de novo biosynthesis|g__Muribaculum.s__Muribaculum_intestinale	0.6414053368
PWY-7221: guanosine ribonucleotides de novo biosynthesis|g__Bacteroides.s__Bacteroides_caecimuris	0.0744011194
PWY-7221: guanosine ribonucleotides de novo biosynthesis|g__Firmicutes_unclassified.s__Firmicutes_bacterium_ASF500	0.8882575106
PWY-7221: guanosine ribonucleotides de novo biosynthesis|g__Lactobacillus.s__Lactobacillus_reuteri	0.8930872855
PWY-7221: guanosine ribonucleotides de novo biosynthesis|g__Prevotella.s__Prevotella_sp_MGM1	0.7207149198
PWY-7221: guanosine ribonucleotides de novo biosynthesis|g__Anaerotruncus.s__Anaerotruncus_sp_G3_2012	0.4034586733
PWY-7221: guanosine ribonucleotides de novo biosynthesis|g__Lactobacillus.s__Lactobacillus_intestinalis	0.0972884242
PWY-7221: guanosine ribonucleotides de novo biosynthesis|g__Parabacteroides.s__Parabacteroides_distasonis	0.7716359254
PWY-7221: guanosine ribonucleotides de novo biosynthesis|g__Prevotella.s__Prevotella_sp_MGM2	0.0155647001
PWY-7221: guanosine ribonucleotides de novo biosynthesis|g__Lachnospiraceae_unclassified.s__Lachnospiraceae_bacterium_28_4	0.6314223202
PWY-7221: guanosine ribonucleotides de novo biosynthesis|g__Bacteroides.s__Bacteroides_sartorii	0.6624117459
PWY-7221: guanosine ribonucleotides de novo biosynthesis|g__Lactobacillus.s__Lactobacillus_murinus	0.2274752821
PWY-7221: guanosine ribonucleotides de novo biosynthesis|g__Bifidobacterium.s__Bifidobacterium_pseudolongum	0.3609505447
PWY-6121: 5-aminoimidazole ribonucleotide biosynthesis I	1.0000000000
PWY-6121: 5-aminoimidazole ribonucleotide biosynthesis I|unclassified	1.0000000000
PWY-6121: 5-aminoimidazole ribonucleotide biosynthesis I|g__Helicobacter.s__Helicobacter_typhlonius	0.4677028564
PWY-6121: 5-aminoimidazole ribonucleotide biosynthesis I|g__Muribaculaceae_unclassified.s__Muribaculaceae_bacterium_DSM_103720	0.0007659361
PWY-6121: 5-aminoimidazole ribonucleotide biosynthesis I|g__Mucispirillum.s__Mucispirillum_schaedleri	0.0000000000
PWY-6121: 5-aminoimidazole ribonucleotide biosynthesis I|g__Oscillibacter.s__Oscillibacter_sp_1_3	0.5583252562
PWY-6121: 5-aminoimidazole ribonucleotide biosynthesis I|g__Lachnospiraceae_unclassified.s__Lachnospiraceae_bacterium_COE1	0.1821393738
PWY-6121: 5-aminoimidazole ribonucleotide biosynthesis I|g__Bacteroides.s__Bacteroides_caecimuris	0.0000299195
PWY-6121: 5-aminoimidazole ribonucleotide biosynthesis I|g__Lactobacillus.s__Lactobacillus_reuteri	0.3554918121
PWY-6121: 5-aminoimidazole ribonucleotide biosynthesis I|g__Firmicutes_unclassified.s__Firmicutes_bacterium_ASF500	0.0283840716
PWY-6121: 5-aminoimidazole ribonucleotide biosynthesis I|g__Anaerotruncus.s__Anaerotruncus_sp_G3_2012	0.0285315297
PWY-6121: 5-aminoimidazole ribonucleotide biosynthesis I|g__Parabacteroides.s__Parabacteroides_distasonis	0.4712957980
ARGSYN-PWY: L-arginine biosynthesis I (via L-ornithine)	0.9999991145
ARGSYN-PWY: L-arginine biosynthesis I (via L-ornithine)|unclassified	1.0000000000
ARGSYN-PWY: L-arginine biosynthesis I (via L-ornithine)|g__Helicobacter.s__Helicobacter_typhlonius	0.0000002712
ARGSYN-PWY: L-arginine biosynthesis I (via L-ornithine)|g__Lachnospiraceae_unclassified.s__Lachnospiraceae_bacterium_COE1	0.0261985905
BRANCHED-CHAIN-AA-SYN-PWY: superpathway of branched amino acid biosynthesis	0.8792125030
BRANCHED-CHAIN-AA-SYN-PWY: superpathway of branched amino acid biosynthesis|unclassified	0.9999032665
BRANCHED-CHAIN-AA-SYN-PWY: superpathway of branched amino acid biosynthesis|g__Helicobacter.s__Helicobacter_typhlonius	0.0227347323
BRANCHED-CHAIN-AA-SYN-PWY: superpathway of branched amino acid biosynthesis|g__Mucispirillum.s__Mucispirillum_schaedleri	0.9028748819
BRANCHED-CHAIN-AA-SYN-PWY: superpathway of branched amino acid biosynthesis|g__Bacteroides.s__Bacteroides_caecimuris	0.0018539136
BRANCHED-CHAIN-AA-SYN-PWY: superpathway of branched amino acid biosynthesis|g__Parabacteroides.s__Parabacteroides_distasonis	0.2754568778
BRANCHED-CHAIN-AA-SYN-PWY: superpathway of branched amino acid biosynthesis|g__Bifidobacterium.s__Bifidobacterium_pseudolongum	0.2178959022
PWY-7400: L-arginine biosynthesis IV (archaebacteria)	0.9999991145
PWY-7400: L-arginine biosynthesis IV (archaebacteria)|unclassified	1.0000000000
PWY-7400: L-arginine biosynthesis IV (archaebacteria)|g__Helicobacter.s__Helicobacter_typhlonius	0.0000002768
PWY-7400: L-arginine biosynthesis IV (archaebacteria)|g__Lachnospiraceae_unclassified.s__Lachnospiraceae_bacterium_COE1	0.0293333671
DTDPRHAMSYN-PWY: dTDP-L-rhamnose biosynthesis I	1.0000000000
DTDPRHAMSYN-PWY: dTDP-L-rhamnose biosynthesis I|unclassified	1.0000000000
DTDPRHAMSYN-PWY: dTDP-L-rhamnose biosynthesis I|g__Muribaculaceae_unclassified.s__Muribaculaceae_bacterium_DSM_103720	0.1373977017
DTDPRHAMSYN-PWY: dTDP-L-rhamnose biosynthesis I|g__Mucispirillum.s__Mucispirillum_schaedleri	0.0000491146
DTDPRHAMSYN-PWY: dTDP-L-rhamnose biosynthesis I|g__Lachnospiraceae_unclassified.s__Lachnospiraceae_bacterium_A4	0.3670560614
DTDPRHAMSYN-PWY: dTDP-L-rhamnose biosynthesis I|g__Anaerotruncus.s__Anaerotruncus_sp_G3_2012	0.6967697663
DTDPRHAMSYN-PWY: dTDP-L-rhamnose biosynthesis I|g__Bacteroides.s__Bacteroides_caecimuris	0.0000431003
DTDPRHAMSYN-PWY: dTDP-L-rhamnose biosynthesis I|g__Muribaculum.s__Muribaculum_intestinale	0.0105479254
DTDPRHAMSYN-PWY: dTDP-L-rhamnose biosynthesis I|g__Prevotella.s__Prevotella_sp_MGM2	0.3985491551
DTDPRHAMSYN-PWY: dTDP-L-rhamnose biosynthesis I|g__Lachnospiraceae_unclassified.s__Lachnospiraceae_bacterium_COE1	0.1868606250
DTDPRHAMSYN-PWY: dTDP-L-rhamnose biosynthesis I|g__Lactobacillus.s__Lactobacillus_reuteri	0.4700170483
DTDPRHAMSYN-PWY: dTDP-L-rhamnose biosynthesis I|g__Prevotella.s__Prevotella_sp_MGM1	0.2666916599
DTDPRHAMSYN-PWY: dTDP-L-rhamnose biosynthesis I|g__Lactobacillus.s__Lactobacillus_johnsonii	0.0016700286
DTDPRHAMSYN-PWY: dTDP-L-rhamnose biosynthesis I|g__Lachnospiraceae_unclassified.s__Lachnospiraceae_bacterium_28_4	0.4412910425
DTDPRHAMSYN-PWY: dTDP-L-rhamnose biosynthesis I|g__Bifidobacterium.s__Bifidobacterium_pseudolongum	0.4574254775
PWY-5103: L-isoleucine biosynthesis III	0.8451833109
PWY-5103: L-isoleucine biosynthesis III|unclassified	0.9998710261
PWY-5103: L-isoleucine biosynthesis III|g__Helicobacter.s__Helicobacter_typhlonius	0.0171501686
PWY-5103: L-isoleucine biosynthesis III|g__Mucispirillum.s__Mucispirillum_schaedleri	0.8823931610
PWY-5103: L-isoleucine biosynthesis III|g__Bacteroides.s__Bacteroides_caecimuris	0.0009279005
PWY-5103: L-isoleucine biosynthesis III|g__Parabacteroides.s__Parabacteroides_distasonis	0.2368587758
PWY-5103: L-isoleucine biosynthesis III|g__Bifidobacterium.s__Bifidobacterium_pseudolongum	0.1955987373
GLUCONEO-PWY: gluconeogenesis I	0.0000009773
GLUCONEO-PWY: gluconeogenesis I|unclassified	0.0000000000
GLUCONEO-PWY: gluconeogenesis I|g__Helicobacter.s__Helicobacter_typhlonius	0.0000202996
PWY-6700: queuosine biosynthesis	0.9999999991
PWY-6700: queuosine biosynthesis|unclassified	1.0000000000
PWY-6700: queuosine biosynthesis|g__Helicobacter.s__Helicobacter_typhlonius	0.5170016091
PWY-6700: queuosine biosynthesis|g__Muribaculaceae_unclassified.s__Muribaculaceae_bacterium_DSM_103720	0.8214343936
PWY-6700: queuosine biosynthesis|g__Mucispirillum.s__Mucispirillum_schaedleri	0.0000000000
PWY-6700: queuosine biosynthesis|g__Muribaculum.s__Muribaculum_intestinale	0.9071228989
PWY-6700: queuosine biosynthesis|g__Firmicutes_unclassified.s__Firmicutes_bacterium_ASF500	0.4784708596
PWY-6700: queuosine biosynthesis|g__Bacteroides.s__Bacteroides_caecimuris	0.0000103985
PWY-6700: queuosine biosynthesis|g__Lachnospiraceae_unclassified.s__Lachnospiraceae_bacterium_COE1	0.0381730588
PWY-6700: queuosine biosynthesis|g__Prevotella.s__Prevotella_sp_MGM2	0.0050814511
PWY-6700: queuosine biosynthesis|g__Prevotella.s__Prevotella_sp_MGM1	0.0007377340
PEPTIDOGLYCANSYN-PWY: peptidoglycan biosynthesis I (meso-diaminopimelate containing)	0.9999878051
PEPTIDOGLYCANSYN-PWY: peptidoglycan biosynthesis I (meso-diaminopimelate containing)|unclassified	0.9994839312
PEPTIDOGLYCANSYN-PWY: peptidoglycan biosynthesis I (meso-diaminopimelate containing)|g__Helicobacter.s__Helicobacter_typhlonius	0.0003736295
PEPTIDOGLYCANSYN-PWY: peptidoglycan biosynthesis I (meso-diaminopimelate containing)|g__Mucispirillum.s__Mucispirillum_schaedleri	0.0000000002
PEPTIDOGLYCANSYN-PWY: peptidoglycan biosynthesis I (meso-diaminopimelate containing)|g__Muribaculum.s__Muribaculum_intestinale	0.3885587216
PEPTIDOGLYCANSYN-PWY: peptidoglycan biosynthesis I (meso-diaminopimelate containing)|g__Lactobacillus.s__Lactobacillus_johnsonii	0.3407476268
PEPTIDOGLYCANSYN-PWY: peptidoglycan biosynthesis I (meso-diaminopimelate containing)|g__Anaerotruncus.s__Anaerotruncus_sp_G3_2012	0.3020258311
PEPTIDOGLYCANSYN-PWY: peptidoglycan biosynthesis I (meso-diaminopimelate containing)|g__Lactobacillus.s__Lactobacillus_reuteri	0.5042952047
PEPTIDOGLYCANSYN-PWY: peptidoglycan biosynthesis I (meso-diaminopimelate containing)|g__Lachnospiraceae_unclassified.s__Lachnospiraceae_bacterium_COE1	0.1215535359
PEPTIDOGLYCANSYN-PWY: peptidoglycan biosynthesis I (meso-diaminopimelate containing)|g__Prevotella.s__Prevotella_sp_MGM2	0.3084150572
PEPTIDOGLYCANSYN-PWY: peptidoglycan biosynthesis I (meso-diaminopimelate containing)|g__Bacteroides.s__Bacteroides_caecimuris	0.0000014075
PEPTIDOGLYCANSYN-PWY: peptidoglycan biosynthesis I (meso-diaminopimelate containing)|g__Lactobacillus.s__Lactobacillus_intestinalis	0.0970369855
PEPTIDOGLYCANSYN-PWY: peptidoglycan biosynthesis I (meso-diaminopimelate containing)|g__Firmicutes_unclassified.s__Firmicutes_bacterium_ASF500	0.0253905780
PEPTIDOGLYCANSYN-PWY: peptidoglycan biosynthesis I (meso-diaminopimelate containing)|g__Bifidobacterium.s__Bifidobacterium_pseudolongum	0.3905148107
PWY-5097: L-lysine biosynthesis VI	1.0000000000
PWY-5097: L-lysine biosynthesis VI|unclassified	1.0000000000
PWY-5097: L-lysine biosynthesis VI|g__Helicobacter.s__Helicobacter_typhlonius	0.0004643462
PWY-5097: L-lysine biosynthesis VI|g__Bacteroides.s__Bacteroides_caecimuris	0.0025503380
PWY-5097: L-lysine biosynthesis VI|g__Muribaculum.s__Muribaculum_intestinale	0.0081810800
PWY-5097: L-lysine biosynthesis VI|g__Lactobacillus.s__Lactobacillus_johnsonii	0.1879074587
PWY-5097: L-lysine biosynthesis VI|g__Lactobacillus.s__Lactobacillus_reuteri	0.4184294906
PWY-5097: L-lysine biosynthesis VI|g__Anaerotruncus.s__Anaerotruncus_sp_G3_2012	0.0134557030
PWY-5097: L-lysine biosynthesis VI|g__Parabacteroides.s__Parabacteroides_distasonis	0.1842143793
PWY-6123: inosine-5'-phosphate biosynthesis I	0.7530397510
PWY-6123: inosine-5'-phosphate biosynthesis I|unclassified	0.7546105097
PWY-6123: inosine-5'-phosphate biosynthesis I|g__Helicobacter.s__Helicobacter_typhlonius	0.0008697551
PWY-6123: inosine-5'-phosphate biosynthesis I|g__Muribaculaceae_unclassified.s__Muribaculaceae_bacterium_DSM_103720	0.0000600578
PWY-6123: inosine-5'-phosphate biosynthesis I|g__Mucispirillum.s__Mucispirillum_schaedleri	0.0000037358
PWY-6123: inosine-5'-phosphate biosynthesis I|g__Bacteroides.s__Bacteroides_caecimuris	0.4668497292
PWY-6123: inosine-5'-phosphate biosynthesis I|g__Muribaculum.s__Muribaculum_intestinale	0.0533865307
PWY-6123: inosine-5'-phosphate biosynthesis I|g__Lactobacillus.s__Lactobacillus_reuteri	0.5279412567
PWY-6123: inosine-5'-phosphate biosynthesis I|g__Parabacteroides.s__Parabacteroides_distasonis	0.3546031412
PWY-6123: inosine-5'-phosphate biosynthesis I|g__Bifidobacterium.s__Bifidobacterium_pseudolongum	0.1712288750
PWY-841: superpathway of purine nucleotides de novo biosynthesis I	0.0000269276
PWY-841: superpathway of purine nucleotides de novo biosynthesis I|unclassified	0.0149260419
PWY-5973: cis-vaccenate biosynthesis	0.9989866211
PWY-5973: cis-vaccenate biosynthesis|unclassified	0.0333250498
PWY-5973: cis-vaccenate biosynthesis|g__Helicobacter.s__Helicobacter_typhlonius	0.6198648766
PWY-5973: cis-vaccenate biosynthesis|g__Bacteroides.s__Bacteroides_caecimuris	0.5992651202
PWY-5973: cis-vaccenate biosynthesis|g__Prevotella.s__Prevotella_sp_MGM1	0.0122803765
PWY-5973: cis-vaccenate biosynthesis|g__Lactobacillus.s__Lactobacillus_reuteri	0.0050138495
PWY-6387: UDP-N-acetylmuramoyl-pentapeptide biosynthesis I (meso-diaminopimelate containing)	0.9999847564
PWY-6387: UDP-N-acetylmuramoyl-pentapeptide biosynthesis I (meso-diaminopimelate containing)|unclassified	0.9993549972
PWY-6387: UDP-N-acetylmuramoyl-pentapeptide biosynthesis I (meso-diaminopimelate containing)|g__Helicobacter.s__Helicobacter_typhlonius	0.0002989381
PWY-6387: UDP-N-acetylmuramoyl-pentapeptide biosynthesis I (meso-diaminopimelate containing)|g__Mucispirillum.s__Mucispirillum_schaedleri	0.0000000002
PWY-6387: UDP-N-acetylmuramoyl-pentapeptide biosynthesis I (meso-diaminopimelate containing)|g__Muribaculum.s__Muribaculum_intestinale	0.3422361299
PWY-6387: UDP-N-acetylmuramoyl-pentapeptide biosynthesis I (meso-diaminopimelate containing)|g__Lactobacillus.s__Lactobacillus_johnsonii	0.5305170115
PWY-6387: UDP-N-acetylmuramoyl-pentapeptide biosynthesis I (meso-diaminopimelate containing)|g__Anaerotruncus.s__Anaerotruncus_sp_G3_2012	0.3545412918
PWY-6387: UDP-N-acetylmuramoyl-pentapeptide biosynthesis I (meso-diaminopimelate containing)|g__Lactobacillus.s__Lactobacillus_reuteri	0.5609952090
PWY-6387: UDP-N-acetylmuramoyl-pentapeptide biosynthesis I (meso-diaminopimelate containing)|g__Lachnospiraceae_unclassified.s__Lachnospiraceae_bacterium_COE1	0.1289711940
PWY-6387: UDP-N-acetylmuramoyl-pentapeptide biosynthesis I (meso-diaminopimelate containing)|g__Prevotella.s__Prevotella_sp_MGM2	0.3433550717
PWY-6387: UDP-N-acetylmuramoyl-pentapeptide biosynthesis I (meso-diaminopimelate containing)|g__Bacteroides.s__Bacteroides_caecimuris	0.0000011340
PWY-6387: UDP-N-acetylmuramoyl-pentapeptide biosynthesis I (meso-diaminopimelate containing)|g__Lachnospiraceae_unclassified.s__Lachnospiraceae_bacterium_A4	0.0000000000
PWY-6387: UDP-N-acetylmuramoyl-pentapeptide biosynthesis I (meso-diaminopimelate containing)|g__Lactobacillus.s__Lactobacillus_intestinalis	0.0871852939
PWY-6387: UDP-N-acetylmuramoyl-pentapeptide biosynthesis I (meso-diaminopimelate containing)|g__Firmicutes_unclassified.s__Firmicutes_bacterium_ASF500	0.0207692560
PWY-6387: UDP-N-acetylmuramoyl-pentapeptide biosynthesis I (meso-diaminopimelate containing)|g__Bifidobacterium.s__Bifidobacterium_pseudolongum	0.3497373300
PWY-7228: superpathway of guanosine nucleotides de novo biosynthesis I	0.9954591912
PWY-7228: superpathway of guanosine nucleotides de novo biosynthesis I|unclassified	0.0082025572
PWY-7228: superpathway of guanosine nucleotides de novo biosynthesis I|g__Helicobacter.s__Helicobacter_typhlonius	0.4027967604
PWY-7228: superpathway of guanosine nucleotides de novo biosynthesis I|g__Muribaculaceae_unclassified.s__Muribaculaceae_bacterium_DSM_103720	0.0002408656
PWY-7228: superpathway of guanosine nucleotides de novo biosynthesis I|g__Mucispirillum.s__Mucispirillum_schaedleri	0.0357556290
PWY-7228: superpathway of guanosine nucleotides de novo biosynthesis I|g__Muribaculum.s__Muribaculum_intestinale	0.4801717882
PWY-7228: superpathway of guanosine nucleotides de novo biosynthesis I|g__Bacteroides.s__Bacteroides_sartorii	0.5607727823
PWY-6385: peptidoglycan biosynthesis III (mycobacteria)	0.9999878051
PWY-6385: peptidoglycan biosynthesis III (mycobacteria)|unclassified	0.0000000000
PWY-6385: peptidoglycan biosynthesis III (mycobacteria)|g__Helicobacter.s__Helicobacter_typhlonius	0.0003736311
PWY-6385: peptidoglycan biosynthesis III (mycobacteria)|g__Anaerotruncus.s__Anaerotruncus_sp_G3_2012	0.3020258311
PWY-6385: peptidoglycan biosynthesis III (mycobacteria)|g__Lactobacillus.s__Lactobacillus_reuteri	0.5074542193
PWY-6385: peptidoglycan biosynthesis III (mycobacteria)|g__Lachnospiraceae_unclassified.s__Lachnospiraceae_bacterium_COE1	0.1215535359
PWY-6385: peptidoglycan biosynthesis III (mycobacteria)|g__Prevotella.s__Prevotella_sp_MGM2	0.3133460387
PWY-6385: peptidoglycan biosynthesis III (mycobacteria)|g__Bacteroides.s__Bacteroides_caecimuris	0.0000000031
COA-PWY-1: coenzyme A biosynthesis II (mammalian)	1.0000000000
COA-PWY-1: coenzyme A biosynthesis II (mammalian)|unclassified	1.0000000000
COA-PWY-1: coenzyme A biosynthesis II (mammalian)|g__Helicobacter.s__Helicobacter_typhlonius	0.1260475404
COA-PWY-1: coenzyme A biosynthesis II (mammalian)|g__Muribaculaceae_unclassified.s__Muribaculaceae_bacterium_DSM_103720	0.0314080741
COA-PWY-1: coenzyme A biosynthesis II (mammalian)|g__Mucispirillum.s__Mucispirillum_schaedleri	0.0000000000
COA-PWY-1: coenzyme A biosynthesis II (mammalian)|g__Muribaculum.s__Muribaculum_intestinale	0.6538777085
COA-PWY-1: coenzyme A biosynthesis II (mammalian)|g__Lactobacillus.s__Lactobacillus_johnsonii	0.6181647224
COA-PWY-1: coenzyme A biosynthesis II (mammalian)|g__Bacteroides.s__Bacteroides_caecimuris	0.0090393820
COA-PWY-1: coenzyme A biosynthesis II (mammalian)|g__Prevotella.s__Prevotella_sp_MGM2	0.8215278772
COA-PWY-1: coenzyme A biosynthesis II (mammalian)|g__Prevotella.s__Prevotella_sp_MGM1	0.8396609143
COA-PWY-1: coenzyme A biosynthesis II (mammalian)|g__Anaerotruncus.s__Anaerotruncus_sp_G3_2012	0.4348827483
COA-PWY-1: coenzyme A biosynthesis II (mammalian)|g__Firmicutes_unclassified.s__Firmicutes_bacterium_ASF500	0.2580974551
COA-PWY-1: coenzyme A biosynthesis II (mammalian)|g__Lactobacillus.s__Lactobacillus_intestinalis	0.4207027917
COA-PWY-1: coenzyme A biosynthesis II (mammalian)|g__Lactobacillus.s__Lactobacillus_reuteri	0.1788415144
COA-PWY-1: coenzyme A biosynthesis II (mammalian)|g__Lachnospiraceae_unclassified.s__Lachnospiraceae_bacterium_28_4	0.5229543698
COA-PWY-1: coenzyme A biosynthesis II (mammalian)|g__Lactobacillus.s__Lactobacillus_murinus	0.3538439617
COA-PWY-1: coenzyme A biosynthesis II (mammalian)|g__Parabacteroides.s__Parabacteroides_distasonis	0.2485992197
OANTIGEN-PWY: O-antigen building blocks biosynthesis (E. coli)	0.9999364999
OANTIGEN-PWY: O-antigen building blocks biosynthesis (E. coli)|unclassified	0.0000000000
UDPNAGSYN-PWY: UDP-N-acetyl-D-glucosamine biosynthesis I	0.9999862942
UDPNAGSYN-PWY: UDP-N-acetyl-D-glucosamine biosynthesis I|g__Helicobacter.s__Helicobacter_typhlonius	0.8551947386
UDPNAGSYN-PWY: UDP-N-acetyl-D-glucosamine biosynthesis I|unclassified	0.0000000000
UDPNAGSYN-PWY: UDP-N-acetyl-D-glucosamine biosynthesis I|g__Mucispirillum.s__Mucispirillum_schaedleri	0.0199245864
UDPNAGSYN-PWY: UDP-N-acetyl-D-glucosamine biosynthesis I|g__Lactobacillus.s__Lactobacillus_johnsonii	0.4038267334
UDPNAGSYN-PWY: UDP-N-acetyl-D-glucosamine biosynthesis I|g__Lactobacillus.s__Lactobacillus_reuteri	0.4163547624
UDPNAGSYN-PWY: UDP-N-acetyl-D-glucosamine biosynthesis I|g__Anaerotruncus.s__Anaerotruncus_sp_G3_2012	0.1581071354
UDPNAGSYN-PWY: UDP-N-acetyl-D-glucosamine biosynthesis I|g__Lactobacillus.s__Lactobacillus_intestinalis	0.2526867877
UDPNAGSYN-PWY: UDP-N-acetyl-D-glucosamine biosynthesis I|g__Bifidobacterium.s__Bifidobacterium_pseudolongum	0.3382184679
PANTO-PWY: phosphopantothenate biosynthesis I	1.0000000000
PANTO-PWY: phosphopantothenate biosynthesis I|unclassified	1.0000000000
PANTO-PWY: phosphopantothenate biosynthesis I|g__Helicobacter.s__Helicobacter_typhlonius	0.0000096911
PANTO-PWY: phosphopantothenate biosynthesis I|g__Muribaculaceae_unclassified.s__Muribaculaceae_bacterium_DSM_103720	0.0387202465
PANTO-PWY: phosphopantothenate biosynthesis I|g__Mucispirillum.s__Mucispirillum_schaedleri	0.0000000000
PANTO-PWY: phosphopantothenate biosynthesis I|g__Bacteroides.s__Bacteroides_caecimuris	0.4411292587
PANTO-PWY: phosphopantothenate biosynthesis I|g__Muribaculum.s__Muribaculum_intestinale	0.0793241351
PANTO-PWY: phosphopantothenate biosynthesis I|g__Prevotella.s__Prevotella_sp_MGM1	0.7844829776
PANTO-PWY: phosphopantothenate biosynthesis I|g__Prevotella.s__Prevotella_sp_MGM2	0.0025815067
PANTO-PWY: phosphopantothenate biosynthesis I|g__Parabacteroides.s__Parabacteroides_distasonis	0.1585843396
PANTO-PWY: phosphopantothenate biosynthesis I|g__Bacteroides.s__Bacteroides_sartorii	0.1777704478
PWY-6124: inosine-5'-phosphate biosynthesis II	0.7175962036
PWY-6124: inosine-5'-phosphate biosynthesis II|unclassified	0.7193083670
PWY-6124: inosine-5'-phosphate biosynthesis II|g__Helicobacter.s__Helicobacter_typhlonius	0.0007250371
PWY-6124: inosine-5'-phosphate biosynthesis II|g__Mucispirillum.s__Mucispirillum_schaedleri	0.0884794134
PWY-6124: inosine-5'-phosphate biosynthesis II|g__Muribaculaceae_unclassified.s__Muribaculaceae_bacterium_DSM_103720	0.0000500510
PWY-6124: inosine-5'-phosphate biosynthesis II|g__Bacteroides.s__Bacteroides_caecimuris	0.4218662407
PWY-6124: inosine-5'-phosphate biosynthesis II|g__Muribaculum.s__Muribaculum_intestinale	0.1052797585
PWY-6124: inosine-5'-phosphate biosynthesis II|g__Lactobacillus.s__Lactobacillus_reuteri	0.3870918973
PWY-6124: inosine-5'-phosphate biosynthesis II|g__Parabacteroides.s__Parabacteroides_distasonis	0.3271150646
PWY-6124: inosine-5'-phosphate biosynthesis II|g__Bifidobacterium.s__Bifidobacterium_pseudolongum	0.1845911800
GLUTORN-PWY: L-ornithine biosynthesis	0.9999957495
GLUTORN-PWY: L-ornithine biosynthesis|unclassified	1.0000000000
GLUTORN-PWY: L-ornithine biosynthesis|g__Helicobacter.s__Helicobacter_typhlonius	0.1568273689
GLUTORN-PWY: L-ornithine biosynthesis|g__Lachnospiraceae_unclassified.s__Lachnospiraceae_bacterium_COE1	0.0072237972
PWY-5104: L-isoleucine biosynthesis IV	0.8451833109
PWY-5104: L-isoleucine biosynthesis IV|g__Helicobacter.s__Helicobacter_typhlonius	0.0171502385
PWY-5104: L-isoleucine biosynthesis IV|unclassified	0.0000000000
PWY-5104: L-isoleucine biosynthesis IV|g__Anaerotruncus.s__Anaerotruncus_sp_G3_2012	0.1629560076
PWY-6125: superpathway of guanosine nucleotides de novo biosynthesis II	0.9941693818
PWY-6125: superpathway of guanosine nucleotides de novo biosynthesis II|unclassified	0.0095565854
PWY-6125: superpathway of guanosine nucleotides de novo biosynthesis II|g__Helicobacter.s__Helicobacter_typhlonius	0.0000000000
PWY-6125: superpathway of guanosine nucleotides de novo biosynthesis II|g__Muribaculaceae_unclassified.s__Muribaculaceae_bacterium_DSM_103720	0.0000458236
PWY-6125: superpathway of guanosine nucleotides de novo biosynthesis II|g__Mucispirillum.s__Mucispirillum_schaedleri	0.0006254383
PWY-6125: superpathway of guanosine nucleotides de novo biosynthesis II|g__Muribaculum.s__Muribaculum_intestinale	0.0286955476
PWY-7229: superpathway of adenosine nucleotides de novo biosynthesis I	0.0000073440
PWY-7229: superpathway of adenosine nucleotides de novo biosynthesis I|unclassified	0.9999999112
PWY-7229: superpathway of adenosine nucleotides de novo biosynthesis I|g__Lactobacillus.s__Lactobacillus_reuteri	0.7446052551
PWY-2942: L-lysine biosynthesis III	0.5385105909
PWY-2942: L-lysine biosynthesis III|unclassified	1.0000000000
PWY-2942: L-lysine biosynthesis III|g__Helicobacter.s__Helicobacter_typhlonius	0.0020186862
PWY-2942: L-lysine biosynthesis III|g__Mucispirillum.s__Mucispirillum_schaedleri	0.0269042495
PWY-2942: L-lysine biosynthesis III|g__Bacteroides.s__Bacteroides_caecimuris	0.0027776543
PWY-2942: L-lysine biosynthesis III|g__Lactobacillus.s__Lactobacillus_reuteri	0.8331857930
PWY-2942: L-lysine biosynthesis III|g__Muribaculum.s__Muribaculum_intestinale	0.0069815947
PWY-2942: L-lysine biosynthesis III|g__Lactobacillus.s__Lactobacillus_johnsonii	0.1741112072
PWY-2942: L-lysine biosynthesis III|g__Prevotella.s__Prevotella_sp_MGM2	0.1223913712
PWY-2942: L-lysine biosynthesis III|g__Anaerotruncus.s__Anaerotruncus_sp_G3_2012	0.0095618356
PWY-2942: L-lysine biosynthesis III|g__Parabacteroides.s__Parabacteroides_distasonis	0.6567963886
PWY-2942: L-lysine biosynthesis III|g__Lactobacillus.s__Lactobacillus_murinus	0.2210604489
PWY-7663: gondoate biosynthesis (anaerobic)	0.9987335972
PWY-7663: gondoate biosynthesis (anaerobic)|unclassified	0.0268389215
PWY-7663: gondoate biosynthesis (anaerobic)|g__Helicobacter.s__Helicobacter_typhlonius	0.9999981464
PWY-7663: gondoate biosynthesis (anaerobic)|g__Bacteroides.s__Bacteroides_caecimuris	0.5446959695
PWY-7663: gondoate biosynthesis (anaerobic)|g__Lactobacillus.s__Lactobacillus_reuteri	0.1942823642
PWY-7663: gondoate biosynthesis (anaerobic)|g__Prevotella.s__Prevotella_sp_MGM1	0.0098501490
COA-PWY: coenzyme A biosynthesis I	1.0000000000
COA-PWY: coenzyme A biosynthesis I|unclassified	1.0000000000
COA-PWY: coenzyme A biosynthesis I|g__Helicobacter.s__Helicobacter_typhlonius	0.1421016354
COA-PWY: coenzyme A biosynthesis I|g__Muribaculaceae_unclassified.s__Muribaculaceae_bacterium_DSM_103720	0.0001711985
COA-PWY: coenzyme A biosynthesis I|g__Mucispirillum.s__Mucispirillum_schaedleri	0.0000000000
COA-PWY: coenzyme A biosynthesis I|g__Muribaculum.s__Muribaculum_intestinale	0.6538777085
COA-PWY: coenzyme A biosynthesis I|g__Prevotella.s__Prevotella_sp_MGM2	0.9147334582
COA-PWY: coenzyme A biosynthesis I|g__Prevotella.s__Prevotella_sp_MGM1	0.8200805076
COA-PWY: coenzyme A biosynthesis I|g__Anaerotruncus.s__Anaerotruncus_sp_G3_2012	0.4020122041
COA-PWY: coenzyme A biosynthesis I|g__Lactobacillus.s__Lactobacillus_johnsonii	0.1018050486
COA-PWY: coenzyme A biosynthesis I|g__Bacteroides.s__Bacteroides_caecimuris	0.0000881940
COA-PWY: coenzyme A biosynthesis I|g__Firmicutes_unclassified.s__Firmicutes_bacterium_ASF500	0.2022441864
COA-PWY: coenzyme A biosynthesis I|g__Lactobacillus.s__Lactobacillus_intestinalis	0.4170798640
COA-PWY: coenzyme A biosynthesis I|g__Lactobacillus.s__Lactobacillus_reuteri	0.1402384924
COA-PWY: coenzyme A biosynthesis I|g__Lachnospiraceae_unclassified.s__Lachnospiraceae_bacterium_28_4	0.5616437649
GLYCOLYSIS: glycolysis I (from glucose 6-phosphate)	0.0000000000
GLYCOLYSIS: glycolysis I (from glucose 6-phosphate)|unclassified	0.0000000000
PWY-6126: superpathway of adenosine nucleotides de novo biosynthesis II	0.0000085680
PWY-6126: superpathway of adenosine nucleotides de novo biosynthesis II|unclassified	0.9999998479
PWY-6126: superpathway of adenosine nucleotides de novo biosynthesis II|g__Lactobacillus.s__Lactobacillus_reuteri	0.6616857596
PWY-6163: chorismate biosynthesis from 3-dehydroquinate	0.9300816900
PWY-6163: chorismate biosynthesis from 3-dehydroquinate|unclassified	0.3461270287
PWY-6163: chorismate biosynthesis from 3-dehydroquinate|g__Helicobacter.s__Helicobacter_typhlonius	0.0000000000
PWY-6163: chorismate biosynthesis from 3-dehydroquinate|g__Muribaculaceae_unclassified.s__Muribaculaceae_bacterium_DSM_103720	0.0001811821
PWY-6163: chorismate biosynthesis from 3-dehydroquinate|g__Mucispirillum.s__Mucispirillum_schaedleri	0.0000000000
PWY-6163: chorismate biosynthesis from 3-dehydroquinate|g__Bacteroides.s__Bacteroides_caecimuris	0.0035912420
PWY-6163: chorismate biosynthesis from 3-dehydroquinate|g__Lachnospiraceae_unclassified.s__Lachnospiraceae_bacterium_COE1	0.1754128578
PWY-6163: chorismate biosynthesis from 3-dehydroquinate|g__Anaerotruncus.s__Anaerotruncus_sp_G3_2012	0.2530755798
CALVIN-PWY: Calvin-Benson-Bassham cycle	0.0000000000
CALVIN-PWY: Calvin-Benson-Bassham cycle|unclassified	0.0000000000
CALVIN-PWY: Calvin-Benson-Bassham cycle|g__Helicobacter.s__Helicobacter_typhlonius	0.0000680072
ARO-PWY: chorismate biosynthesis I	0.9488273083
ARO-PWY: chorismate biosynthesis I|unclassified	0.4255616855
ARO-PWY: chorismate biosynthesis I|g__Helicobacter.s__Helicobacter_typhlonius	0.0000000000
ARO-PWY: chorismate biosynthesis I|g__Lachnospiraceae_unclassified.s__Lachnospiraceae_bacterium_COE1	0.2155094538
RIBOSYN2-PWY: flavin biosynthesis I (bacteria and plants)	0.9591285218
RIBOSYN2-PWY: flavin biosynthesis I (bacteria and plants)|unclassified	0.9999702550
RIBOSYN2-PWY: flavin biosynthesis I (bacteria and plants)|g__Helicobacter.s__Helicobacter_typhlonius	0.0165083005
RIBOSYN2-PWY: flavin biosynthesis I (bacteria and plants)|g__Mucispirillum.s__Mucispirillum_schaedleri	0.0000000000
RIBOSYN2-PWY: flavin biosynthesis I (bacteria and plants)|g__Muribaculum.s__Muribaculum_intestinale	0.0034966753
RIBOSYN2-PWY: flavin biosynthesis I (bacteria and plants)|g__Bacteroides.s__Bacteroides_caecimuris	0.0000712399
RIBOSYN2-PWY: flavin biosynthesis I (bacteria and plants)|g__Lactobacillus.s__Lactobacillus_reuteri	0.1699524981
PANTOSYN-PWY: pantothenate and coenzyme A biosynthesis I	0.3431683002
PANTOSYN-PWY: pantothenate and coenzyme A biosynthesis I|unclassified	0.1408525155
PANTOSYN-PWY: pantothenate and coenzyme A biosynthesis I|g__Helicobacter.s__Helicobacter_typhlonius	0.0000170650
PANTOSYN-PWY: pantothenate and coenzyme A biosynthesis I|g__Muribaculaceae_unclassified.s__Muribaculaceae_bacterium_DSM_103720	0.0002566317
PANTOSYN-PWY: pantothenate and coenzyme A biosynthesis I|g__Muribaculum.s__Muribaculum_intestinale	0.1563739764
PANTOSYN-PWY: pantothenate and coenzyme A biosynthesis I|g__Bacteroides.s__Bacteroides_caecimuris	0.0001907578
PANTOSYN-PWY: pantothenate and coenzyme A biosynthesis I|g__Prevotella.s__Prevotella_sp_MGM1	0.8188110459
PANTOSYN-PWY: pantothenate and coenzyme A biosynthesis I|g__Prevotella.s__Prevotella_sp_MGM2	0.0057822456
DENOVOPURINE2-PWY: superpathway of purine nucleotides de novo biosynthesis II	0.0000000000
DENOVOPURINE2-PWY: superpathway of purine nucleotides de novo biosynthesis II|unclassified	0.0155939185
PWY-7208: superpathway of pyrimidine nucleobases salvage	0.9932042160
PWY-7208: superpathway of pyrimidine nucleobases salvage|unclassified	0.0054833640
PWY-7208: superpathway of pyrimidine nucleobases salvage|g__Mucispirillum.s__Mucispirillum_schaedleri	0.1716286119
PWY-5695: urate biosynthesis/inosine 5'-phosphate degradation	0.0004564236
PWY-5695: urate biosynthesis/inosine 5'-phosphate degradation|unclassified	0.0000000000
PWY-5695: urate biosynthesis/inosine 5'-phosphate degradation|g__Muribaculaceae_unclassified.s__Muribaculaceae_bacterium_DSM_103720	0.0276584459
PWY-5695: urate biosynthesis/inosine 5'-phosphate degradation|g__Mucispirillum.s__Mucispirillum_schaedleri	0.0000000000
PWY-5695: urate biosynthesis/inosine 5'-phosphate degradation|g__Bacteroides.s__Bacteroides_caecimuris	0.0155893295
PWY-5695: urate biosynthesis/inosine 5'-phosphate degradation|g__Muribaculum.s__Muribaculum_intestinale	0.0145256694
PWY-5695: urate biosynthesis/inosine 5'-phosphate degradation|g__Lactobacillus.s__Lactobacillus_reuteri	0.5997466223
PWY-6151: S-adenosyl-L-methionine cycle I	0.9960969077
PWY-6151: S-adenosyl-L-methionine cycle I|unclassified	0.0000002494
PWY-6151: S-adenosyl-L-methionine cycle I|g__Helicobacter.s__Helicobacter_typhlonius	0.0033689474
PWY-6151: S-adenosyl-L-methionine cycle I|g__Muribaculaceae_unclassified.s__Muribaculaceae_bacterium_DSM_103720	0.2780177460
PWY-6151: S-adenosyl-L-methionine cycle I|g__Lachnospiraceae_unclassified.s__Lachnospiraceae_bacterium_A4	0.2958515138
PWY-6151: S-adenosyl-L-methionine cycle I|g__Muribaculum.s__Muribaculum_intestinale	0.7965363427
PWY-6151: S-adenosyl-L-methionine cycle I|g__Anaerotruncus.s__Anaerotruncus_sp_G3_2012	0.4688757058
PWY-6151: S-adenosyl-L-methionine cycle I|g__Lactobacillus.s__Lactobacillus_johnsonii	0.2102285654
PWY-6151: S-adenosyl-L-methionine cycle I|g__Prevotella.s__Prevotella_sp_MGM1	0.6693384387
PWY-6151: S-adenosyl-L-methionine cycle I|g__Lactobacillus.s__Lactobacillus_reuteri	0.3110203622
PWY-6151: S-adenosyl-L-methionine cycle I|g__Lachnospiraceae_unclassified.s__Lachnospiraceae_bacterium_COE1	0.0009182719
PWY-6151: S-adenosyl-L-methionine cycle I|g__Oscillibacter.s__Oscillibacter_sp_1_3	0.0007454639
PWY-6151: S-adenosyl-L-methionine cycle I|g__Lactobacillus.s__Lactobacillus_murinus	0.1182988001
PWY-6386: UDP-N-acetylmuramoyl-pentapeptide biosynthesis II (lysine-containing)	0.0000000000
PWY-6386: UDP-N-acetylmuramoyl-pentapeptide biosynthesis II (lysine-containing)|unclassified	0.0000000000
PWY-6386: UDP-N-acetylmuramoyl-pentapeptide biosynthesis II (lysine-containing)|g__Helicobacter.s__Helicobacter_typhlonius	0.0003561128
PWY-6386: UDP-N-acetylmuramoyl-pentapeptide biosynthesis II (lysine-containing)|g__Lactobacillus.s__Lactobacillus_johnsonii	0.5292269406
PWY-6386: UDP-N-acetylmuramoyl-pentapeptide biosynthesis II (lysine-containing)|g__Anaerotruncus.s__Anaerotruncus_sp_G3_2012	0.3297715852
PWY-6386: UDP-N-acetylmuramoyl-pentapeptide biosynthesis II (lysine-containing)|g__Lactobacillus.s__Lactobacillus_reuteri	0.5775189954
PWY-6386: UDP-N-acetylmuramoyl-pentapeptide biosynthesis II (lysine-containing)|g__Lachnospiraceae_unclassified.s__Lachnospiraceae_bacterium_COE1	0.1399130372
PWY-6386: UDP-N-acetylmuramoyl-pentapeptide biosynthesis II (lysine-containing)|g__Bacteroides.s__Bacteroides_caecimuris	0.0000000030
PWY-6386: UDP-N-acetylmuramoyl-pentapeptide biosynthesis II (lysine-containing)|g__Lactobacillus.s__Lactobacillus_intestinalis	0.0990617141
PWY-6386: UDP-N-acetylmuramoyl-pentapeptide biosynthesis II (lysine-containing)|g__Prevotella.s__Prevotella_sp_MGM2	0.0617784623
PWY-6386: UDP-N-acetylmuramoyl-pentapeptide biosynthesis II (lysine-containing)|g__Bifidobacterium.s__Bifidobacterium_pseudolongum	0.3917917066
PWY-4242: pantothenate and coenzyme A biosynthesis III	0.2583289715
PWY-4242: pantothenate and coenzyme A biosynthesis III|unclassified	0.0985276319
PWY-4242: pantothenate and coenzyme A biosynthesis III|g__Helicobacter.s__Helicobacter_typhlonius	0.0000261697
PWY-4242: pantothenate and coenzyme A biosynthesis III|g__Muribaculaceae_unclassified.s__Muribaculaceae_bacterium_DSM_103720	0.0001713493
PWY-4242: pantothenate and coenzyme A biosynthesis III|g__Muribaculum.s__Muribaculum_intestinale	0.1114295762
PWY-4242: pantothenate and coenzyme A biosynthesis III|g__Prevotella.s__Prevotella_sp_MGM1	0.8299318103
PWY-4242: pantothenate and coenzyme A biosynthesis III|g__Prevotella.s__Prevotella_sp_MGM2	0.5944807775
PWY-4242: pantothenate and coenzyme A biosynthesis III|g__Lactobacillus.s__Lactobacillus_johnsonii	0.1005979533
PWY-4242: pantothenate and coenzyme A biosynthesis III|g__Bacteroides.s__Bacteroides_caecimuris	0.0000883323
PWY-4242: pantothenate and coenzyme A biosynthesis III|g__Firmicutes_unclassified.s__Firmicutes_bacterium_ASF500	0.0140545318
PWY-4242: pantothenate and coenzyme A biosynthesis III|g__Anaerotruncus.s__Anaerotruncus_sp_G3_2012	0.0037224929
PWY-4242: pantothenate and coenzyme A biosynthesis III|g__Lachnospiraceae_unclassified.s__Lachnospiraceae_bacterium_28_4	0.4735949607
HISTSYN-PWY: L-histidine biosynthesis	0.0043417426
HISTSYN-PWY: L-histidine biosynthesis|unclassified	0.0000000000
HISTSYN-PWY: L-histidine biosynthesis|g__Helicobacter.s__Helicobacter_typhlonius	0.1046609301
HISTSYN-PWY: L-histidine biosynthesis|g__Muribaculaceae_unclassified.s__Muribaculaceae_bacterium_DSM_103720	0.0365407775
HISTSYN-PWY: L-histidine biosynthesis|g__Muribaculum.s__Muribaculum_intestinale	0.0950204600
HISTSYN-PWY: L-histidine biosynthesis|g__Anaerotruncus.s__Anaerotruncus_sp_G3_2012	0.5112960557
HISTSYN-PWY: L-histidine biosynthesis|g__Bacteroides.s__Bacteroides_caecimuris	0.0001182873
HISTSYN-PWY: L-histidine biosynthesis|g__Prevotella.s__Prevotella_sp_MGM2	0.0720693736
HISTSYN-PWY: L-histidine biosynthesis|g__Prevotella.s__Prevotella_sp_MGM1	0.0151068540
COMPLETE-ARO-PWY: superpathway of aromatic amino acid biosynthesis	0.0000712909
COMPLETE-ARO-PWY: superpathway of aromatic amino acid biosynthesis|unclassified	0.4584829576
COMPLETE-ARO-PWY: superpathway of aromatic amino acid biosynthesis|g__Helicobacter.s__Helicobacter_typhlonius	0.0000000000
PWY-5667: CDP-diacylglycerol biosynthesis I	0.9396154177
PWY-5667: CDP-diacylglycerol biosynthesis I|unclassified	0.9302591191
PWY-5667: CDP-diacylglycerol biosynthesis I|g__Helicobacter.s__Helicobacter_typhlonius	0.0000000126
PWY-5667: CDP-diacylglycerol biosynthesis I|g__Mucispirillum.s__Mucispirillum_schaedleri	0.0032302633
PWY-5667: CDP-diacylglycerol biosynthesis I|g__Muribaculaceae_unclassified.s__Muribaculaceae_bacterium_DSM_103720	0.0000010293
PWY-5667: CDP-diacylglycerol biosynthesis I|g__Lachnospiraceae_unclassified.s__Lachnospiraceae_bacterium_COE1	0.2356959382
PWY-5667: CDP-diacylglycerol biosynthesis I|g__Lactobacillus.s__Lactobacillus_reuteri	0.2935569750
PWY0-1319: CDP-diacylglycerol biosynthesis II	0.9396154177
PWY0-1319: CDP-diacylglycerol biosynthesis II|unclassified	0.9302591191
PWY0-1319: CDP-diacylglycerol biosynthesis II|g__Helicobacter.s__Helicobacter_typhlonius	0.0000000126
PWY0-1319: CDP-diacylglycerol biosynthesis II|g__Mucispirillum.s__Mucispirillum_schaedleri	0.0032302633
PWY0-1319: CDP-diacylglycerol biosynthesis II|g__Muribaculaceae_unclassified.s__Muribaculaceae_bacterium_DSM_103720	0.0000010293
PWY0-1319: CDP-diacylglycerol biosynthesis II|g__Lachnospiraceae_unclassified.s__Lachnospiraceae_bacterium_COE1	0.2356959382
PWY0-1319: CDP-diacylglycerol biosynthesis II|g__Lactobacillus.s__Lactobacillus_reuteri	0.2935569750
PWY-3001: superpathway of L-isoleucine biosynthesis I	0.0000000000
PWY-3001: superpathway of L-isoleucine biosynthesis I|unclassified	0.0000000000
PWY-3001: superpathway of L-isoleucine biosynthesis I|g__Helicobacter.s__Helicobacter_typhlonius	0.0017522443
PWY-7220: adenosine deoxyribonucleotides de novo biosynthesis II	0.9909594339
PWY-7220: adenosine deoxyribonucleotides de novo biosynthesis II|unclassified	0.9999996450
PWY-7220: adenosine deoxyribonucleotides de novo biosynthesis II|g__Helicobacter.s__Helicobacter_typhlonius	0.6011910870
PWY-7220: adenosine deoxyribonucleotides de novo biosynthesis II|g__Mucispirillum.s__Mucispirillum_schaedleri	0.6122458942
PWY-7220: adenosine deoxyribonucleotides de novo biosynthesis II|g__Muribaculaceae_unclassified.s__Muribaculaceae_bacterium_DSM_103720	0.0000213825
PWY-7220: adenosine deoxyribonucleotides de novo biosynthesis II|g__Lactobacillus.s__Lactobacillus_reuteri	0.9386044404
PWY-7220: adenosine deoxyribonucleotides de novo biosynthesis II|g__Bacteroides.s__Bacteroides_caecimuris	0.0262602510
PWY-7220: adenosine deoxyribonucleotides de novo biosynthesis II|g__Muribaculum.s__Muribaculum_intestinale	0.0127037708
PWY-7222: guanosine deoxyribonucleotides de novo biosynthesis II	0.9909594339
PWY-7222: guanosine deoxyribonucleotides de novo biosynthesis II|unclassified	0.9999996450
PWY-7222: guanosine deoxyribonucleotides de novo biosynthesis II|g__Helicobacter.s__Helicobacter_typhlonius	0.6011910870
PWY-7222: guanosine deoxyribonucleotides de novo biosynthesis II|g__Mucispirillum.s__Mucispirillum_schaedleri	0.6122458942
PWY-7222: guanosine deoxyribonucleotides de novo biosynthesis II|g__Muribaculaceae_unclassified.s__Muribaculaceae_bacterium_DSM_103720	0.0000213825
PWY-7222: guanosine deoxyribonucleotides de novo biosynthesis II|g__Lactobacillus.s__Lactobacillus_reuteri	0.9386044404
PWY-7222: guanosine deoxyribonucleotides de novo biosynthesis II|g__Bacteroides.s__Bacteroides_caecimuris	0.0262602510
PWY-7222: guanosine deoxyribonucleotides de novo biosynthesis II|g__Muribaculum.s__Muribaculum_intestinale	0.0127037708
PWY0-166: superpathway of pyrimidine deoxyribonucleotides de novo biosynthesis (E. coli)	0.0000000000
PWY0-166: superpathway of pyrimidine deoxyribonucleotides de novo biosynthesis (E. coli)|unclassified	0.0000000000
PWY-6737: starch degradation V	0.0000188910
PWY-6737: starch degradation V|unclassified	1.0000000000
PWY-6737: starch degradation V|g__Lachnospiraceae_unclassified.s__Lachnospiraceae_bacterium_COE1	0.4231086216
PWY-6737: starch degradation V|g__Anaerotruncus.s__Anaerotruncus_sp_G3_2012	0.0907858818
1CMET2-PWY: N10-formyl-tetrahydrofolate biosynthesis	0.0000000000
1CMET2-PWY: N10-formyl-tetrahydrofolate biosynthesis|unclassified	0.0000032439
1CMET2-PWY: N10-formyl-tetrahydrofolate biosynthesis|g__Muribaculaceae_unclassified.s__Muribaculaceae_bacterium_DSM_103720	0.0061021761
1CMET2-PWY: N10-formyl-tetrahydrofolate biosynthesis|g__Muribaculum.s__Muribaculum_intestinale	0.0045067716
1CMET2-PWY: N10-formyl-tetrahydrofolate biosynthesis|g__Prevotella.s__Prevotella_sp_MGM1	0.3861803766
1CMET2-PWY: N10-formyl-tetrahydrofolate biosynthesis|g__Parabacteroides.s__Parabacteroides_distasonis	0.2430912868
PWY-5100: pyruvate fermentation to acetate and lactate II	0.0029972843
PWY-5100: pyruvate fermentation to acetate and lactate II|g__Helicobacter.s__Helicobacter_typhlonius	0.8943068847
PWY-5100: pyruvate fermentation to acetate and lactate II|unclassified	0.0000000000
PWY-5100: pyruvate fermentation to acetate and lactate II|g__Lactobacillus.s__Lactobacillus_johnsonii	0.8211273858
PWY-5100: pyruvate fermentation to acetate and lactate II|g__Anaerotruncus.s__Anaerotruncus_sp_G3_2012	0.5666828156
PWY-5100: pyruvate fermentation to acetate and lactate II|g__Lactobacillus.s__Lactobacillus_reuteri	0.3239948112
PWY66-400: glycolysis VI (metazoan)	0.0000000000
PWY66-400: glycolysis VI (metazoan)|unclassified	0.0000000000
PWY66-400: glycolysis VI (metazoan)|g__Lactobacillus.s__Lactobacillus_intestinalis	0.1318477815
PWY-724: superpathway of L-lysine, L-threonine and L-methionine biosynthesis II	0.0000000000
PWY-724: superpathway of L-lysine, L-threonine and L-methionine biosynthesis II|unclassified	0.0000000000
PWY-724: superpathway of L-lysine, L-threonine and L-methionine biosynthesis II|g__Helicobacter.s__Helicobacter_typhlonius	0.0001132946
PWY-7184: pyrimidine deoxyribonucleotides de novo biosynthesis I	0.0000000000
PWY-7184: pyrimidine deoxyribonucleotides de novo biosynthesis I|unclassified	0.0000000000
ASPASN-PWY: superpathway of L-aspartate and L-asparagine biosynthesis	0.0000006932
ASPASN-PWY: superpathway of L-aspartate and L-asparagine biosynthesis|g__Helicobacter.s__Helicobacter_typhlonius	0.0007693618
ASPASN-PWY: superpathway of L-aspartate and L-asparagine biosynthesis|unclassified	0.0000000000
ASPASN-PWY: superpathway of L-aspartate and L-asparagine biosynthesis|g__Bacteroides.s__Bacteroides_sartorii	0.1979162060
ANAGLYCOLYSIS-PWY: glycolysis III (from glucose)	0.0000000000
ANAGLYCOLYSIS-PWY: glycolysis III (from glucose)|unclassified	0.0000000000
ANAGLYCOLYSIS-PWY: glycolysis III (from glucose)|g__Lactobacillus.s__Lactobacillus_reuteri	0.1612035007
ANAGLYCOLYSIS-PWY: glycolysis III (from glucose)|g__Lactobacillus.s__Lactobacillus_intestinalis	0.1500098179
PWY0-162: superpathway of pyrimidine ribonucleotides de novo biosynthesis	0.0000000000
PWY0-162: superpathway of pyrimidine ribonucleotides de novo biosynthesis|g__Helicobacter.s__Helicobacter_typhlonius	0.0000656918
PWY0-162: superpathway of pyrimidine ribonucleotides de novo biosynthesis|unclassified	0.0000000000
PWY0-1296: purine ribonucleosides degradation	0.0000000000
PWY0-1296: purine ribonucleosides degradation|unclassified	1.0000000000
PWY0-1296: purine ribonucleosides degradation|g__Lactobacillus.s__Lactobacillus_reuteri	0.9356966045
PWY0-1296: purine ribonucleosides degradation|g__Lachnospiraceae_unclassified.s__Lachnospiraceae_bacterium_COE1	0.0706298963
PWY0-1296: purine ribonucleosides degradation|g__Lachnospiraceae_unclassified.s__Lachnospiraceae_bacterium_28_4	0.6405277059
PWY0-1296: purine ribonucleosides degradation|g__Dorea.s__Dorea_sp_5_2	0.0023148311
PWY-6168: flavin biosynthesis III (fungi)	0.0000000000
PWY-6168: flavin biosynthesis III (fungi)|unclassified	0.0000000000
PWY-6168: flavin biosynthesis III (fungi)|g__Helicobacter.s__Helicobacter_typhlonius	0.0000000000
PWY-6168: flavin biosynthesis III (fungi)|g__Bacteroides.s__Bacteroides_caecimuris	0.0000680521
PWY-5484: glycolysis II (from fructose 6-phosphate)	0.0000000000
PWY-5484: glycolysis II (from fructose 6-phosphate)|unclassified	0.0000000000
PWY-6545: pyrimidine deoxyribonucleotides de novo biosynthesis III	0.0000000000
PWY-6545: pyrimidine deoxyribonucleotides de novo biosynthesis III|g__Helicobacter.s__Helicobacter_typhlonius	0.1578200218
PWY-6545: pyrimidine deoxyribonucleotides de novo biosynthesis III|unclassified	0.0000000000
PWY-6545: pyrimidine deoxyribonucleotides de novo biosynthesis III|g__Mucispirillum.s__Mucispirillum_schaedleri	0.0000010470
HSERMETANA-PWY: L-methionine biosynthesis III	0.0000000000
HSERMETANA-PWY: L-methionine biosynthesis III|unclassified	0.0000013903
HSERMETANA-PWY: L-methionine biosynthesis III|g__Helicobacter.s__Helicobacter_typhlonius	0.2110241656
HSERMETANA-PWY: L-methionine biosynthesis III|g__Muribaculaceae_unclassified.s__Muribaculaceae_bacterium_DSM_103720	0.3796213140
PWY-6527: stachyose degradation	0.0000000000
PWY-6527: stachyose degradation|unclassified	0.9998854210
PWY-6527: stachyose degradation|g__Lactobacillus.s__Lactobacillus_intestinalis	0.8968148597
PWY-6527: stachyose degradation|g__Lactobacillus.s__Lactobacillus_reuteri	0.4022627313
PWY-6527: stachyose degradation|g__Lachnospiraceae_unclassified.s__Lachnospiraceae_bacterium_28_4	0.6305171715
PWY-6527: stachyose degradation|g__Lactobacillus.s__Lactobacillus_murinus	0.6191250095
PYRIDNUCSYN-PWY: NAD biosynthesis I (from aspartate)	0.0000000000
PYRIDNUCSYN-PWY: NAD biosynthesis I (from aspartate)|unclassified	0.0000000000
PYRIDNUCSYN-PWY: NAD biosynthesis I (from aspartate)|g__Helicobacter.s__Helicobacter_typhlonius	0.0000296245
PYRIDNUCSYN-PWY: NAD biosynthesis I (from aspartate)|g__Bacteroides.s__Bacteroides_caecimuris	0.0000000068
PWY-7187: pyrimidine deoxyribonucleotides de novo biosynthesis II	0.0000000000
PWY-7187: pyrimidine deoxyribonucleotides de novo biosynthesis II|unclassified	0.0000000000
THRESYN-PWY: superpathway of L-threonine biosynthesis	0.0000000000
THRESYN-PWY: superpathway of L-threonine biosynthesis|unclassified	0.0000000000
THRESYN-PWY: superpathway of L-threonine biosynthesis|g__Helicobacter.s__Helicobacter_typhlonius	0.0010791959
THRESYN-PWY: superpathway of L-threonine biosynthesis|g__Bacteroides.s__Bacteroides_sartorii	0.4219908216
PWY-3781: aerobic respiration I (cytochrome c)	0.0000000000
PWY-3781: aerobic respiration I (cytochrome c)|g__Helicobacter.s__Helicobacter_typhlonius	0.9274262460
PWY-3781: aerobic respiration I (cytochrome c)|unclassified	0.0000000000
SER-GLYSYN-PWY: superpathway of L-serine and glycine biosynthesis I	0.0000000000
SER-GLYSYN-PWY: superpathway of L-serine and glycine biosynthesis I|g__Helicobacter.s__Helicobacter_typhlonius	0.0003850750
SER-GLYSYN-PWY: superpathway of L-serine and glycine biosynthesis I|unclassified	0.0000000000
SER-GLYSYN-PWY: superpathway of L-serine and glycine biosynthesis I|g__Bacteroides.s__Bacteroides_caecimuris	0.0180867754
SER-GLYSYN-PWY: superpathway of L-serine and glycine biosynthesis I|g__Parabacteroides.s__Parabacteroides_distasonis	0.4437650072
ANAEROFRUCAT-PWY: homolactic fermentation	0.0000000000
ANAEROFRUCAT-PWY: homolactic fermentation|unclassified	0.0000000000
PWY-6317: galactose degradation I (Leloir pathway)	0.0000000000
PWY-6317: galactose degradation I (Leloir pathway)|unclassified	0.9999100471
PWY-6317: galactose degradation I (Leloir pathway)|g__Lactobacillus.s__Lactobacillus_reuteri	0.7759345934
PWY66-422: D-galactose degradation V (Leloir pathway)	0.0000000000
PWY66-422: D-galactose degradation V (Leloir pathway)|unclassified	0.9999100471
PWY66-422: D-galactose degradation V (Leloir pathway)|g__Lactobacillus.s__Lactobacillus_reuteri	0.7894992321
GLYCOGENSYNTH-PWY: glycogen biosynthesis I (from ADP-D-Glucose)	0.0000000000
GLYCOGENSYNTH-PWY: glycogen biosynthesis I (from ADP-D-Glucose)|unclassified	0.0000000000
PWY-7197: pyrimidine deoxyribonucleotide phosphorylation	0.0000000000
PWY-7197: pyrimidine deoxyribonucleotide phosphorylation|g__Helicobacter.s__Helicobacter_typhlonius	0.0784759190
PWY-7197: pyrimidine deoxyribonucleotide phosphorylation|unclassified	0.0000000000
PWY-7197: pyrimidine deoxyribonucleotide phosphorylation|g__Mucispirillum.s__Mucispirillum_schaedleri	0.5315863712
DAPLYSINESYN-PWY: L-lysine biosynthesis I	0.0000000000
DAPLYSINESYN-PWY: L-lysine biosynthesis I|g__Helicobacter.s__Helicobacter_typhlonius	0.0011528613
DAPLYSINESYN-PWY: L-lysine biosynthesis I|unclassified	0.0000000000
CITRULBIO-PWY: L-citrulline biosynthesis	0.0000000000
CITRULBIO-PWY: L-citrulline biosynthesis|g__Helicobacter.s__Helicobacter_typhlonius	0.0000000000
CITRULBIO-PWY: L-citrulline biosynthesis|unclassified	0.0000000000
MET-SAM-PWY: superpathway of S-adenosyl-L-methionine biosynthesis	0.0000000000
PWY-5188: tetrapyrrole biosynthesis I (from glutamate)	0.0000000000
PWY-5188: tetrapyrrole biosynthesis I (from glutamate)|g__Helicobacter.s__Helicobacter_typhlonius	0.0025816900
PWY-5188: tetrapyrrole biosynthesis I (from glutamate)|unclassified	0.0000000000
PWY-5188: tetrapyrrole biosynthesis I (from glutamate)|g__Mucispirillum.s__Mucispirillum_schaedleri	0.0000000000
PWY-7199: pyrimidine deoxyribonucleosides salvage	0.0000000000
PWY-7199: pyrimidine deoxyribonucleosides salvage|unclassified	0.9721998635
PWY-7199: pyrimidine deoxyribonucleosides salvage|g__Prevotella.s__Prevotella_sp_MGM1	0.5135783489
PWY-7199: pyrimidine deoxyribonucleosides salvage|g__Bacteroides.s__Bacteroides_caecimuris	0.0004174635
PWY-4984: urea cycle	0.0000000000
PWY-4984: urea cycle|g__Helicobacter.s__Helicobacter_typhlonius	0.0000001977
PWY-4984: urea cycle|unclassified	0.0000000000
PWY-7539: 6-hydroxymethyl-dihydropterin diphosphate biosynthesis III (Chlamydia)	0.0000000000
PWY-7539: 6-hydroxymethyl-dihydropterin diphosphate biosynthesis III (Chlamydia)|g__Helicobacter.s__Helicobacter_typhlonius	0.0077821469
PWY-7539: 6-hydroxymethyl-dihydropterin diphosphate biosynthesis III (Chlamydia)|unclassified	0.0000000000
PWY-7539: 6-hydroxymethyl-dihydropterin diphosphate biosynthesis III (Chlamydia)|g__Parabacteroides.s__Parabacteroides_distasonis	0.4572716118
METSYN-PWY: L-homoserine and L-methionine biosynthesis	0.0000000000
PWY-6147: 6-hydroxymethyl-dihydropterin diphosphate biosynthesis I	0.0000000000
PWY-6147: 6-hydroxymethyl-dihydropterin diphosphate biosynthesis I|g__Helicobacter.s__Helicobacter_typhlonius	0.0004582069
PWY-6147: 6-hydroxymethyl-dihydropterin diphosphate biosynthesis I|unclassified	0.0000000000
PWY-6147: 6-hydroxymethyl-dihydropterin diphosphate biosynthesis I|g__Parabacteroides.s__Parabacteroides_distasonis	0.5532753413
PWY-5347: superpathway of L-methionine biosynthesis (transsulfuration)	0.0000000000
PWY-241: C4 photosynthetic carbon assimilation cycle, NADP-ME type	0.0000000000
THISYNARA-PWY: superpathway of thiamin diphosphate biosynthesis III (eukaryotes)	0.0000000000
THISYNARA-PWY: superpathway of thiamin diphosphate biosynthesis III (eukaryotes)|unclassified	0.0000000000
PWY0-781: aspartate superpathway	0.0000000000
PWY-6897: thiamin salvage II	0.0000000000
PWY-6897: thiamin salvage II|unclassified	0.0000000000
PWY-7117: C4 photosynthetic carbon assimilation cycle, PEPCK type	0.0000000000
P4-PWY: superpathway of L-lysine, L-threonine and L-methionine biosynthesis I	0.0000000000
NONOXIPENT-PWY: pentose phosphate pathway (non-oxidative branch)	0.0000000000
NONOXIPENT-PWY: pentose phosphate pathway (non-oxidative branch)|g__Helicobacter.s__Helicobacter_typhlonius	0.0000181443
NONOXIPENT-PWY: pentose phosphate pathway (non-oxidative branch)|unclassified	0.0000000000
TRPSYN-PWY: L-tryptophan biosynthesis	0.0000000000
TRPSYN-PWY: L-tryptophan biosynthesis|g__Helicobacter.s__Helicobacter_typhlonius	0.0000000005
TRPSYN-PWY: L-tryptophan biosynthesis|unclassified	0.0000000000
PWY-1269: CMP-3-deoxy-D-manno-octulosonate biosynthesis I	0.0000000000
PWY-1269: CMP-3-deoxy-D-manno-octulosonate biosynthesis I|g__Helicobacter.s__Helicobacter_typhlonius	0.0460748067
PWY-1269: CMP-3-deoxy-D-manno-octulosonate biosynthesis I|unclassified	0.0000000000
FOLSYN-PWY: superpathway of tetrahydrofolate biosynthesis and salvage	0.0000000000
RHAMCAT-PWY: L-rhamnose degradation I	0.0000000000
RHAMCAT-PWY: L-rhamnose degradation I|unclassified	0.9963319931
RHAMCAT-PWY: L-rhamnose degradation I|g__Bacteroides.s__Bacteroides_caecimuris	0.5691527380
PWY-6936: seleno-amino acid biosynthesis	0.0000000000
PWY-6936: seleno-amino acid biosynthesis|g__Helicobacter.s__Helicobacter_typhlonius	0.0212056747
PWY-6936: seleno-amino acid biosynthesis|unclassified	0.0000000000
PWY-6936: seleno-amino acid biosynthesis|g__Lactobacillus.s__Lactobacillus_reuteri	0.7027366092
THISYN-PWY: superpathway of thiamin diphosphate biosynthesis I	0.0000000000
THISYN-PWY: superpathway of thiamin diphosphate biosynthesis I|unclassified	0.0000000000
FERMENTATION-PWY: mixed acid fermentation	0.0000000000
PHOSLIPSYN-PWY: superpathway of phospholipid biosynthesis I (bacteria)	0.0000000000
PHOSLIPSYN-PWY: superpathway of phospholipid biosynthesis I (bacteria)|unclassified	0.0000000000
PWY-7279: aerobic respiration II (cytochrome c) (yeast)	0.0000000000
PWY-7279: aerobic respiration II (cytochrome c) (yeast)|g__Helicobacter.s__Helicobacter_typhlonius	0.6017030994
PWY-7279: aerobic respiration II (cytochrome c) (yeast)|unclassified	0.0000000000
PWY-6703: preQ0 biosynthesis	0.0000000000
PWY-6703: preQ0 biosynthesis|unclassified	0.0000000000
PWY-6703: preQ0 biosynthesis|g__Muribaculaceae_unclassified.s__Muribaculaceae_bacterium_DSM_103720	0.0002321539
PWY-6703: preQ0 biosynthesis|g__Mucispirillum.s__Mucispirillum_schaedleri	0.0000032461
PWY-6703: preQ0 biosynthesis|g__Prevotella.s__Prevotella_sp_MGM1	0.5175463150
PWY-6703: preQ0 biosynthesis|g__Bacteroides.s__Bacteroides_caecimuris	0.0017231252
PWY-6703: preQ0 biosynthesis|g__Prevotella.s__Prevotella_sp_MGM2	0.5342789195
PWY-6703: preQ0 biosynthesis|g__Muribaculum.s__Muribaculum_intestinale	0.0019117029
PWY-6703: preQ0 biosynthesis|g__Parabacteroides.s__Parabacteroides_distasonis	0.2278340109
PWY-5913: TCA cycle VI (obligate autotrophs)	0.0000000000
PWY-5659: GDP-mannose biosynthesis	0.0000000000
PWY-5659: GDP-mannose biosynthesis|g__Helicobacter.s__Helicobacter_typhlonius	0.0616727725
PWY-5659: GDP-mannose biosynthesis|unclassified	0.0000000000
PWY66-399: gluconeogenesis III	0.0000000000
PWY66-399: gluconeogenesis III|unclassified	0.0000000000
PPGPPMET-PWY: ppGpp biosynthesis	0.0000000000
PPGPPMET-PWY: ppGpp biosynthesis|g__Helicobacter.s__Helicobacter_typhlonius	0.8051946343
PPGPPMET-PWY: ppGpp biosynthesis|unclassified	0.0000000000
PWY-6969: TCA cycle V (2-oxoglutarate:ferredoxin oxidoreductase)	0.0000000000
PWY-6969: TCA cycle V (2-oxoglutarate:ferredoxin oxidoreductase)|unclassified	0.0000000000
PWY-7357: thiamin formation from pyrithiamine and oxythiamine (yeast)	0.0000000000
PWY-7357: thiamin formation from pyrithiamine and oxythiamine (yeast)|unclassified	0.0000000000
PWY-7357: thiamin formation from pyrithiamine and oxythiamine (yeast)|g__Lactobacillus.s__Lactobacillus_reuteri	0.9194867369
PWY-7237: myo-, chiro- and scillo-inositol degradation	0.0000000000
PWY-7237: myo-, chiro- and scillo-inositol degradation|unclassified	0.0000000000
PWY-7237: myo-, chiro- and scillo-inositol degradation|g__Oscillibacter.s__Oscillibacter_sp_1_3	0.9999869847
PWY-7237: myo-, chiro- and scillo-inositol degradation|g__Prevotella.s__Prevotella_sp_MGM1	0.8882167727
TCA: TCA cycle I (prokaryotic)	0.0000000000
TCA: TCA cycle I (prokaryotic)|unclassified	0.0000000000
PWY-6612: superpathway of tetrahydrofolate biosynthesis	0.0000000000
PWY-7371: 1,4-dihydroxy-6-naphthoate biosynthesis II	0.0000000000
PWY-7371: 1,4-dihydroxy-6-naphthoate biosynthesis II|g__Helicobacter.s__Helicobacter_typhlonius	0.7027689551
PWY0-1241: ADP-L-glycero-&beta;-D-manno-heptose biosynthesis	0.0000000000
PWY0-1241: ADP-L-glycero-&beta;-D-manno-heptose biosynthesis|g__Helicobacter.s__Helicobacter_typhlonius	0.0002866608
PWY0-1241: ADP-L-glycero-&beta;-D-manno-heptose biosynthesis|g__Mucispirillum.s__Mucispirillum_schaedleri	0.0024656934
PWY0-1241: ADP-L-glycero-&beta;-D-manno-heptose biosynthesis|unclassified	0.0000000000
HOMOSER-METSYN-PWY: L-methionine biosynthesis I	0.0000000000
PWY-5189: tetrapyrrole biosynthesis II (from glycine)	0.0000000000
PWY-5189: tetrapyrrole biosynthesis II (from glycine)|g__Helicobacter.s__Helicobacter_typhlonius	0.0004220947
HISDEG-PWY: L-histidine degradation I	0.0000000000
HISDEG-PWY: L-histidine degradation I|unclassified	0.0000000000
HISDEG-PWY: L-histidine degradation I|g__Muribaculaceae_unclassified.s__Muribaculaceae_bacterium_DSM_103720	0.4177920311
HISDEG-PWY: L-histidine degradation I|g__Firmicutes_unclassified.s__Firmicutes_bacterium_ASF500	0.8753505669
HISDEG-PWY: L-histidine degradation I|g__Parabacteroides.s__Parabacteroides_distasonis	0.4401535359
PWY-7254: TCA cycle VII (acetate-producers)	0.0000000000
P42-PWY: incomplete reductive TCA cycle	0.0000000000
P42-PWY: incomplete reductive TCA cycle|unclassified	0.0000000000
PWY4FS-7: phosphatidylglycerol biosynthesis I (plastidic)	0.0000000000
PWY4FS-7: phosphatidylglycerol biosynthesis I (plastidic)|unclassified	0.0000000000
PWY4FS-8: phosphatidylglycerol biosynthesis II (non-plastidic)	0.0000000000
PWY4FS-8: phosphatidylglycerol biosynthesis II (non-plastidic)|unclassified	0.0000000000
COLANSYN-PWY: colanic acid building blocks biosynthesis	0.0000000000
COLANSYN-PWY: colanic acid building blocks biosynthesis|unclassified	0.0000000000
PWY-6549: L-glutamine biosynthesis III	0.0000000000
PWY-5918: superpathay of heme biosynthesis from glutamate	0.0000000000
PWY-7456: mannan degradation	0.0000000000
PWY-7456: mannan degradation|unclassified	0.0000000000
PWY-7383: anaerobic energy metabolism (invertebrates, cytosol)	0.0000000000
PWY-7383: anaerobic energy metabolism (invertebrates, cytosol)|unclassified	0.0000000000
PWY-5690: TCA cycle II (plants and fungi)	0.0000000000
PWY-5690: TCA cycle II (plants and fungi)|unclassified	0.0000000000
PWY-7323: superpathway of GDP-mannose-derived O-antigen building blocks biosynthesis	0.0000000000
PWY-7323: superpathway of GDP-mannose-derived O-antigen building blocks biosynthesis|unclassified	0.0000000000
PWY-4981: L-proline biosynthesis II (from arginine)	0.0000000000
PWY-4981: L-proline biosynthesis II (from arginine)|unclassified	0.0000000000
PWY-4981: L-proline biosynthesis II (from arginine)|g__Lactobacillus.s__Lactobacillus_reuteri	0.6156308359
PWY-5154: L-arginine biosynthesis III (via N-acetyl-L-citrulline)	0.0000000000
PWY-5154: L-arginine biosynthesis III (via N-acetyl-L-citrulline)|unclassified	0.0000000000
PWY-7315: dTDP-N-acetylthomosamine biosynthesis	0.0000000000
PWY-7315: dTDP-N-acetylthomosamine biosynthesis|unclassified	0.0000000000
POLYISOPRENSYN-PWY: polyisoprenoid biosynthesis (E. coli)	0.0000000000
PWY-6892: thiazole biosynthesis I (E. coli)	0.0000000000
PWY-6892: thiazole biosynthesis I (E. coli)|unclassified	0.0000000000
PWY-6892: thiazole biosynthesis I (E. coli)|g__Bacteroides.s__Bacteroides_caecimuris	0.0000003513
HEXITOLDEGSUPER-PWY: superpathway of hexitol degradation (bacteria)	0.0000000000
HEXITOLDEGSUPER-PWY: superpathway of hexitol degradation (bacteria)|unclassified	0.0000000000
PWY-7234: inosine-5'-phosphate biosynthesis III	0.0000000000
PWY-7234: inosine-5'-phosphate biosynthesis III|unclassified	0.0000000000
PWY-7234: inosine-5'-phosphate biosynthesis III|g__Lactobacillus.s__Lactobacillus_reuteri	0.5279412567
PWY-7200: superpathway of pyrimidine deoxyribonucleoside salvage	0.0000000000
PWY-7200: superpathway of pyrimidine deoxyribonucleoside salvage|unclassified	0.0000000000
PWY-6263: superpathway of menaquinol-8 biosynthesis II	0.0000000000
HEME-BIOSYNTHESIS-II: heme biosynthesis I (aerobic)	0.0000000000
HEME-BIOSYNTHESIS-II: heme biosynthesis I (aerobic)|g__Mucispirillum.s__Mucispirillum_schaedleri	0.1040113090
HEME-BIOSYNTHESIS-II: heme biosynthesis I (aerobic)|unclassified	0.0000000000
PWY-7211: superpathway of pyrimidine deoxyribonucleotides de novo biosynthesis	0.0000000000
PWY-7211: superpathway of pyrimidine deoxyribonucleotides de novo biosynthesis|unclassified	0.0000000000
PWY-6901: superpathway of glucose and xylose degradation	0.0000000000
PWY-6901: superpathway of glucose and xylose degradation|unclassified	0.0000000000
GLYCOLYSIS-E-D: superpathway of glycolysis and Entner-Doudoroff	0.0000000000
GLYCOLYSIS-E-D: superpathway of glycolysis and Entner-Doudoroff|unclassified	0.0000000000
PWY0-1586: peptidoglycan maturation (meso-diaminopimelate containing)	0.0000000000
PWY0-1586: peptidoglycan maturation (meso-diaminopimelate containing)|unclassified	0.0000000000
PWY0-1586: peptidoglycan maturation (meso-diaminopimelate containing)|g__Bacteroides.s__Bacteroides_caecimuris	0.0000095622
PWY0-1586: peptidoglycan maturation (meso-diaminopimelate containing)|g__Lactobacillus.s__Lactobacillus_reuteri	0.0245480733
PWY0-1586: peptidoglycan maturation (meso-diaminopimelate containing)|g__Bacteroides.s__Bacteroides_sartorii	0.4732170399
PWY-7198: pyrimidine deoxyribonucleotides de novo biosynthesis IV	0.0000000000
PWY-7198: pyrimidine deoxyribonucleotides de novo biosynthesis IV|unclassified	0.0000000000
PWY-5030: L-histidine degradation III	0.0000000000
PWY-5030: L-histidine degradation III|unclassified	0.0000000000
PWY0-1261: anhydromuropeptides recycling	0.0000000000
PWY0-1261: anhydromuropeptides recycling|unclassified	0.0000000000
PWY-6803: phosphatidylcholine acyl editing	0.0000000000
PWY-2941: L-lysine biosynthesis II	0.0000000000
PWY-2941: L-lysine biosynthesis II|unclassified	0.0000000000
PWY-2941: L-lysine biosynthesis II|g__Lactobacillus.s__Lactobacillus_reuteri	0.8420504684
PWY-2941: L-lysine biosynthesis II|g__Lactobacillus.s__Lactobacillus_johnsonii	0.0735259386
PWY-6859: all-trans-farnesol biosynthesis	0.0000000000
PWY-6859: all-trans-farnesol biosynthesis|g__Lactobacillus.s__Lactobacillus_reuteri	0.3445556141
PWY-6859: all-trans-farnesol biosynthesis|unclassified	0.0000000000
P108-PWY: pyruvate fermentation to propanoate I	0.0000000000
P108-PWY: pyruvate fermentation to propanoate I|unclassified	0.0000000000
PWY-7210: pyrimidine deoxyribonucleotides biosynthesis from CTP	0.0000000000
PWY-7210: pyrimidine deoxyribonucleotides biosynthesis from CTP|unclassified	0.0000000000
PWY-6143: CMP-pseudaminate biosynthesis	0.0000000000
PWY-6143: CMP-pseudaminate biosynthesis|unclassified	0.0000000000
PWY-6353: purine nucleotides degradation II (aerobic)	0.0000000000
PWY-6353: purine nucleotides degradation II (aerobic)|unclassified	0.0000000000
PWY-5505: L-glutamate and L-glutamine biosynthesis	0.0000000000
PWY-5505: L-glutamate and L-glutamine biosynthesis|unclassified	0.0000000000
NAGLIPASYN-PWY: lipid IVA biosynthesis	0.0000000000
NAGLIPASYN-PWY: lipid IVA biosynthesis|unclassified	0.0000000000
PWY-6608: guanosine nucleotides degradation III	0.0000000000
PWY-6608: guanosine nucleotides degradation III|unclassified	0.0000000000
PWY-6608: guanosine nucleotides degradation III|g__Bacteroides.s__Bacteroides_caecimuris	0.0155574247
PENTOSE-P-PWY: pentose phosphate pathway	0.0000000000
PENTOSE-P-PWY: pentose phosphate pathway|unclassified	0.0000000000
PWY-6590: superpathway of Clostridium acetobutylicum acidogenic fermentation	0.0000000000
PWY-6590: superpathway of Clostridium acetobutylicum acidogenic fermentation|unclassified	0.0000000000
GLCMANNANAUT-PWY: superpathway of N-acetylglucosamine, N-acetylmannosamine and N-acetylneuraminate degradation	0.0000000000
GLCMANNANAUT-PWY: superpathway of N-acetylglucosamine, N-acetylmannosamine and N-acetylneuraminate degradation|unclassified	0.0000000000
P164-PWY: purine nucleobases degradation I (anaerobic)	0.0000000000
P164-PWY: purine nucleobases degradation I (anaerobic)|unclassified	0.0000000000
SALVADEHYPOX-PWY: adenosine nucleotides degradation II	0.0000000000
SALVADEHYPOX-PWY: adenosine nucleotides degradation II|unclassified	0.0000000000
ARGININE-SYN4-PWY: L-ornithine de novo  biosynthesis	0.0000000000
ARGININE-SYN4-PWY: L-ornithine de novo  biosynthesis|g__Bacteroides.s__Bacteroides_caecimuris	0.0000332222
ARGININE-SYN4-PWY: L-ornithine de novo  biosynthesis|unclassified	0.0000000000
P441-PWY: superpathway of N-acetylneuraminate degradation	0.0000000000
P441-PWY: superpathway of N-acetylneuraminate degradation|unclassified	0.0000000000
CENTFERM-PWY: pyruvate fermentation to butanoate	0.0000000000
CENTFERM-PWY: pyruvate fermentation to butanoate|unclassified	0.0000000000
GALACTUROCAT-PWY: D-galacturonate degradation I	0.0000000000
GALACTUROCAT-PWY: D-galacturonate degradation I|unclassified	0.0000000000
PWY-4041: &gamma;-glutamyl cycle	0.0000000000
PWY-4041: &gamma;-glutamyl cycle|unclassified	0.0000000000
NONMEVIPP-PWY: methylerythritol phosphate pathway I	0.0000000000
NONMEVIPP-PWY: methylerythritol phosphate pathway I|g__Bifidobacterium.s__Bifidobacterium_pseudolongum	0.6332421857
COBALSYN-PWY: adenosylcobalamin salvage from cobinamide I	0.0000000000
COBALSYN-PWY: adenosylcobalamin salvage from cobinamide I|unclassified	0.0000000000
PWY-6305: putrescine biosynthesis IV	0.0000000000
PWY-6305: putrescine biosynthesis IV|unclassified	0.0000000000
GALACT-GLUCUROCAT-PWY: superpathway of hexuronide and hexuronate degradation	0.0000000000
GALACT-GLUCUROCAT-PWY: superpathway of hexuronide and hexuronate degradation|unclassified	0.0000000000
TEICHOICACID-PWY: teichoic acid (poly-glycerol) biosynthesis	0.0000000000
P124-PWY: Bifidobacterium shunt	0.0000000000
ARG+POLYAMINE-SYN: superpathway of arginine and polyamine biosynthesis	0.0000000000
ARG+POLYAMINE-SYN: superpathway of arginine and polyamine biosynthesis|unclassified	0.0000000000
GLUCUROCAT-PWY: superpathway of &beta;-D-glucuronide and D-glucuronate degradation	0.0000000000
GLUCUROCAT-PWY: superpathway of &beta;-D-glucuronide and D-glucuronate degradation|unclassified	0.0000000000
PWY-5121: superpathway of geranylgeranyl diphosphate biosynthesis II (via MEP)	0.0000000000
PWY-5941: glycogen degradation II (eukaryotic)	0.0000000000
PWY-5941: glycogen degradation II (eukaryotic)|unclassified	0.0000000000
PWY-6507: 4-deoxy-L-threo-hex-4-enopyranuronate degradation	0.0000000000
PWY-6507: 4-deoxy-L-threo-hex-4-enopyranuronate degradation|unclassified	0.0000000000
PWY-7242: D-fructuronate degradation	0.0000000000
PWY-7242: D-fructuronate degradation|unclassified	0.0000000000
PWY-5676: acetyl-CoA fermentation to butanoate II	0.0000000000
PWY-5676: acetyl-CoA fermentation to butanoate II|unclassified	0.0000000000
PWY-5177: glutaryl-CoA degradation	0.0000000000
PWY-5177: glutaryl-CoA degradation|unclassified	0.0000000000
PWY-6606: guanosine nucleotides degradation II	0.0000000000
PWY-6606: guanosine nucleotides degradation II|unclassified	0.0000000000
PWY-6595: superpathway of guanosine nucleotides degradation (plants)	0.0000000000
LACTOSECAT-PWY: lactose and galactose degradation I	0.0000000000
LACTOSECAT-PWY: lactose and galactose degradation I|g__Lactobacillus.s__Lactobacillus_johnsonii	0.8069722986
LACTOSECAT-PWY: lactose and galactose degradation I|unclassified	0.0000000000
P461-PWY: hexitol fermentation to lactate, formate, ethanol and acetate	0.0000000000
P461-PWY: hexitol fermentation to lactate, formate, ethanol and acetate|unclassified	0.0000000000
PWY0-1479: tRNA processing	0.0000000000
PWY0-1479: tRNA processing|unclassified	0.0000000000
PWY-5345: superpathway of L-methionine biosynthesis (by sulfhydrylation)	0.0000000000
P122-PWY: heterolactic fermentation	0.0000000000
PWY-5384: sucrose degradation IV (sucrose phosphorylase)	0.0000000000
PWY-5384: sucrose degradation IV (sucrose phosphorylase)|unclassified	0.0000000000
SULFATE-CYS-PWY: superpathway of sulfate assimilation and cysteine biosynthesis	0.0000000000
SULFATE-CYS-PWY: superpathway of sulfate assimilation and cysteine biosynthesis|unclassified	0.0000000000
PWY0-1297: superpathway of purine deoxyribonucleosides degradation	0.0000000000
PWY0-1297: superpathway of purine deoxyribonucleosides degradation|unclassified	0.0000000000
PWY-7332: superpathway of UDP-N-acetylglucosamine-derived O-antigen building blocks biosynthesis	0.0000000000
PWY-7332: superpathway of UDP-N-acetylglucosamine-derived O-antigen building blocks biosynthesis|unclassified	0.0000000000
PWY-821: superpathway of sulfur amino acid biosynthesis (Saccharomyces cerevisiae)	0.0000000000
POLYAMSYN-PWY: superpathway of polyamine biosynthesis I	0.0000000000
POLYAMSYN-PWY: superpathway of polyamine biosynthesis I|unclassified	0.0000000000
PWY-7392: taxadiene biosynthesis (engineered)	0.0000000000
PWY0-1061: superpathway of L-alanine biosynthesis	0.0000000000
PWY0-1061: superpathway of L-alanine biosynthesis|unclassified	0.0000000000
PWY0-1061: superpathway of L-alanine biosynthesis|g__Bifidobacterium.s__Bifidobacterium_pseudolongum	0.1599407462
PWY-7115: C4 photosynthetic carbon assimilation cycle, NAD-ME type	0.0000000000
PWY0-1298: superpathway of pyrimidine deoxyribonucleosides degradation	0.0000000000
PWY0-1298: superpathway of pyrimidine deoxyribonucleosides degradation|unclassified	0.0000000000
PWY-6270: isoprene biosynthesis I	0.0000000000
PWY-7385: 1,3-propanediol biosynthesis (engineered)	0.0000000000
PWY-7385: 1,3-propanediol biosynthesis (engineered)|unclassified	0.0000000000
PWY4LZ-257: superpathway of fermentation (Chlamydomonas reinhardtii)	0.0000000000
PWY4LZ-257: superpathway of fermentation (Chlamydomonas reinhardtii)|unclassified	0.0000000000
FAO-PWY: fatty acid &beta;-oxidation I	0.0000000000
FAO-PWY: fatty acid &beta;-oxidation I|unclassified	0.0000000000
PWY-5136: fatty acid &beta;-oxidation II (peroxisome)	0.0000000000
PWY-5136: fatty acid &beta;-oxidation II (peroxisome)|unclassified	0.0000000000
PWY-621: sucrose degradation III (sucrose invertase)	0.0000000000
PWY-621: sucrose degradation III (sucrose invertase)|unclassified	0.0000000000
PWY-7560: methylerythritol phosphate pathway II	0.0000000000
PWY-7316: dTDP-N-acetylviosamine biosynthesis	0.0000000000
PWY-7316: dTDP-N-acetylviosamine biosynthesis|unclassified	0.0000000000
P161-PWY: acetylene degradation	0.0000000000
P161-PWY: acetylene degradation|unclassified	0.0000000000
PWY-6565: superpathway of polyamine biosynthesis III	0.0000000000
PWY-6565: superpathway of polyamine biosynthesis III|unclassified	0.0000000000
PWY-6562: norspermidine biosynthesis	0.0000000000
PWY-6562: norspermidine biosynthesis|unclassified	0.0000000000
PWY-1861: formaldehyde assimilation II (RuMP Cycle)	0.0000000000
PWY-1861: formaldehyde assimilation II (RuMP Cycle)|unclassified	0.0000000000
PWY-5910: superpathway of geranylgeranyldiphosphate biosynthesis I (via mevalonate)	0.0000000000
PWY-5910: superpathway of geranylgeranyldiphosphate biosynthesis I (via mevalonate)|g__Lactobacillus.s__Lactobacillus_reuteri	0.1889595583
REDCITCYC: TCA cycle VIII (helicobacter)	0.0000000000
BIOTIN-BIOSYNTHESIS-PWY: biotin biosynthesis I	0.0000000000
BIOTIN-BIOSYNTHESIS-PWY: biotin biosynthesis I|unclassified	0.0000000000
PWY-5005: biotin biosynthesis II	0.0000000000
PWY-5005: biotin biosynthesis II|unclassified	0.0000000000
GLUDEG-I-PWY: GABA shunt	0.0000000000
GLUDEG-I-PWY: GABA shunt|g__Lactobacillus.s__Lactobacillus_reuteri	0.3630321786
SO4ASSIM-PWY: sulfate reduction I (assimilatory)	0.0000000000
SO4ASSIM-PWY: sulfate reduction I (assimilatory)|unclassified	0.0000000000
NAD-BIOSYNTHESIS-II: NAD salvage pathway II	0.0000000000
NAD-BIOSYNTHESIS-II: NAD salvage pathway II|unclassified	0.0000000000
PWY-5022: 4-aminobutanoate degradation V	0.0000000000
METH-ACETATE-PWY: methanogenesis from acetate	0.0000000000
METH-ACETATE-PWY: methanogenesis from acetate|unclassified	0.0000000000
PWY-6519: 8-amino-7-oxononanoate biosynthesis I	0.0000000000
PWY-6519: 8-amino-7-oxononanoate biosynthesis I|unclassified	0.0000000000
HEMESYN2-PWY: heme biosynthesis II (anaerobic)	0.0000000000
HEMESYN2-PWY: heme biosynthesis II (anaerobic)|unclassified	0.0000000000
PWY-922: mevalonate pathway I	0.0000000000
PWY-922: mevalonate pathway I|g__Lactobacillus.s__Lactobacillus_reuteri	0.1599377786
P185-PWY: formaldehyde assimilation III (dihydroxyacetone cycle)	0.0000000000
P185-PWY: formaldehyde assimilation III (dihydroxyacetone cycle)|unclassified	0.0000000000
POLYAMINSYN3-PWY: superpathway of polyamine biosynthesis II	0.0000000000
POLYAMINSYN3-PWY: superpathway of polyamine biosynthesis II|unclassified	0.0000000000
FASYN-ELONG-PWY: fatty acid elongation -- saturated	0.0000000000
FASYN-ELONG-PWY: fatty acid elongation -- saturated|unclassified	0.0000000000
PWY-4321: L-glutamate degradation IV	0.0000000000
PWY-4321: L-glutamate degradation IV|g__Lactobacillus.s__Lactobacillus_reuteri	0.4194530526
PWYG-321: mycolate biosynthesis	0.0000000000
PWYG-321: mycolate biosynthesis|unclassified	0.0000000000
GOLPDLCAT-PWY: superpathway of glycerol degradation to 1,3-propanediol	0.0000000000
GOLPDLCAT-PWY: superpathway of glycerol degradation to 1,3-propanediol|unclassified	0.0000000000
PWY-7328: superpathway of UDP-glucose-derived O-antigen building blocks biosynthesis	0.0000000000
PWY-7328: superpathway of UDP-glucose-derived O-antigen building blocks biosynthesis|unclassified	0.0000000000
PWY-7664: oleate biosynthesis IV (anaerobic)	0.0000000000
PWY-7664: oleate biosynthesis IV (anaerobic)|unclassified	0.0000000000
PWY0-862: (5Z)-dodec-5-enoate biosynthesis	0.0000000000
PWY0-862: (5Z)-dodec-5-enoate biosynthesis|unclassified	0.0000000000
PWY-6282: palmitoleate biosynthesis I (from (5Z)-dodec-5-enoate)	0.0000000000
PWY-6282: palmitoleate biosynthesis I (from (5Z)-dodec-5-enoate)|unclassified	0.0000000000
PWY-5989: stearate biosynthesis II (bacteria and plants)	0.0000000000
PWY-5989: stearate biosynthesis II (bacteria and plants)|unclassified	0.0000000000
PWY66-367: ketogenesis	0.0000000000
PWY66-367: ketogenesis|unclassified	0.0000000000
FASYN-INITIAL-PWY: superpathway of fatty acid biosynthesis initiation (E. coli)	0.0000000000
FASYN-INITIAL-PWY: superpathway of fatty acid biosynthesis initiation (E. coli)|unclassified	0.0000000000
PWY-7388: octanoyl-[acyl-carrier protein] biosynthesis (mitochondria, yeast)	0.0000000000
PWY-7388: octanoyl-[acyl-carrier protein] biosynthesis (mitochondria, yeast)|unclassified	0.0000000000
PWY-7209: superpathway of pyrimidine ribonucleosides degradation	0.0000000000
PWY-7209: superpathway of pyrimidine ribonucleosides degradation|unclassified	0.0000000000
P562-PWY: myo-inositol degradation I	0.0000000000
P562-PWY: myo-inositol degradation I|unclassified	0.0000000000
KETOGLUCONMET-PWY: ketogluconate metabolism	0.0000000000
KETOGLUCONMET-PWY: ketogluconate metabolism|unclassified	0.0000000000
PWY-6749: CMP-legionaminate biosynthesis I	0.0000000000
PWY-6749: CMP-legionaminate biosynthesis I|unclassified	0.0000000000
PWY-6992: 1,5-anhydrofructose degradation	0.0000000000
PWY-6992: 1,5-anhydrofructose degradation|unclassified	0.0000000000
PWY-6138: CMP-N-acetylneuraminate biosynthesis I (eukaryotes)	0.0000000000
PWY66-201: nicotine degradation IV	0.0000000000
PWY66-201: nicotine degradation IV|unclassified	0.0000000000
PWY-6117: spermine and spermidine degradation I	0.0000000000
PWY-6117: spermine and spermidine degradation I|unclassified	0.0000000000
PWY-5514: UDP-N-acetyl-D-galactosamine biosynthesis II	0.0000000000
PWY-5514: UDP-N-acetyl-D-galactosamine biosynthesis II|unclassified	0.0000000000
PWY-7616: methanol oxidation to carbon dioxide	0.0000000000
PWY-7616: methanol oxidation to carbon dioxide|unclassified	0.0000000000
UDPNACETYLGALSYN-PWY: UDP-N-acetyl-D-glucosamine biosynthesis II	0.0000000000
UDPNACETYLGALSYN-PWY: UDP-N-acetyl-D-glucosamine biosynthesis II|unclassified	0.0000000000