# Pathway	DSS_treatedp_Coverage
UNMAPPED	1.0000000000
UNINTEGRATED	1.0000000000
UNINTEGRATED|g__Acetatifactor.s__Acetatifactor_muris	1.0000000000
UNINTEGRATED|g__Alistipes.s__Alistipes_timonensis	1.0000000000
UNINTEGRATED|g__Bacteroides.s__Bacteroides_caecimuris	1.0000000000
UNINTEGRATED|g__Bacteroides.s__Bacteroides_sartorii	1.0000000000
UNINTEGRATED|g__Bacteroides.s__Bacteroides_uniformis	1.0000000000
UNINTEGRATED|g__Bacteroides.s__Bacteroides_uniformis_CAG_3	1.0000000000
UNINTEGRATED|g__Bifidobacterium.s__Bifidobacterium_pseudolongum	1.0000000000
UNINTEGRATED|g__Clostridium.s__Clostridium_sp_ASF502	1.0000000000
UNINTEGRATED|g__Firmicutes_unclassified.s__Firmicutes_bacterium_ASF500	1.0000000000
UNINTEGRATED|g__Helicobacter.s__Helicobacter_ganmani	1.0000000000
UNINTEGRATED|g__Helicobacter.s__Helicobacter_typhlonius	1.0000000000
UNINTEGRATED|g__Lachnospiraceae_unclassified.s__Lachnospiraceae_bacterium_10_1	1.0000000000
UNINTEGRATED|g__Lachnospiraceae_unclassified.s__Lachnospiraceae_bacterium_28_4	1.0000000000
UNINTEGRATED|g__Lachnospiraceae_unclassified.s__Lachnospiraceae_bacterium_COE1	1.0000000000
UNINTEGRATED|g__Mucispirillum.s__Mucispirillum_schaedleri	1.0000000000
UNINTEGRATED|g__Muribaculum.s__Muribaculum_intestinale	1.0000000000
UNINTEGRATED|g__Parabacteroides.s__Parabacteroides_distasonis	1.0000000000
UNINTEGRATED|g__Prevotella.s__Prevotella_sp_MGM2	1.0000000000
UNINTEGRATED|g__Romboutsia.s__Romboutsia_ilealis	1.0000000000
UNINTEGRATED|unclassified	1.0000000000
PWY-1042: glycolysis IV (plant cytosol)	1.0000000000
PWY-1042: glycolysis IV (plant cytosol)|unclassified	1.0000000000
PWY-1042: glycolysis IV (plant cytosol)|g__Bacteroides.s__Bacteroides_sartorii	0.1768195587
PWY-1042: glycolysis IV (plant cytosol)|g__Alistipes.s__Alistipes_timonensis	0.0000000000
PWY-1042: glycolysis IV (plant cytosol)|g__Romboutsia.s__Romboutsia_ilealis	0.2607032504
PWY-1042: glycolysis IV (plant cytosol)|g__Lachnospiraceae_unclassified.s__Lachnospiraceae_bacterium_COE1	0.7019475899
TRNA-CHARGING-PWY: tRNA charging	1.0000000000
TRNA-CHARGING-PWY: tRNA charging|unclassified	1.0000000000
TRNA-CHARGING-PWY: tRNA charging|g__Bacteroides.s__Bacteroides_caecimuris	0.0000044526
TRNA-CHARGING-PWY: tRNA charging|g__Alistipes.s__Alistipes_timonensis	0.5605378004
TRNA-CHARGING-PWY: tRNA charging|g__Bacteroides.s__Bacteroides_sartorii	0.0351618905
TRNA-CHARGING-PWY: tRNA charging|g__Firmicutes_unclassified.s__Firmicutes_bacterium_ASF500	0.8442574422
TRNA-CHARGING-PWY: tRNA charging|g__Parabacteroides.s__Parabacteroides_distasonis	0.4525065423
TRNA-CHARGING-PWY: tRNA charging|g__Romboutsia.s__Romboutsia_ilealis	0.0492586632
DTDPRHAMSYN-PWY: dTDP-L-rhamnose biosynthesis I	1.0000000000
DTDPRHAMSYN-PWY: dTDP-L-rhamnose biosynthesis I|unclassified	1.0000000000
DTDPRHAMSYN-PWY: dTDP-L-rhamnose biosynthesis I|g__Prevotella.s__Prevotella_sp_MGM2	0.6970694759
DTDPRHAMSYN-PWY: dTDP-L-rhamnose biosynthesis I|g__Bacteroides.s__Bacteroides_sartorii	0.0841046258
DTDPRHAMSYN-PWY: dTDP-L-rhamnose biosynthesis I|g__Bacteroides.s__Bacteroides_caecimuris	0.0000000000
DTDPRHAMSYN-PWY: dTDP-L-rhamnose biosynthesis I|g__Mucispirillum.s__Mucispirillum_schaedleri	0.0077776615
DTDPRHAMSYN-PWY: dTDP-L-rhamnose biosynthesis I|g__Alistipes.s__Alistipes_timonensis	0.0000149030
DTDPRHAMSYN-PWY: dTDP-L-rhamnose biosynthesis I|g__Lachnospiraceae_unclassified.s__Lachnospiraceae_bacterium_28_4	0.7252794595
DTDPRHAMSYN-PWY: dTDP-L-rhamnose biosynthesis I|g__Bifidobacterium.s__Bifidobacterium_pseudolongum	0.1745337536
DTDPRHAMSYN-PWY: dTDP-L-rhamnose biosynthesis I|g__Lachnospiraceae_unclassified.s__Lachnospiraceae_bacterium_COE1	0.5627147714
DTDPRHAMSYN-PWY: dTDP-L-rhamnose biosynthesis I|g__Parabacteroides.s__Parabacteroides_distasonis	0.1814555593
PWY-3841: folate transformations II	1.0000000000
PWY-3841: folate transformations II|unclassified	1.0000000000
PWY-3841: folate transformations II|g__Bacteroides.s__Bacteroides_caecimuris	0.0000000000
PWY-3841: folate transformations II|g__Bacteroides.s__Bacteroides_sartorii	0.0564089777
PWY-3841: folate transformations II|g__Alistipes.s__Alistipes_timonensis	0.2982884327
PWY-3841: folate transformations II|g__Lachnospiraceae_unclassified.s__Lachnospiraceae_bacterium_28_4	0.4782832660
PWY-3841: folate transformations II|g__Parabacteroides.s__Parabacteroides_distasonis	0.5415589851
PWY-7219: adenosine ribonucleotides de novo biosynthesis	1.0000000000
PWY-7219: adenosine ribonucleotides de novo biosynthesis|unclassified	1.0000000000
PWY-7219: adenosine ribonucleotides de novo biosynthesis|g__Bacteroides.s__Bacteroides_caecimuris	1.0000000000
PWY-7219: adenosine ribonucleotides de novo biosynthesis|g__Helicobacter.s__Helicobacter_typhlonius	0.0002709813
PWY-7219: adenosine ribonucleotides de novo biosynthesis|g__Bacteroides.s__Bacteroides_sartorii	0.0015542127
PWY-7219: adenosine ribonucleotides de novo biosynthesis|g__Prevotella.s__Prevotella_sp_MGM2	0.1785987141
PWY-7219: adenosine ribonucleotides de novo biosynthesis|g__Mucispirillum.s__Mucispirillum_schaedleri	0.5384190000
PWY-7219: adenosine ribonucleotides de novo biosynthesis|g__Alistipes.s__Alistipes_timonensis	0.0000109389
PWY-7219: adenosine ribonucleotides de novo biosynthesis|g__Bifidobacterium.s__Bifidobacterium_pseudolongum	0.3220431872
PWY-7219: adenosine ribonucleotides de novo biosynthesis|g__Firmicutes_unclassified.s__Firmicutes_bacterium_ASF500	0.6445520398
PWY-7219: adenosine ribonucleotides de novo biosynthesis|g__Lachnospiraceae_unclassified.s__Lachnospiraceae_bacterium_28_4	0.3454154855
PWY-7219: adenosine ribonucleotides de novo biosynthesis|g__Romboutsia.s__Romboutsia_ilealis	0.5205029580
PWY-7219: adenosine ribonucleotides de novo biosynthesis|g__Parabacteroides.s__Parabacteroides_distasonis	0.2443983846
PWY-7219: adenosine ribonucleotides de novo biosynthesis|g__Bacteroides.s__Bacteroides_uniformis_CAG_3	0.6118706379
PWY-7219: adenosine ribonucleotides de novo biosynthesis|g__Bacteroides.s__Bacteroides_uniformis	0.6240834298
PWY-6123: inosine-5'-phosphate biosynthesis I	1.0000000000
PWY-6123: inosine-5'-phosphate biosynthesis I|unclassified	1.0000000000
PWY-6123: inosine-5'-phosphate biosynthesis I|g__Bacteroides.s__Bacteroides_caecimuris	0.6196874440
PWY-6123: inosine-5'-phosphate biosynthesis I|g__Helicobacter.s__Helicobacter_typhlonius	0.0004066150
PWY-6123: inosine-5'-phosphate biosynthesis I|g__Bacteroides.s__Bacteroides_sartorii	0.2123267228
PWY-6123: inosine-5'-phosphate biosynthesis I|g__Mucispirillum.s__Mucispirillum_schaedleri	0.1286625566
PWY-6123: inosine-5'-phosphate biosynthesis I|g__Alistipes.s__Alistipes_timonensis	0.0004470655
PWY-6123: inosine-5'-phosphate biosynthesis I|g__Bifidobacterium.s__Bifidobacterium_pseudolongum	0.1154915832
PWY-6123: inosine-5'-phosphate biosynthesis I|g__Romboutsia.s__Romboutsia_ilealis	0.5306268221
PWY-5686: UMP biosynthesis	1.0000000000
PWY-5686: UMP biosynthesis|unclassified	0.9999999995
PWY-5686: UMP biosynthesis|g__Helicobacter.s__Helicobacter_typhlonius	0.0936189079
PWY-5686: UMP biosynthesis|g__Bacteroides.s__Bacteroides_caecimuris	0.0600039261
PWY-5686: UMP biosynthesis|g__Bacteroides.s__Bacteroides_sartorii	0.0000528414
PWY-5686: UMP biosynthesis|g__Mucispirillum.s__Mucispirillum_schaedleri	0.1956439342
PWY-5686: UMP biosynthesis|g__Alistipes.s__Alistipes_timonensis	0.0000012656
PWY-5686: UMP biosynthesis|g__Firmicutes_unclassified.s__Firmicutes_bacterium_ASF500	0.4112070403
PWY-5686: UMP biosynthesis|g__Bifidobacterium.s__Bifidobacterium_pseudolongum	0.1921468635
PWY-5686: UMP biosynthesis|g__Lachnospiraceae_unclassified.s__Lachnospiraceae_bacterium_28_4	0.5088315036
PWY-5686: UMP biosynthesis|g__Parabacteroides.s__Parabacteroides_distasonis	0.1041115716
PWY-5686: UMP biosynthesis|g__Clostridium.s__Clostridium_sp_ASF502	0.3865317789
PWY-5686: UMP biosynthesis|g__Romboutsia.s__Romboutsia_ilealis	0.0044454902
PWY-6124: inosine-5'-phosphate biosynthesis II	1.0000000000
PWY-6124: inosine-5'-phosphate biosynthesis II|unclassified	1.0000000000
PWY-6124: inosine-5'-phosphate biosynthesis II|g__Bacteroides.s__Bacteroides_caecimuris	0.5758842424
PWY-6124: inosine-5'-phosphate biosynthesis II|g__Helicobacter.s__Helicobacter_typhlonius	0.0003388954
PWY-6124: inosine-5'-phosphate biosynthesis II|g__Bacteroides.s__Bacteroides_sartorii	0.1834303934
PWY-6124: inosine-5'-phosphate biosynthesis II|g__Mucispirillum.s__Mucispirillum_schaedleri	0.3197449554
PWY-6124: inosine-5'-phosphate biosynthesis II|g__Alistipes.s__Alistipes_timonensis	0.0003743685
PWY-6124: inosine-5'-phosphate biosynthesis II|g__Bifidobacterium.s__Bifidobacterium_pseudolongum	0.0987862463
PWY-6124: inosine-5'-phosphate biosynthesis II|g__Romboutsia.s__Romboutsia_ilealis	0.5024700645
PWY-6124: inosine-5'-phosphate biosynthesis II|g__Clostridium.s__Clostridium_sp_ASF502	0.2695003935
PWY-7221: guanosine ribonucleotides de novo biosynthesis	1.0000000000
PWY-7221: guanosine ribonucleotides de novo biosynthesis|unclassified	1.0000000000
PWY-7221: guanosine ribonucleotides de novo biosynthesis|g__Helicobacter.s__Helicobacter_typhlonius	0.6269351371
PWY-7221: guanosine ribonucleotides de novo biosynthesis|g__Bacteroides.s__Bacteroides_sartorii	0.9269777636
PWY-7221: guanosine ribonucleotides de novo biosynthesis|g__Bacteroides.s__Bacteroides_caecimuris	0.0000000000
PWY-7221: guanosine ribonucleotides de novo biosynthesis|g__Prevotella.s__Prevotella_sp_MGM2	0.3908076024
PWY-7221: guanosine ribonucleotides de novo biosynthesis|g__Mucispirillum.s__Mucispirillum_schaedleri	0.0780734392
PWY-7221: guanosine ribonucleotides de novo biosynthesis|g__Alistipes.s__Alistipes_timonensis	0.0000000004
PWY-7221: guanosine ribonucleotides de novo biosynthesis|g__Parabacteroides.s__Parabacteroides_distasonis	0.8331919697
PWY-7221: guanosine ribonucleotides de novo biosynthesis|g__Lachnospiraceae_unclassified.s__Lachnospiraceae_bacterium_28_4	0.6365716753
PWY-7221: guanosine ribonucleotides de novo biosynthesis|g__Firmicutes_unclassified.s__Firmicutes_bacterium_ASF500	0.5838839785
PWY-7221: guanosine ribonucleotides de novo biosynthesis|g__Romboutsia.s__Romboutsia_ilealis	0.0508084065
PWY-6122: 5-aminoimidazole ribonucleotide biosynthesis II	1.0000000000
PWY-6122: 5-aminoimidazole ribonucleotide biosynthesis II|unclassified	1.0000000000
PWY-6122: 5-aminoimidazole ribonucleotide biosynthesis II|g__Helicobacter.s__Helicobacter_typhlonius	0.0352960741
PWY-6122: 5-aminoimidazole ribonucleotide biosynthesis II|g__Bacteroides.s__Bacteroides_caecimuris	0.0000029279
PWY-6122: 5-aminoimidazole ribonucleotide biosynthesis II|g__Prevotella.s__Prevotella_sp_MGM2	0.6134043548
PWY-6122: 5-aminoimidazole ribonucleotide biosynthesis II|g__Bacteroides.s__Bacteroides_sartorii	0.0052489219
PWY-6122: 5-aminoimidazole ribonucleotide biosynthesis II|g__Alistipes.s__Alistipes_timonensis	0.0181972757
PWY-6122: 5-aminoimidazole ribonucleotide biosynthesis II|g__Mucispirillum.s__Mucispirillum_schaedleri	0.0000036829
PWY-6122: 5-aminoimidazole ribonucleotide biosynthesis II|g__Firmicutes_unclassified.s__Firmicutes_bacterium_ASF500	0.6692075906
PWY-6122: 5-aminoimidazole ribonucleotide biosynthesis II|g__Bifidobacterium.s__Bifidobacterium_pseudolongum	0.0817558714
PWY-6122: 5-aminoimidazole ribonucleotide biosynthesis II|g__Lachnospiraceae_unclassified.s__Lachnospiraceae_bacterium_28_4	0.1665421607
PWY-6122: 5-aminoimidazole ribonucleotide biosynthesis II|g__Parabacteroides.s__Parabacteroides_distasonis	0.2849099175
PWY-6122: 5-aminoimidazole ribonucleotide biosynthesis II|g__Romboutsia.s__Romboutsia_ilealis	0.1140421775
PWY-6122: 5-aminoimidazole ribonucleotide biosynthesis II|g__Lachnospiraceae_unclassified.s__Lachnospiraceae_bacterium_COE1	0.5841442159
PWY-6122: 5-aminoimidazole ribonucleotide biosynthesis II|g__Clostridium.s__Clostridium_sp_ASF502	0.3673495003
PWY-6277: superpathway of 5-aminoimidazole ribonucleotide biosynthesis	1.0000000000
PWY-6277: superpathway of 5-aminoimidazole ribonucleotide biosynthesis|unclassified	1.0000000000
PWY-6277: superpathway of 5-aminoimidazole ribonucleotide biosynthesis|g__Helicobacter.s__Helicobacter_typhlonius	0.0352960741
PWY-6277: superpathway of 5-aminoimidazole ribonucleotide biosynthesis|g__Bacteroides.s__Bacteroides_caecimuris	0.0000029279
PWY-6277: superpathway of 5-aminoimidazole ribonucleotide biosynthesis|g__Prevotella.s__Prevotella_sp_MGM2	0.6134043548
PWY-6277: superpathway of 5-aminoimidazole ribonucleotide biosynthesis|g__Bacteroides.s__Bacteroides_sartorii	0.0052489219
PWY-6277: superpathway of 5-aminoimidazole ribonucleotide biosynthesis|g__Alistipes.s__Alistipes_timonensis	0.0181972757
PWY-6277: superpathway of 5-aminoimidazole ribonucleotide biosynthesis|g__Mucispirillum.s__Mucispirillum_schaedleri	0.0000036829
PWY-6277: superpathway of 5-aminoimidazole ribonucleotide biosynthesis|g__Firmicutes_unclassified.s__Firmicutes_bacterium_ASF500	0.6692075906
PWY-6277: superpathway of 5-aminoimidazole ribonucleotide biosynthesis|g__Bifidobacterium.s__Bifidobacterium_pseudolongum	0.0817558714
PWY-6277: superpathway of 5-aminoimidazole ribonucleotide biosynthesis|g__Lachnospiraceae_unclassified.s__Lachnospiraceae_bacterium_28_4	0.1665421607
PWY-6277: superpathway of 5-aminoimidazole ribonucleotide biosynthesis|g__Parabacteroides.s__Parabacteroides_distasonis	0.2849099175
PWY-6277: superpathway of 5-aminoimidazole ribonucleotide biosynthesis|g__Romboutsia.s__Romboutsia_ilealis	0.1140421775
PWY-6277: superpathway of 5-aminoimidazole ribonucleotide biosynthesis|g__Lachnospiraceae_unclassified.s__Lachnospiraceae_bacterium_COE1	0.5841442159
PWY-6277: superpathway of 5-aminoimidazole ribonucleotide biosynthesis|g__Clostridium.s__Clostridium_sp_ASF502	0.3673495003
PWY-6700: queuosine biosynthesis	1.0000000000
PWY-6700: queuosine biosynthesis|unclassified	1.0000000000
PWY-6700: queuosine biosynthesis|g__Helicobacter.s__Helicobacter_typhlonius	0.0606101645
PWY-6700: queuosine biosynthesis|g__Bacteroides.s__Bacteroides_sartorii	0.2336810743
PWY-6700: queuosine biosynthesis|g__Prevotella.s__Prevotella_sp_MGM2	0.7229442145
PWY-6700: queuosine biosynthesis|g__Bacteroides.s__Bacteroides_caecimuris	0.0000000000
PWY-6700: queuosine biosynthesis|g__Mucispirillum.s__Mucispirillum_schaedleri	0.0001233980
PWY-6700: queuosine biosynthesis|g__Firmicutes_unclassified.s__Firmicutes_bacterium_ASF500	0.5528792824
PWY-6700: queuosine biosynthesis|g__Parabacteroides.s__Parabacteroides_distasonis	0.4388092697
PWY-6700: queuosine biosynthesis|g__Lachnospiraceae_unclassified.s__Lachnospiraceae_bacterium_28_4	0.0895324539
PWY-6609: adenine and adenosine salvage III	1.0000000000
PWY-6609: adenine and adenosine salvage III|unclassified	0.9999999996
PWY-6609: adenine and adenosine salvage III|g__Bacteroides.s__Bacteroides_caecimuris	0.8314765768
PWY-6609: adenine and adenosine salvage III|g__Bacteroides.s__Bacteroides_sartorii	0.8362046738
PWY-6609: adenine and adenosine salvage III|g__Alistipes.s__Alistipes_timonensis	0.0002471952
PWY-6609: adenine and adenosine salvage III|g__Mucispirillum.s__Mucispirillum_schaedleri	0.0000005181
PWY-6609: adenine and adenosine salvage III|g__Romboutsia.s__Romboutsia_ilealis	0.7755884591
PWY-6609: adenine and adenosine salvage III|g__Lachnospiraceae_unclassified.s__Lachnospiraceae_bacterium_28_4	0.4939841087
PWY-6609: adenine and adenosine salvage III|g__Lachnospiraceae_unclassified.s__Lachnospiraceae_bacterium_COE1	0.7152512000
PWY-6609: adenine and adenosine salvage III|g__Parabacteroides.s__Parabacteroides_distasonis	0.1605204555
PWY-6609: adenine and adenosine salvage III|g__Firmicutes_unclassified.s__Firmicutes_bacterium_ASF500	0.0035560141
PWY-6609: adenine and adenosine salvage III|g__Lachnospiraceae_unclassified.s__Lachnospiraceae_bacterium_10_1	0.1654073259
ILEUSYN-PWY: L-isoleucine biosynthesis I (from threonine)	1.0000000000
ILEUSYN-PWY: L-isoleucine biosynthesis I (from threonine)|unclassified	1.0000000000
ILEUSYN-PWY: L-isoleucine biosynthesis I (from threonine)|g__Helicobacter.s__Helicobacter_typhlonius	0.9922878927
ILEUSYN-PWY: L-isoleucine biosynthesis I (from threonine)|g__Bacteroides.s__Bacteroides_caecimuris	0.0003349219
ILEUSYN-PWY: L-isoleucine biosynthesis I (from threonine)|g__Mucispirillum.s__Mucispirillum_schaedleri	0.5891310894
ILEUSYN-PWY: L-isoleucine biosynthesis I (from threonine)|g__Bifidobacterium.s__Bifidobacterium_pseudolongum	0.8967359835
ILEUSYN-PWY: L-isoleucine biosynthesis I (from threonine)|g__Parabacteroides.s__Parabacteroides_distasonis	0.5040012060
ILEUSYN-PWY: L-isoleucine biosynthesis I (from threonine)|g__Bacteroides.s__Bacteroides_uniformis	0.7604083156
PWY-7111: pyruvate fermentation to isobutanol (engineered)	1.0000000000
PWY-7111: pyruvate fermentation to isobutanol (engineered)|unclassified	1.0000000000
PWY-7111: pyruvate fermentation to isobutanol (engineered)|g__Helicobacter.s__Helicobacter_typhlonius	0.9922878927
PWY-7111: pyruvate fermentation to isobutanol (engineered)|g__Bacteroides.s__Bacteroides_caecimuris	0.0000000441
PWY-7111: pyruvate fermentation to isobutanol (engineered)|g__Bacteroides.s__Bacteroides_sartorii	0.0451375977
PWY-7111: pyruvate fermentation to isobutanol (engineered)|g__Prevotella.s__Prevotella_sp_MGM2	0.0087617924
PWY-7111: pyruvate fermentation to isobutanol (engineered)|g__Mucispirillum.s__Mucispirillum_schaedleri	0.3135492044
PWY-7111: pyruvate fermentation to isobutanol (engineered)|g__Firmicutes_unclassified.s__Firmicutes_bacterium_ASF500	0.9914771543
PWY-7111: pyruvate fermentation to isobutanol (engineered)|g__Bifidobacterium.s__Bifidobacterium_pseudolongum	0.6291605118
PWY-7111: pyruvate fermentation to isobutanol (engineered)|g__Alistipes.s__Alistipes_timonensis	0.0000000488
PWY-7111: pyruvate fermentation to isobutanol (engineered)|g__Lachnospiraceae_unclassified.s__Lachnospiraceae_bacterium_28_4	0.2602963796
PWY-7111: pyruvate fermentation to isobutanol (engineered)|g__Helicobacter.s__Helicobacter_ganmani	0.5973659948
PWY-7111: pyruvate fermentation to isobutanol (engineered)|g__Parabacteroides.s__Parabacteroides_distasonis	0.1420820835
PWY-7111: pyruvate fermentation to isobutanol (engineered)|g__Clostridium.s__Clostridium_sp_ASF502	0.6634305786
PWY-7111: pyruvate fermentation to isobutanol (engineered)|g__Lachnospiraceae_unclassified.s__Lachnospiraceae_bacterium_COE1	0.2490352825
PWY-7111: pyruvate fermentation to isobutanol (engineered)|g__Bacteroides.s__Bacteroides_uniformis	0.7550509176
VALSYN-PWY: L-valine biosynthesis	1.0000000000
VALSYN-PWY: L-valine biosynthesis|unclassified	1.0000000000
VALSYN-PWY: L-valine biosynthesis|g__Helicobacter.s__Helicobacter_typhlonius	0.9922878927
VALSYN-PWY: L-valine biosynthesis|g__Bacteroides.s__Bacteroides_caecimuris	0.0003349219
VALSYN-PWY: L-valine biosynthesis|g__Bacteroides.s__Bacteroides_sartorii	0.0451375977
VALSYN-PWY: L-valine biosynthesis|g__Prevotella.s__Prevotella_sp_MGM2	0.0087617924
VALSYN-PWY: L-valine biosynthesis|g__Mucispirillum.s__Mucispirillum_schaedleri	0.5891310894
VALSYN-PWY: L-valine biosynthesis|g__Firmicutes_unclassified.s__Firmicutes_bacterium_ASF500	0.9914771543
VALSYN-PWY: L-valine biosynthesis|g__Bifidobacterium.s__Bifidobacterium_pseudolongum	0.8967359835
VALSYN-PWY: L-valine biosynthesis|g__Alistipes.s__Alistipes_timonensis	0.0000000488
VALSYN-PWY: L-valine biosynthesis|g__Parabacteroides.s__Parabacteroides_distasonis	0.5040012060
VALSYN-PWY: L-valine biosynthesis|g__Lachnospiraceae_unclassified.s__Lachnospiraceae_bacterium_28_4	0.2602963796
VALSYN-PWY: L-valine biosynthesis|g__Clostridium.s__Clostridium_sp_ASF502	0.4567392125
VALSYN-PWY: L-valine biosynthesis|g__Lachnospiraceae_unclassified.s__Lachnospiraceae_bacterium_COE1	0.2490352825
VALSYN-PWY: L-valine biosynthesis|g__Acetatifactor.s__Acetatifactor_muris	0.3033431965
VALSYN-PWY: L-valine biosynthesis|g__Bacteroides.s__Bacteroides_uniformis	0.7604083156
PWY-5973: cis-vaccenate biosynthesis	1.0000000000
PWY-5973: cis-vaccenate biosynthesis|unclassified	0.1179182426
PWY-5973: cis-vaccenate biosynthesis|g__Helicobacter.s__Helicobacter_typhlonius	0.8385446398
PWY-5973: cis-vaccenate biosynthesis|g__Bacteroides.s__Bacteroides_caecimuris	0.0002104319
PWY-5973: cis-vaccenate biosynthesis|g__Bacteroides.s__Bacteroides_sartorii	0.0906985558
PWY-5973: cis-vaccenate biosynthesis|g__Alistipes.s__Alistipes_timonensis	0.1795131482
PWY-5973: cis-vaccenate biosynthesis|g__Parabacteroides.s__Parabacteroides_distasonis	0.5850839595
PWY-7228: superpathway of guanosine nucleotides de novo biosynthesis I	1.0000000000
PWY-7228: superpathway of guanosine nucleotides de novo biosynthesis I|unclassified	1.0000000000
PWY-7228: superpathway of guanosine nucleotides de novo biosynthesis I|g__Helicobacter.s__Helicobacter_typhlonius	0.7158784142
PWY-7228: superpathway of guanosine nucleotides de novo biosynthesis I|g__Bacteroides.s__Bacteroides_sartorii	0.4443114589
PWY-7228: superpathway of guanosine nucleotides de novo biosynthesis I|g__Mucispirillum.s__Mucispirillum_schaedleri	0.1123463502
PWY-7228: superpathway of guanosine nucleotides de novo biosynthesis I|g__Parabacteroides.s__Parabacteroides_distasonis	0.6612393532
PWY-841: superpathway of purine nucleotides de novo biosynthesis I	1.0000000000
PWY-841: superpathway of purine nucleotides de novo biosynthesis I|unclassified	1.0000000000
PWY-7229: superpathway of adenosine nucleotides de novo biosynthesis I	1.0000000000
PWY-7229: superpathway of adenosine nucleotides de novo biosynthesis I|unclassified	1.0000000000
PWY-7229: superpathway of adenosine nucleotides de novo biosynthesis I|g__Bifidobacterium.s__Bifidobacterium_pseudolongum	0.3853413182
PWY-6125: superpathway of guanosine nucleotides de novo biosynthesis II	1.0000000000
PWY-6125: superpathway of guanosine nucleotides de novo biosynthesis II|unclassified	1.0000000000
PWY-6125: superpathway of guanosine nucleotides de novo biosynthesis II|g__Helicobacter.s__Helicobacter_typhlonius	0.0000000088
PWY-6125: superpathway of guanosine nucleotides de novo biosynthesis II|g__Bacteroides.s__Bacteroides_sartorii	0.2917902100
PWY-6125: superpathway of guanosine nucleotides de novo biosynthesis II|g__Mucispirillum.s__Mucispirillum_schaedleri	0.0775048300
PWY-6125: superpathway of guanosine nucleotides de novo biosynthesis II|g__Parabacteroides.s__Parabacteroides_distasonis	0.5346932486
PWY-6121: 5-aminoimidazole ribonucleotide biosynthesis I	1.0000000000
PWY-6121: 5-aminoimidazole ribonucleotide biosynthesis I|unclassified	1.0000000000
PWY-6121: 5-aminoimidazole ribonucleotide biosynthesis I|g__Helicobacter.s__Helicobacter_typhlonius	0.0117193221
PWY-6121: 5-aminoimidazole ribonucleotide biosynthesis I|g__Bacteroides.s__Bacteroides_sartorii	0.0065525519
PWY-6121: 5-aminoimidazole ribonucleotide biosynthesis I|g__Bacteroides.s__Bacteroides_caecimuris	0.0000000000
PWY-6121: 5-aminoimidazole ribonucleotide biosynthesis I|g__Alistipes.s__Alistipes_timonensis	0.0000906216
PWY-6121: 5-aminoimidazole ribonucleotide biosynthesis I|g__Mucispirillum.s__Mucispirillum_schaedleri	0.0000000000
PWY-6121: 5-aminoimidazole ribonucleotide biosynthesis I|g__Lachnospiraceae_unclassified.s__Lachnospiraceae_bacterium_28_4	0.1978137360
PWY-6121: 5-aminoimidazole ribonucleotide biosynthesis I|g__Firmicutes_unclassified.s__Firmicutes_bacterium_ASF500	0.1527841733
PWY-6121: 5-aminoimidazole ribonucleotide biosynthesis I|g__Parabacteroides.s__Parabacteroides_distasonis	0.3182187537
PWY-6121: 5-aminoimidazole ribonucleotide biosynthesis I|g__Romboutsia.s__Romboutsia_ilealis	0.1375710706
PWY-6121: 5-aminoimidazole ribonucleotide biosynthesis I|g__Clostridium.s__Clostridium_sp_ASF502	0.4152853687
PWY-6121: 5-aminoimidazole ribonucleotide biosynthesis I|g__Lachnospiraceae_unclassified.s__Lachnospiraceae_bacterium_COE1	0.5055614678
PWY-7663: gondoate biosynthesis (anaerobic)	1.0000000000
PWY-7663: gondoate biosynthesis (anaerobic)|unclassified	0.0966130830
PWY-7663: gondoate biosynthesis (anaerobic)|g__Helicobacter.s__Helicobacter_typhlonius	0.9999156401
PWY-7663: gondoate biosynthesis (anaerobic)|g__Alistipes.s__Alistipes_timonensis	1.0000000000
PWY-7663: gondoate biosynthesis (anaerobic)|g__Bacteroides.s__Bacteroides_caecimuris	0.0001683526
PWY-7663: gondoate biosynthesis (anaerobic)|g__Bacteroides.s__Bacteroides_sartorii	0.0738993576
PWY-7663: gondoate biosynthesis (anaerobic)|g__Parabacteroides.s__Parabacteroides_distasonis	0.5417564939
PWY-7663: gondoate biosynthesis (anaerobic)|g__Bacteroides.s__Bacteroides_uniformis	0.4725416590
PWY-6126: superpathway of adenosine nucleotides de novo biosynthesis II	1.0000000000
PWY-6126: superpathway of adenosine nucleotides de novo biosynthesis II|unclassified	1.0000000000
PWY-6126: superpathway of adenosine nucleotides de novo biosynthesis II|g__Bifidobacterium.s__Bifidobacterium_pseudolongum	0.3557034430
1CMET2-PWY: N10-formyl-tetrahydrofolate biosynthesis	0.0373803615
1CMET2-PWY: N10-formyl-tetrahydrofolate biosynthesis|unclassified	0.9746627744
1CMET2-PWY: N10-formyl-tetrahydrofolate biosynthesis|g__Bacteroides.s__Bacteroides_sartorii	0.0635056349
1CMET2-PWY: N10-formyl-tetrahydrofolate biosynthesis|g__Bacteroides.s__Bacteroides_caecimuris	0.0000000000
1CMET2-PWY: N10-formyl-tetrahydrofolate biosynthesis|g__Alistipes.s__Alistipes_timonensis	0.0000662104
1CMET2-PWY: N10-formyl-tetrahydrofolate biosynthesis|g__Parabacteroides.s__Parabacteroides_distasonis	0.4370145328
DENOVOPURINE2-PWY: superpathway of purine nucleotides de novo biosynthesis II	0.0000003782
DENOVOPURINE2-PWY: superpathway of purine nucleotides de novo biosynthesis II|unclassified	0.9998350161
PWY-5695: urate biosynthesis/inosine 5'-phosphate degradation	1.0000000000
PWY-5695: urate biosynthesis/inosine 5'-phosphate degradation|unclassified	0.9999998811
PWY-5695: urate biosynthesis/inosine 5'-phosphate degradation|g__Bacteroides.s__Bacteroides_sartorii	0.2335417020
PWY-5695: urate biosynthesis/inosine 5'-phosphate degradation|g__Bacteroides.s__Bacteroides_caecimuris	0.0000000000
PWY-5695: urate biosynthesis/inosine 5'-phosphate degradation|g__Alistipes.s__Alistipes_timonensis	0.0068045085
PWY-5695: urate biosynthesis/inosine 5'-phosphate degradation|g__Mucispirillum.s__Mucispirillum_schaedleri	0.0000007771
PWY-5695: urate biosynthesis/inosine 5'-phosphate degradation|g__Romboutsia.s__Romboutsia_ilealis	0.0132768862
PWY-5695: urate biosynthesis/inosine 5'-phosphate degradation|g__Parabacteroides.s__Parabacteroides_distasonis	0.0060143667
GLYCOLYSIS: glycolysis I (from glucose 6-phosphate)	0.0000000000
GLYCOLYSIS: glycolysis I (from glucose 6-phosphate)|unclassified	0.0006235336
PWY0-166: superpathway of pyrimidine deoxyribonucleotides de novo biosynthesis (E. coli)	0.0002334862
PWY0-166: superpathway of pyrimidine deoxyribonucleotides de novo biosynthesis (E. coli)|unclassified	0.8201641843
PEPTIDOGLYCANSYN-PWY: peptidoglycan biosynthesis I (meso-diaminopimelate containing)	0.9999972782
PEPTIDOGLYCANSYN-PWY: peptidoglycan biosynthesis I (meso-diaminopimelate containing)|unclassified	0.9999902418
PEPTIDOGLYCANSYN-PWY: peptidoglycan biosynthesis I (meso-diaminopimelate containing)|g__Helicobacter.s__Helicobacter_typhlonius	0.0602942669
PEPTIDOGLYCANSYN-PWY: peptidoglycan biosynthesis I (meso-diaminopimelate containing)|g__Bacteroides.s__Bacteroides_sartorii	0.4758560081
PEPTIDOGLYCANSYN-PWY: peptidoglycan biosynthesis I (meso-diaminopimelate containing)|g__Prevotella.s__Prevotella_sp_MGM2	0.6442531481
PEPTIDOGLYCANSYN-PWY: peptidoglycan biosynthesis I (meso-diaminopimelate containing)|g__Bacteroides.s__Bacteroides_caecimuris	0.0000000000
PEPTIDOGLYCANSYN-PWY: peptidoglycan biosynthesis I (meso-diaminopimelate containing)|g__Mucispirillum.s__Mucispirillum_schaedleri	0.0000000702
PEPTIDOGLYCANSYN-PWY: peptidoglycan biosynthesis I (meso-diaminopimelate containing)|g__Alistipes.s__Alistipes_timonensis	0.0000000003
PEPTIDOGLYCANSYN-PWY: peptidoglycan biosynthesis I (meso-diaminopimelate containing)|g__Bifidobacterium.s__Bifidobacterium_pseudolongum	0.0161050388
PEPTIDOGLYCANSYN-PWY: peptidoglycan biosynthesis I (meso-diaminopimelate containing)|g__Romboutsia.s__Romboutsia_ilealis	0.5656717643
PEPTIDOGLYCANSYN-PWY: peptidoglycan biosynthesis I (meso-diaminopimelate containing)|g__Parabacteroides.s__Parabacteroides_distasonis	0.5438321725
PEPTIDOGLYCANSYN-PWY: peptidoglycan biosynthesis I (meso-diaminopimelate containing)|g__Lachnospiraceae_unclassified.s__Lachnospiraceae_bacterium_28_4	0.2585209380
PEPTIDOGLYCANSYN-PWY: peptidoglycan biosynthesis I (meso-diaminopimelate containing)|g__Firmicutes_unclassified.s__Firmicutes_bacterium_ASF500	0.0271619316
PEPTIDOGLYCANSYN-PWY: peptidoglycan biosynthesis I (meso-diaminopimelate containing)|g__Lachnospiraceae_unclassified.s__Lachnospiraceae_bacterium_COE1	0.4079110449
GLUCONEO-PWY: gluconeogenesis I	0.0000000000
GLUCONEO-PWY: gluconeogenesis I|unclassified	0.0000000000
GLUCONEO-PWY: gluconeogenesis I|g__Helicobacter.s__Helicobacter_typhlonius	0.0001088605
PWY-7220: adenosine deoxyribonucleotides de novo biosynthesis II	1.0000000000
PWY-7220: adenosine deoxyribonucleotides de novo biosynthesis II|unclassified	1.0000000000
PWY-7220: adenosine deoxyribonucleotides de novo biosynthesis II|g__Helicobacter.s__Helicobacter_typhlonius	0.9992897322
PWY-7220: adenosine deoxyribonucleotides de novo biosynthesis II|g__Bacteroides.s__Bacteroides_caecimuris	0.0004923703
PWY-7220: adenosine deoxyribonucleotides de novo biosynthesis II|g__Bacteroides.s__Bacteroides_sartorii	0.2911606215
PWY-7220: adenosine deoxyribonucleotides de novo biosynthesis II|g__Mucispirillum.s__Mucispirillum_schaedleri	0.8968818947
PWY-7220: adenosine deoxyribonucleotides de novo biosynthesis II|g__Bifidobacterium.s__Bifidobacterium_pseudolongum	0.5944395355
PWY-7220: adenosine deoxyribonucleotides de novo biosynthesis II|g__Romboutsia.s__Romboutsia_ilealis	0.6093769189
PWY-7220: adenosine deoxyribonucleotides de novo biosynthesis II|g__Parabacteroides.s__Parabacteroides_distasonis	0.3854007338
PWY-7220: adenosine deoxyribonucleotides de novo biosynthesis II|g__Muribaculum.s__Muribaculum_intestinale	0.5847721079
PWY-7222: guanosine deoxyribonucleotides de novo biosynthesis II	1.0000000000
PWY-7222: guanosine deoxyribonucleotides de novo biosynthesis II|unclassified	1.0000000000
PWY-7222: guanosine deoxyribonucleotides de novo biosynthesis II|g__Helicobacter.s__Helicobacter_typhlonius	0.9992897322
PWY-7222: guanosine deoxyribonucleotides de novo biosynthesis II|g__Bacteroides.s__Bacteroides_caecimuris	0.0004923703
PWY-7222: guanosine deoxyribonucleotides de novo biosynthesis II|g__Bacteroides.s__Bacteroides_sartorii	0.2911606215
PWY-7222: guanosine deoxyribonucleotides de novo biosynthesis II|g__Mucispirillum.s__Mucispirillum_schaedleri	0.8968818947
PWY-7222: guanosine deoxyribonucleotides de novo biosynthesis II|g__Bifidobacterium.s__Bifidobacterium_pseudolongum	0.5944395355
PWY-7222: guanosine deoxyribonucleotides de novo biosynthesis II|g__Romboutsia.s__Romboutsia_ilealis	0.6093769189
PWY-7222: guanosine deoxyribonucleotides de novo biosynthesis II|g__Parabacteroides.s__Parabacteroides_distasonis	0.3854007338
PWY-7222: guanosine deoxyribonucleotides de novo biosynthesis II|g__Muribaculum.s__Muribaculum_intestinale	0.5847721079
PWY66-400: glycolysis VI (metazoan)	0.0000000000
PWY66-400: glycolysis VI (metazoan)|unclassified	0.0003522397
PWY-6387: UDP-N-acetylmuramoyl-pentapeptide biosynthesis I (meso-diaminopimelate containing)	0.9999965977
PWY-6387: UDP-N-acetylmuramoyl-pentapeptide biosynthesis I (meso-diaminopimelate containing)|unclassified	0.9999878023
PWY-6387: UDP-N-acetylmuramoyl-pentapeptide biosynthesis I (meso-diaminopimelate containing)|g__Helicobacter.s__Helicobacter_typhlonius	0.0501629770
PWY-6387: UDP-N-acetylmuramoyl-pentapeptide biosynthesis I (meso-diaminopimelate containing)|g__Bacteroides.s__Bacteroides_sartorii	0.4337701055
PWY-6387: UDP-N-acetylmuramoyl-pentapeptide biosynthesis I (meso-diaminopimelate containing)|g__Prevotella.s__Prevotella_sp_MGM2	0.6355567710
PWY-6387: UDP-N-acetylmuramoyl-pentapeptide biosynthesis I (meso-diaminopimelate containing)|g__Bacteroides.s__Bacteroides_caecimuris	0.0000000000
PWY-6387: UDP-N-acetylmuramoyl-pentapeptide biosynthesis I (meso-diaminopimelate containing)|g__Mucispirillum.s__Mucispirillum_schaedleri	0.0000000562
PWY-6387: UDP-N-acetylmuramoyl-pentapeptide biosynthesis I (meso-diaminopimelate containing)|g__Alistipes.s__Alistipes_timonensis	0.0000000002
PWY-6387: UDP-N-acetylmuramoyl-pentapeptide biosynthesis I (meso-diaminopimelate containing)|g__Bifidobacterium.s__Bifidobacterium_pseudolongum	0.0129744696
PWY-6387: UDP-N-acetylmuramoyl-pentapeptide biosynthesis I (meso-diaminopimelate containing)|g__Romboutsia.s__Romboutsia_ilealis	0.5658740077
PWY-6387: UDP-N-acetylmuramoyl-pentapeptide biosynthesis I (meso-diaminopimelate containing)|g__Parabacteroides.s__Parabacteroides_distasonis	0.5487604563
PWY-6387: UDP-N-acetylmuramoyl-pentapeptide biosynthesis I (meso-diaminopimelate containing)|g__Lachnospiraceae_unclassified.s__Lachnospiraceae_bacterium_28_4	0.2285718367
PWY-6387: UDP-N-acetylmuramoyl-pentapeptide biosynthesis I (meso-diaminopimelate containing)|g__Firmicutes_unclassified.s__Firmicutes_bacterium_ASF500	0.0232562942
PWY-6387: UDP-N-acetylmuramoyl-pentapeptide biosynthesis I (meso-diaminopimelate containing)|g__Lachnospiraceae_unclassified.s__Lachnospiraceae_bacterium_COE1	0.4655265877
PWY-6387: UDP-N-acetylmuramoyl-pentapeptide biosynthesis I (meso-diaminopimelate containing)|g__Clostridium.s__Clostridium_sp_ASF502	0.5176951876
ANAGLYCOLYSIS-PWY: glycolysis III (from glucose)	0.0000000000
ANAGLYCOLYSIS-PWY: glycolysis III (from glucose)|unclassified	0.0003170269
PWY-6385: peptidoglycan biosynthesis III (mycobacteria)	0.9999965071
PWY-6385: peptidoglycan biosynthesis III (mycobacteria)|unclassified	0.0000000000
PWY-6385: peptidoglycan biosynthesis III (mycobacteria)|g__Helicobacter.s__Helicobacter_typhlonius	0.0613547472
PWY-6385: peptidoglycan biosynthesis III (mycobacteria)|g__Bacteroides.s__Bacteroides_sartorii	0.4864501857
PWY-6385: peptidoglycan biosynthesis III (mycobacteria)|g__Prevotella.s__Prevotella_sp_MGM2	0.6721428466
PWY-6385: peptidoglycan biosynthesis III (mycobacteria)|g__Bacteroides.s__Bacteroides_caecimuris	0.0000000000
PWY-6385: peptidoglycan biosynthesis III (mycobacteria)|g__Alistipes.s__Alistipes_timonensis	0.0000000003
PWY-6385: peptidoglycan biosynthesis III (mycobacteria)|g__Romboutsia.s__Romboutsia_ilealis	0.5656717643
PWY-6385: peptidoglycan biosynthesis III (mycobacteria)|g__Parabacteroides.s__Parabacteroides_distasonis	0.5196047822
PWY-6385: peptidoglycan biosynthesis III (mycobacteria)|g__Lachnospiraceae_unclassified.s__Lachnospiraceae_bacterium_28_4	0.0198851353
PWY-6385: peptidoglycan biosynthesis III (mycobacteria)|g__Lachnospiraceae_unclassified.s__Lachnospiraceae_bacterium_COE1	0.4079110449
PWY-7184: pyrimidine deoxyribonucleotides de novo biosynthesis I	0.0002101425
PWY-7184: pyrimidine deoxyribonucleotides de novo biosynthesis I|unclassified	0.8040969149
BRANCHED-CHAIN-AA-SYN-PWY: superpathway of branched amino acid biosynthesis	0.2365023190
BRANCHED-CHAIN-AA-SYN-PWY: superpathway of branched amino acid biosynthesis|unclassified	0.0140990762
BRANCHED-CHAIN-AA-SYN-PWY: superpathway of branched amino acid biosynthesis|g__Helicobacter.s__Helicobacter_typhlonius	0.0339894967
BRANCHED-CHAIN-AA-SYN-PWY: superpathway of branched amino acid biosynthesis|g__Bacteroides.s__Bacteroides_caecimuris	0.0000001102
BRANCHED-CHAIN-AA-SYN-PWY: superpathway of branched amino acid biosynthesis|g__Mucispirillum.s__Mucispirillum_schaedleri	0.4073617443
BRANCHED-CHAIN-AA-SYN-PWY: superpathway of branched amino acid biosynthesis|g__Bifidobacterium.s__Bifidobacterium_pseudolongum	0.7734407857
BRANCHED-CHAIN-AA-SYN-PWY: superpathway of branched amino acid biosynthesis|g__Parabacteroides.s__Parabacteroides_distasonis	0.2538206300
BRANCHED-CHAIN-AA-SYN-PWY: superpathway of branched amino acid biosynthesis|g__Bacteroides.s__Bacteroides_uniformis	0.7704967634
COA-PWY: coenzyme A biosynthesis I	1.0000000000
COA-PWY: coenzyme A biosynthesis I|unclassified	1.0000000000
COA-PWY: coenzyme A biosynthesis I|g__Helicobacter.s__Helicobacter_typhlonius	0.4902958046
COA-PWY: coenzyme A biosynthesis I|g__Prevotella.s__Prevotella_sp_MGM2	0.5310341663
COA-PWY: coenzyme A biosynthesis I|g__Bacteroides.s__Bacteroides_sartorii	0.0131594679
COA-PWY: coenzyme A biosynthesis I|g__Bacteroides.s__Bacteroides_caecimuris	0.0000000000
COA-PWY: coenzyme A biosynthesis I|g__Alistipes.s__Alistipes_timonensis	0.0000001126
COA-PWY: coenzyme A biosynthesis I|g__Romboutsia.s__Romboutsia_ilealis	0.3817880652
COA-PWY: coenzyme A biosynthesis I|g__Firmicutes_unclassified.s__Firmicutes_bacterium_ASF500	0.4014809555
COA-PWY: coenzyme A biosynthesis I|g__Lachnospiraceae_unclassified.s__Lachnospiraceae_bacterium_28_4	0.2622213607
PWY-2942: L-lysine biosynthesis III	0.7712757112
PWY-2942: L-lysine biosynthesis III|unclassified	0.9993514662
PWY-2942: L-lysine biosynthesis III|g__Helicobacter.s__Helicobacter_typhlonius	0.0043468627
PWY-2942: L-lysine biosynthesis III|g__Bacteroides.s__Bacteroides_caecimuris	0.0001655425
PWY-2942: L-lysine biosynthesis III|g__Prevotella.s__Prevotella_sp_MGM2	0.3270583167
PWY-2942: L-lysine biosynthesis III|g__Bacteroides.s__Bacteroides_sartorii	0.0017324214
PWY-2942: L-lysine biosynthesis III|g__Mucispirillum.s__Mucispirillum_schaedleri	0.0017565781
PWY-2942: L-lysine biosynthesis III|g__Bifidobacterium.s__Bifidobacterium_pseudolongum	0.7014212916
PWY-2942: L-lysine biosynthesis III|g__Alistipes.s__Alistipes_timonensis	0.0000000000
PWY-2942: L-lysine biosynthesis III|g__Parabacteroides.s__Parabacteroides_distasonis	0.2311279176
HISDEG-PWY: L-histidine degradation I	1.0000000000
HISDEG-PWY: L-histidine degradation I|unclassified	1.0000000000
HISDEG-PWY: L-histidine degradation I|g__Bacteroides.s__Bacteroides_sartorii	0.1748275278
HISDEG-PWY: L-histidine degradation I|g__Alistipes.s__Alistipes_timonensis	0.0000025953
HISDEG-PWY: L-histidine degradation I|g__Firmicutes_unclassified.s__Firmicutes_bacterium_ASF500	0.8019050730
HISDEG-PWY: L-histidine degradation I|g__Parabacteroides.s__Parabacteroides_distasonis	0.0879391905
HISDEG-PWY: L-histidine degradation I|g__Romboutsia.s__Romboutsia_ilealis	0.0168190482
PANTO-PWY: phosphopantothenate biosynthesis I	0.9999960577
PANTO-PWY: phosphopantothenate biosynthesis I|unclassified	0.9770492639
PANTO-PWY: phosphopantothenate biosynthesis I|g__Helicobacter.s__Helicobacter_typhlonius	0.0025120880
PANTO-PWY: phosphopantothenate biosynthesis I|g__Bacteroides.s__Bacteroides_caecimuris	0.0000623338
PANTO-PWY: phosphopantothenate biosynthesis I|g__Bacteroides.s__Bacteroides_sartorii	0.1910972198
PANTO-PWY: phosphopantothenate biosynthesis I|g__Prevotella.s__Prevotella_sp_MGM2	0.1847243386
PANTO-PWY: phosphopantothenate biosynthesis I|g__Alistipes.s__Alistipes_timonensis	0.0023122048
PANTO-PWY: phosphopantothenate biosynthesis I|g__Mucispirillum.s__Mucispirillum_schaedleri	0.0000000002
PANTO-PWY: phosphopantothenate biosynthesis I|g__Parabacteroides.s__Parabacteroides_distasonis	0.6714187961
PWY-5103: L-isoleucine biosynthesis III	0.1885232879
PWY-5103: L-isoleucine biosynthesis III|unclassified	0.0106117110
PWY-5103: L-isoleucine biosynthesis III|g__Helicobacter.s__Helicobacter_typhlonius	0.0257458853
PWY-5103: L-isoleucine biosynthesis III|g__Bacteroides.s__Bacteroides_caecimuris	0.0000000551
PWY-5103: L-isoleucine biosynthesis III|g__Mucispirillum.s__Mucispirillum_schaedleri	0.3585172278
PWY-5103: L-isoleucine biosynthesis III|g__Bifidobacterium.s__Bifidobacterium_pseudolongum	0.6695534698
PWY-5103: L-isoleucine biosynthesis III|g__Parabacteroides.s__Parabacteroides_distasonis	0.1643748912
PWY-5103: L-isoleucine biosynthesis III|g__Bacteroides.s__Bacteroides_uniformis	0.7442631194
PWY-5484: glycolysis II (from fructose 6-phosphate)	0.0000000000
PWY-5484: glycolysis II (from fructose 6-phosphate)|unclassified	0.0003144243
PWY-6386: UDP-N-acetylmuramoyl-pentapeptide biosynthesis II (lysine-containing)	0.0000083892
PWY-6386: UDP-N-acetylmuramoyl-pentapeptide biosynthesis II (lysine-containing)|unclassified	0.0000000000
PWY-6386: UDP-N-acetylmuramoyl-pentapeptide biosynthesis II (lysine-containing)|g__Helicobacter.s__Helicobacter_typhlonius	0.0004367279
PWY-6386: UDP-N-acetylmuramoyl-pentapeptide biosynthesis II (lysine-containing)|g__Bacteroides.s__Bacteroides_sartorii	0.3454311942
PWY-6386: UDP-N-acetylmuramoyl-pentapeptide biosynthesis II (lysine-containing)|g__Prevotella.s__Prevotella_sp_MGM2	0.0028586420
PWY-6386: UDP-N-acetylmuramoyl-pentapeptide biosynthesis II (lysine-containing)|g__Bacteroides.s__Bacteroides_caecimuris	0.0000000000
PWY-6386: UDP-N-acetylmuramoyl-pentapeptide biosynthesis II (lysine-containing)|g__Bifidobacterium.s__Bifidobacterium_pseudolongum	0.0375005808
PWY-6386: UDP-N-acetylmuramoyl-pentapeptide biosynthesis II (lysine-containing)|g__Romboutsia.s__Romboutsia_ilealis	0.5537458125
PWY-6386: UDP-N-acetylmuramoyl-pentapeptide biosynthesis II (lysine-containing)|g__Lachnospiraceae_unclassified.s__Lachnospiraceae_bacterium_28_4	0.0301104930
PWY-6386: UDP-N-acetylmuramoyl-pentapeptide biosynthesis II (lysine-containing)|g__Lachnospiraceae_unclassified.s__Lachnospiraceae_bacterium_COE1	0.4662458794
PWY-7187: pyrimidine deoxyribonucleotides de novo biosynthesis II	0.0000002464
PWY-7187: pyrimidine deoxyribonucleotides de novo biosynthesis II|unclassified	0.8199940229
COA-PWY-1: coenzyme A biosynthesis II (mammalian)	0.9999960577
COA-PWY-1: coenzyme A biosynthesis II (mammalian)|unclassified	0.9770492639
COA-PWY-1: coenzyme A biosynthesis II (mammalian)|g__Helicobacter.s__Helicobacter_typhlonius	0.4902958046
COA-PWY-1: coenzyme A biosynthesis II (mammalian)|g__Bacteroides.s__Bacteroides_caecimuris	0.0000048963
COA-PWY-1: coenzyme A biosynthesis II (mammalian)|g__Bacteroides.s__Bacteroides_sartorii	0.0585012999
COA-PWY-1: coenzyme A biosynthesis II (mammalian)|g__Prevotella.s__Prevotella_sp_MGM2	0.3587964933
COA-PWY-1: coenzyme A biosynthesis II (mammalian)|g__Bifidobacterium.s__Bifidobacterium_pseudolongum	0.7288210621
COA-PWY-1: coenzyme A biosynthesis II (mammalian)|g__Alistipes.s__Alistipes_timonensis	0.0000001126
COA-PWY-1: coenzyme A biosynthesis II (mammalian)|g__Romboutsia.s__Romboutsia_ilealis	0.3963762482
COA-PWY-1: coenzyme A biosynthesis II (mammalian)|g__Firmicutes_unclassified.s__Firmicutes_bacterium_ASF500	0.3960020007
COA-PWY-1: coenzyme A biosynthesis II (mammalian)|g__Lachnospiraceae_unclassified.s__Lachnospiraceae_bacterium_28_4	0.3069813081
ARGSYNBSUB-PWY: L-arginine biosynthesis II (acetyl cycle)	0.0000000000
ARGSYNBSUB-PWY: L-arginine biosynthesis II (acetyl cycle)|unclassified	0.0000000001
ARGSYNBSUB-PWY: L-arginine biosynthesis II (acetyl cycle)|g__Helicobacter.s__Helicobacter_typhlonius	0.2293417202
ARGSYNBSUB-PWY: L-arginine biosynthesis II (acetyl cycle)|g__Mucispirillum.s__Mucispirillum_schaedleri	0.1073454636
ARGSYNBSUB-PWY: L-arginine biosynthesis II (acetyl cycle)|g__Bifidobacterium.s__Bifidobacterium_pseudolongum	0.2056895329
ARGSYNBSUB-PWY: L-arginine biosynthesis II (acetyl cycle)|g__Firmicutes_unclassified.s__Firmicutes_bacterium_ASF500	0.1769720055
ARGSYNBSUB-PWY: L-arginine biosynthesis II (acetyl cycle)|g__Lachnospiraceae_unclassified.s__Lachnospiraceae_bacterium_28_4	0.2137817308
ARGSYNBSUB-PWY: L-arginine biosynthesis II (acetyl cycle)|g__Lachnospiraceae_unclassified.s__Lachnospiraceae_bacterium_COE1	0.6007448075
ARGSYNBSUB-PWY: L-arginine biosynthesis II (acetyl cycle)|g__Clostridium.s__Clostridium_sp_ASF502	0.4583526944
PWY-7208: superpathway of pyrimidine nucleobases salvage	0.9475741637
PWY-7208: superpathway of pyrimidine nucleobases salvage|unclassified	1.0000000000
PWY-7208: superpathway of pyrimidine nucleobases salvage|g__Mucispirillum.s__Mucispirillum_schaedleri	0.1047868427
PYRIDNUCSYN-PWY: NAD biosynthesis I (from aspartate)	0.5901203397
PYRIDNUCSYN-PWY: NAD biosynthesis I (from aspartate)|unclassified	0.0000000000
PYRIDNUCSYN-PWY: NAD biosynthesis I (from aspartate)|g__Helicobacter.s__Helicobacter_typhlonius	0.0003643361
PYRIDNUCSYN-PWY: NAD biosynthesis I (from aspartate)|g__Bacteroides.s__Bacteroides_sartorii	0.1464238356
PYRIDNUCSYN-PWY: NAD biosynthesis I (from aspartate)|g__Bacteroides.s__Bacteroides_caecimuris	0.0000000000
PYRIDNUCSYN-PWY: NAD biosynthesis I (from aspartate)|g__Parabacteroides.s__Parabacteroides_distasonis	0.5731007916
PWY-5097: L-lysine biosynthesis VI	0.7962496630
PWY-5097: L-lysine biosynthesis VI|unclassified	0.9716516925
PWY-5097: L-lysine biosynthesis VI|g__Helicobacter.s__Helicobacter_typhlonius	0.0050123870
PWY-5097: L-lysine biosynthesis VI|g__Bacteroides.s__Bacteroides_caecimuris	0.0001870893
PWY-5097: L-lysine biosynthesis VI|g__Bacteroides.s__Bacteroides_sartorii	0.0020049718
PWY-5097: L-lysine biosynthesis VI|g__Bifidobacterium.s__Bifidobacterium_pseudolongum	0.7013936193
PWY-5097: L-lysine biosynthesis VI|g__Alistipes.s__Alistipes_timonensis	0.0000000000
PWY-5097: L-lysine biosynthesis VI|g__Parabacteroides.s__Parabacteroides_distasonis	0.6673794358
ARGSYN-PWY: L-arginine biosynthesis I (via L-ornithine)	0.0000000000
ARGSYN-PWY: L-arginine biosynthesis I (via L-ornithine)|unclassified	0.0000000000
ARGSYN-PWY: L-arginine biosynthesis I (via L-ornithine)|g__Helicobacter.s__Helicobacter_typhlonius	0.0244337833
ARGSYN-PWY: L-arginine biosynthesis I (via L-ornithine)|g__Bifidobacterium.s__Bifidobacterium_pseudolongum	0.1555825596
ARGSYN-PWY: L-arginine biosynthesis I (via L-ornithine)|g__Lachnospiraceae_unclassified.s__Lachnospiraceae_bacterium_28_4	0.2979592692
ARGSYN-PWY: L-arginine biosynthesis I (via L-ornithine)|g__Lachnospiraceae_unclassified.s__Lachnospiraceae_bacterium_COE1	0.4661221780
ARGSYN-PWY: L-arginine biosynthesis I (via L-ornithine)|g__Clostridium.s__Clostridium_sp_ASF502	0.4727283028
PWY-7400: L-arginine biosynthesis IV (archaebacteria)	0.0000000000
PWY-7400: L-arginine biosynthesis IV (archaebacteria)|unclassified	0.0000000000
PWY-7400: L-arginine biosynthesis IV (archaebacteria)|g__Helicobacter.s__Helicobacter_typhlonius	0.0243845531
PWY-7400: L-arginine biosynthesis IV (archaebacteria)|g__Bifidobacterium.s__Bifidobacterium_pseudolongum	0.1558485590
PWY-7400: L-arginine biosynthesis IV (archaebacteria)|g__Lachnospiraceae_unclassified.s__Lachnospiraceae_bacterium_28_4	0.3056407933
PWY-7400: L-arginine biosynthesis IV (archaebacteria)|g__Lachnospiraceae_unclassified.s__Lachnospiraceae_bacterium_COE1	0.4625952266
PWY-7400: L-arginine biosynthesis IV (archaebacteria)|g__Clostridium.s__Clostridium_sp_ASF502	0.4752472973
PANTOSYN-PWY: pantothenate and coenzyme A biosynthesis I	0.0000002402
PANTOSYN-PWY: pantothenate and coenzyme A biosynthesis I|unclassified	0.0000000000
PANTOSYN-PWY: pantothenate and coenzyme A biosynthesis I|g__Helicobacter.s__Helicobacter_typhlonius	0.0056163557
PANTOSYN-PWY: pantothenate and coenzyme A biosynthesis I|g__Bacteroides.s__Bacteroides_caecimuris	0.0000000000
PANTOSYN-PWY: pantothenate and coenzyme A biosynthesis I|g__Bacteroides.s__Bacteroides_sartorii	0.0267582750
PANTOSYN-PWY: pantothenate and coenzyme A biosynthesis I|g__Prevotella.s__Prevotella_sp_MGM2	0.2780454486
PANTOSYN-PWY: pantothenate and coenzyme A biosynthesis I|g__Alistipes.s__Alistipes_timonensis	0.0000000002
PWY-5667: CDP-diacylglycerol biosynthesis I	0.8710830948
PWY-5667: CDP-diacylglycerol biosynthesis I|unclassified	0.9681765824
PWY-5667: CDP-diacylglycerol biosynthesis I|g__Helicobacter.s__Helicobacter_typhlonius	0.0068462620
PWY-5667: CDP-diacylglycerol biosynthesis I|g__Bacteroides.s__Bacteroides_sartorii	0.3435088160
PWY-5667: CDP-diacylglycerol biosynthesis I|g__Mucispirillum.s__Mucispirillum_schaedleri	0.1233982831
PWY-5667: CDP-diacylglycerol biosynthesis I|g__Bacteroides.s__Bacteroides_caecimuris	0.0000000000
PWY-5667: CDP-diacylglycerol biosynthesis I|g__Parabacteroides.s__Parabacteroides_distasonis	0.1146952302
PWY-5667: CDP-diacylglycerol biosynthesis I|g__Lachnospiraceae_unclassified.s__Lachnospiraceae_bacterium_28_4	0.0422596801
PWY0-1319: CDP-diacylglycerol biosynthesis II	0.8710830948
PWY0-1319: CDP-diacylglycerol biosynthesis II|unclassified	0.9681765824
PWY0-1319: CDP-diacylglycerol biosynthesis II|g__Helicobacter.s__Helicobacter_typhlonius	0.0068462620
PWY0-1319: CDP-diacylglycerol biosynthesis II|g__Bacteroides.s__Bacteroides_sartorii	0.3435088160
PWY0-1319: CDP-diacylglycerol biosynthesis II|g__Mucispirillum.s__Mucispirillum_schaedleri	0.1233982831
PWY0-1319: CDP-diacylglycerol biosynthesis II|g__Bacteroides.s__Bacteroides_caecimuris	0.0000000000
PWY0-1319: CDP-diacylglycerol biosynthesis II|g__Parabacteroides.s__Parabacteroides_distasonis	0.1146952302
PWY0-1319: CDP-diacylglycerol biosynthesis II|g__Lachnospiraceae_unclassified.s__Lachnospiraceae_bacterium_28_4	0.0422596801
OANTIGEN-PWY: O-antigen building blocks biosynthesis (E. coli)	0.0000000000
OANTIGEN-PWY: O-antigen building blocks biosynthesis (E. coli)|unclassified	0.0000000000
PWY-6163: chorismate biosynthesis from 3-dehydroquinate	0.0000000072
PWY-6163: chorismate biosynthesis from 3-dehydroquinate|unclassified	0.0000000000
PWY-6163: chorismate biosynthesis from 3-dehydroquinate|g__Helicobacter.s__Helicobacter_typhlonius	0.0000016148
PWY-6163: chorismate biosynthesis from 3-dehydroquinate|g__Bacteroides.s__Bacteroides_sartorii	0.1354195919
PWY-6163: chorismate biosynthesis from 3-dehydroquinate|g__Bacteroides.s__Bacteroides_caecimuris	0.0000000000
PWY-6163: chorismate biosynthesis from 3-dehydroquinate|g__Lachnospiraceae_unclassified.s__Lachnospiraceae_bacterium_28_4	0.7013902565
PWY-6163: chorismate biosynthesis from 3-dehydroquinate|g__Parabacteroides.s__Parabacteroides_distasonis	0.5390978286
PWY-6163: chorismate biosynthesis from 3-dehydroquinate|g__Clostridium.s__Clostridium_sp_ASF502	0.3699750591
ASPASN-PWY: superpathway of L-aspartate and L-asparagine biosynthesis	0.5370098425
ASPASN-PWY: superpathway of L-aspartate and L-asparagine biosynthesis|unclassified	0.0228903490
ASPASN-PWY: superpathway of L-aspartate and L-asparagine biosynthesis|g__Helicobacter.s__Helicobacter_typhlonius	0.0384671473
ASPASN-PWY: superpathway of L-aspartate and L-asparagine biosynthesis|g__Bacteroides.s__Bacteroides_sartorii	0.0107510280
ASPASN-PWY: superpathway of L-aspartate and L-asparagine biosynthesis|g__Alistipes.s__Alistipes_timonensis	0.0000000000
ASPASN-PWY: superpathway of L-aspartate and L-asparagine biosynthesis|g__Parabacteroides.s__Parabacteroides_distasonis	0.2644917401
ARO-PWY: chorismate biosynthesis I	0.0000000101
ARO-PWY: chorismate biosynthesis I|unclassified	0.0000000000
ARO-PWY: chorismate biosynthesis I|g__Helicobacter.s__Helicobacter_typhlonius	0.0000022607
ARO-PWY: chorismate biosynthesis I|g__Lachnospiraceae_unclassified.s__Lachnospiraceae_bacterium_28_4	0.4393395388
ARO-PWY: chorismate biosynthesis I|g__Parabacteroides.s__Parabacteroides_distasonis	0.4502465879
ARO-PWY: chorismate biosynthesis I|g__Clostridium.s__Clostridium_sp_ASF502	0.4493174293
PWY-3001: superpathway of L-isoleucine biosynthesis I	0.0000000000
PWY-3001: superpathway of L-isoleucine biosynthesis I|unclassified	0.0000000000
PWY-3001: superpathway of L-isoleucine biosynthesis I|g__Helicobacter.s__Helicobacter_typhlonius	0.0730176390
SER-GLYSYN-PWY: superpathway of L-serine and glycine biosynthesis I	0.0000000000
SER-GLYSYN-PWY: superpathway of L-serine and glycine biosynthesis I|unclassified	0.0000000000
SER-GLYSYN-PWY: superpathway of L-serine and glycine biosynthesis I|g__Helicobacter.s__Helicobacter_typhlonius	0.3370238334
SER-GLYSYN-PWY: superpathway of L-serine and glycine biosynthesis I|g__Bacteroides.s__Bacteroides_caecimuris	0.0000000000
SER-GLYSYN-PWY: superpathway of L-serine and glycine biosynthesis I|g__Bacteroides.s__Bacteroides_sartorii	0.0026719066
SER-GLYSYN-PWY: superpathway of L-serine and glycine biosynthesis I|g__Alistipes.s__Alistipes_timonensis	0.0000057033
SER-GLYSYN-PWY: superpathway of L-serine and glycine biosynthesis I|g__Bacteroides.s__Bacteroides_uniformis	0.4536357841
PWY-4242: pantothenate and coenzyme A biosynthesis III	0.0000001601
PWY-4242: pantothenate and coenzyme A biosynthesis III|unclassified	0.0000000000
PWY-4242: pantothenate and coenzyme A biosynthesis III|g__Helicobacter.s__Helicobacter_typhlonius	0.0037912035
PWY-4242: pantothenate and coenzyme A biosynthesis III|g__Bacteroides.s__Bacteroides_sartorii	0.0136245312
PWY-4242: pantothenate and coenzyme A biosynthesis III|g__Prevotella.s__Prevotella_sp_MGM2	0.2171731327
PWY-4242: pantothenate and coenzyme A biosynthesis III|g__Bacteroides.s__Bacteroides_caecimuris	0.0000000000
PWY-4242: pantothenate and coenzyme A biosynthesis III|g__Alistipes.s__Alistipes_timonensis	0.0000000001
PWY-4242: pantothenate and coenzyme A biosynthesis III|g__Romboutsia.s__Romboutsia_ilealis	0.0904784226
PWY-4242: pantothenate and coenzyme A biosynthesis III|g__Firmicutes_unclassified.s__Firmicutes_bacterium_ASF500	0.0169682092
PWY-4242: pantothenate and coenzyme A biosynthesis III|g__Lachnospiraceae_unclassified.s__Lachnospiraceae_bacterium_28_4	0.0116944298
HSERMETANA-PWY: L-methionine biosynthesis III	0.4426015688
HSERMETANA-PWY: L-methionine biosynthesis III|unclassified	0.0207624503
HSERMETANA-PWY: L-methionine biosynthesis III|g__Helicobacter.s__Helicobacter_typhlonius	0.1156847041
HSERMETANA-PWY: L-methionine biosynthesis III|g__Bifidobacterium.s__Bifidobacterium_pseudolongum	0.6037812249
HSERMETANA-PWY: L-methionine biosynthesis III|g__Parabacteroides.s__Parabacteroides_distasonis	0.4496277408
PWY-7197: pyrimidine deoxyribonucleotide phosphorylation	0.0000934076
PWY-7197: pyrimidine deoxyribonucleotide phosphorylation|unclassified	0.6459238269
PWY-7197: pyrimidine deoxyribonucleotide phosphorylation|g__Helicobacter.s__Helicobacter_typhlonius	0.3680852118
PWY-7197: pyrimidine deoxyribonucleotide phosphorylation|g__Mucispirillum.s__Mucispirillum_schaedleri	0.6794929668
COMPLETE-ARO-PWY: superpathway of aromatic amino acid biosynthesis	0.0000000000
COMPLETE-ARO-PWY: superpathway of aromatic amino acid biosynthesis|unclassified	0.0000000000
COMPLETE-ARO-PWY: superpathway of aromatic amino acid biosynthesis|g__Helicobacter.s__Helicobacter_typhlonius	0.0000025837
COMPLETE-ARO-PWY: superpathway of aromatic amino acid biosynthesis|g__Parabacteroides.s__Parabacteroides_distasonis	0.4771757337
PWY-724: superpathway of L-lysine, L-threonine and L-methionine biosynthesis II	0.0000000000
PWY-724: superpathway of L-lysine, L-threonine and L-methionine biosynthesis II|unclassified	0.0000000000
PWY-724: superpathway of L-lysine, L-threonine and L-methionine biosynthesis II|g__Helicobacter.s__Helicobacter_typhlonius	0.0070583390
PWY0-162: superpathway of pyrimidine ribonucleotides de novo biosynthesis	0.0000000000
PWY0-162: superpathway of pyrimidine ribonucleotides de novo biosynthesis|unclassified	0.0000000000
PWY0-162: superpathway of pyrimidine ribonucleotides de novo biosynthesis|g__Helicobacter.s__Helicobacter_typhlonius	0.0378074366
PWY-6703: preQ0 biosynthesis	0.0001143384
PWY-6703: preQ0 biosynthesis|unclassified	0.0000000000
PWY-6703: preQ0 biosynthesis|g__Bacteroides.s__Bacteroides_sartorii	0.3992704858
PWY-6703: preQ0 biosynthesis|g__Prevotella.s__Prevotella_sp_MGM2	0.6203384749
PWY-6703: preQ0 biosynthesis|g__Bacteroides.s__Bacteroides_caecimuris	0.0000000000
PWY-6703: preQ0 biosynthesis|g__Mucispirillum.s__Mucispirillum_schaedleri	0.0228218424
PWY-6703: preQ0 biosynthesis|g__Parabacteroides.s__Parabacteroides_distasonis	0.7732355825
PWY-3781: aerobic respiration I (cytochrome c)	0.0000002463
PWY-3781: aerobic respiration I (cytochrome c)|g__Helicobacter.s__Helicobacter_typhlonius	0.9191916250
PWY-3781: aerobic respiration I (cytochrome c)|unclassified	0.0000000000
HISTSYN-PWY: L-histidine biosynthesis	0.0127991208
HISTSYN-PWY: L-histidine biosynthesis|unclassified	0.0000000000
HISTSYN-PWY: L-histidine biosynthesis|g__Helicobacter.s__Helicobacter_typhlonius	0.1326074014
HISTSYN-PWY: L-histidine biosynthesis|g__Bacteroides.s__Bacteroides_caecimuris	0.0000000000
HISTSYN-PWY: L-histidine biosynthesis|g__Prevotella.s__Prevotella_sp_MGM2	0.1359034937
HISTSYN-PWY: L-histidine biosynthesis|g__Bacteroides.s__Bacteroides_sartorii	0.0000003553
HISTSYN-PWY: L-histidine biosynthesis|g__Alistipes.s__Alistipes_timonensis	0.0000000009
HISTSYN-PWY: L-histidine biosynthesis|g__Parabacteroides.s__Parabacteroides_distasonis	0.4191568278
UDPNAGSYN-PWY: UDP-N-acetyl-D-glucosamine biosynthesis I	0.0000000000
UDPNAGSYN-PWY: UDP-N-acetyl-D-glucosamine biosynthesis I|unclassified	0.0000000000
UDPNAGSYN-PWY: UDP-N-acetyl-D-glucosamine biosynthesis I|g__Helicobacter.s__Helicobacter_typhlonius	0.3527190224
UDPNAGSYN-PWY: UDP-N-acetyl-D-glucosamine biosynthesis I|g__Mucispirillum.s__Mucispirillum_schaedleri	0.4830114381
UDPNAGSYN-PWY: UDP-N-acetyl-D-glucosamine biosynthesis I|g__Bifidobacterium.s__Bifidobacterium_pseudolongum	0.4095271695
UDPNAGSYN-PWY: UDP-N-acetyl-D-glucosamine biosynthesis I|g__Romboutsia.s__Romboutsia_ilealis	0.7269153250
THRESYN-PWY: superpathway of L-threonine biosynthesis	0.0000000000
THRESYN-PWY: superpathway of L-threonine biosynthesis|unclassified	0.0000000000
THRESYN-PWY: superpathway of L-threonine biosynthesis|g__Helicobacter.s__Helicobacter_typhlonius	0.1294955165
THRESYN-PWY: superpathway of L-threonine biosynthesis|g__Bacteroides.s__Bacteroides_sartorii	0.0000015922
RHAMCAT-PWY: L-rhamnose degradation I	0.0001955218
RHAMCAT-PWY: L-rhamnose degradation I|unclassified	0.6836778865
RHAMCAT-PWY: L-rhamnose degradation I|g__Bacteroides.s__Bacteroides_caecimuris	0.9944167860
CALVIN-PWY: Calvin-Benson-Bassham cycle	0.0000000000
CALVIN-PWY: Calvin-Benson-Bassham cycle|unclassified	0.0000000000
CALVIN-PWY: Calvin-Benson-Bassham cycle|g__Helicobacter.s__Helicobacter_typhlonius	0.0000801973
PWY-5104: L-isoleucine biosynthesis IV	0.0000000000
PWY-5104: L-isoleucine biosynthesis IV|g__Helicobacter.s__Helicobacter_typhlonius	0.0257479461
PWY-5104: L-isoleucine biosynthesis IV|unclassified	0.0000000000
PWY-6151: S-adenosyl-L-methionine cycle I	0.0000000000
PWY-6151: S-adenosyl-L-methionine cycle I|unclassified	0.0000000000
PWY-6151: S-adenosyl-L-methionine cycle I|g__Helicobacter.s__Helicobacter_typhlonius	0.2833529578
PWY-6151: S-adenosyl-L-methionine cycle I|g__Bifidobacterium.s__Bifidobacterium_pseudolongum	0.5301337046
PWY-6151: S-adenosyl-L-methionine cycle I|g__Romboutsia.s__Romboutsia_ilealis	0.2100911406
PWY-6151: S-adenosyl-L-methionine cycle I|g__Lachnospiraceae_unclassified.s__Lachnospiraceae_bacterium_COE1	0.2199882343
ANAEROFRUCAT-PWY: homolactic fermentation	0.0000000000
ANAEROFRUCAT-PWY: homolactic fermentation|unclassified	0.0000000000
PWY-6545: pyrimidine deoxyribonucleotides de novo biosynthesis III	0.0000000000
PWY-6545: pyrimidine deoxyribonucleotides de novo biosynthesis III|unclassified	0.0000000000
PWY-6545: pyrimidine deoxyribonucleotides de novo biosynthesis III|g__Helicobacter.s__Helicobacter_typhlonius	0.0833476596
PWY-6545: pyrimidine deoxyribonucleotides de novo biosynthesis III|g__Mucispirillum.s__Mucispirillum_schaedleri	0.0000002470
GLUTORN-PWY: L-ornithine biosynthesis	0.0000000000
GLUTORN-PWY: L-ornithine biosynthesis|unclassified	0.0000000000
GLUTORN-PWY: L-ornithine biosynthesis|g__Helicobacter.s__Helicobacter_typhlonius	0.0056570556
GLUTORN-PWY: L-ornithine biosynthesis|g__Bifidobacterium.s__Bifidobacterium_pseudolongum	0.1314733218
GLUTORN-PWY: L-ornithine biosynthesis|g__Lachnospiraceae_unclassified.s__Lachnospiraceae_bacterium_28_4	0.1311867638
GLUTORN-PWY: L-ornithine biosynthesis|g__Clostridium.s__Clostridium_sp_ASF502	0.4429578988
GLUTORN-PWY: L-ornithine biosynthesis|g__Lachnospiraceae_unclassified.s__Lachnospiraceae_bacterium_COE1	0.2793835403
PWY-6147: 6-hydroxymethyl-dihydropterin diphosphate biosynthesis I	0.0000000000
PWY-6147: 6-hydroxymethyl-dihydropterin diphosphate biosynthesis I|g__Helicobacter.s__Helicobacter_typhlonius	0.6174596149
PWY-6147: 6-hydroxymethyl-dihydropterin diphosphate biosynthesis I|g__Bacteroides.s__Bacteroides_sartorii	0.3614906247
PWY-6147: 6-hydroxymethyl-dihydropterin diphosphate biosynthesis I|g__Bacteroides.s__Bacteroides_caecimuris	0.0000000000
PWY-6147: 6-hydroxymethyl-dihydropterin diphosphate biosynthesis I|g__Parabacteroides.s__Parabacteroides_distasonis	0.7761841942
PWY-7539: 6-hydroxymethyl-dihydropterin diphosphate biosynthesis III (Chlamydia)	0.0000000000
PWY-7539: 6-hydroxymethyl-dihydropterin diphosphate biosynthesis III (Chlamydia)|g__Helicobacter.s__Helicobacter_typhlonius	0.0467897214
PWY-7539: 6-hydroxymethyl-dihydropterin diphosphate biosynthesis III (Chlamydia)|g__Bacteroides.s__Bacteroides_sartorii	0.3593811786
PWY-7539: 6-hydroxymethyl-dihydropterin diphosphate biosynthesis III (Chlamydia)|g__Bacteroides.s__Bacteroides_caecimuris	0.0000000000
PWY-7539: 6-hydroxymethyl-dihydropterin diphosphate biosynthesis III (Chlamydia)|g__Parabacteroides.s__Parabacteroides_distasonis	0.5334180834
RIBOSYN2-PWY: flavin biosynthesis I (bacteria and plants)	0.0000000000
RIBOSYN2-PWY: flavin biosynthesis I (bacteria and plants)|unclassified	0.0000000000
RIBOSYN2-PWY: flavin biosynthesis I (bacteria and plants)|g__Helicobacter.s__Helicobacter_typhlonius	0.0048485796
RIBOSYN2-PWY: flavin biosynthesis I (bacteria and plants)|g__Bacteroides.s__Bacteroides_sartorii	0.5202430838
RIBOSYN2-PWY: flavin biosynthesis I (bacteria and plants)|g__Bacteroides.s__Bacteroides_caecimuris	0.0000000000
RIBOSYN2-PWY: flavin biosynthesis I (bacteria and plants)|g__Mucispirillum.s__Mucispirillum_schaedleri	0.0000015165
RIBOSYN2-PWY: flavin biosynthesis I (bacteria and plants)|g__Parabacteroides.s__Parabacteroides_distasonis	0.4808933405
PWY-5100: pyruvate fermentation to acetate and lactate II	0.0000000000
PWY-5100: pyruvate fermentation to acetate and lactate II|unclassified	0.0000000000
PWY-5100: pyruvate fermentation to acetate and lactate II|g__Helicobacter.s__Helicobacter_typhlonius	0.1877987030
PWY-5100: pyruvate fermentation to acetate and lactate II|g__Romboutsia.s__Romboutsia_ilealis	0.2632080530
PWY-5100: pyruvate fermentation to acetate and lactate II|g__Acetatifactor.s__Acetatifactor_muris	0.6840288113
PWY-5030: L-histidine degradation III	0.0000000000
PWY-5030: L-histidine degradation III|unclassified	0.0000000000
PWY-5030: L-histidine degradation III|g__Bacteroides.s__Bacteroides_sartorii	0.1576977946
PWY-5030: L-histidine degradation III|g__Alistipes.s__Alistipes_timonensis	0.0000038913
PWY-5030: L-histidine degradation III|g__Romboutsia.s__Romboutsia_ilealis	0.3598082809
PWY-4981: L-proline biosynthesis II (from arginine)	0.0000000000
PWY-4981: L-proline biosynthesis II (from arginine)|unclassified	0.0000000000
PWY-6168: flavin biosynthesis III (fungi)	0.0000000000
PWY-6168: flavin biosynthesis III (fungi)|unclassified	0.0000000000
PWY-6168: flavin biosynthesis III (fungi)|g__Helicobacter.s__Helicobacter_typhlonius	0.0000000001
PWY-6168: flavin biosynthesis III (fungi)|g__Bacteroides.s__Bacteroides_sartorii	0.4380630360
PWY-6168: flavin biosynthesis III (fungi)|g__Bacteroides.s__Bacteroides_caecimuris	0.0000000000
PWY-6168: flavin biosynthesis III (fungi)|g__Parabacteroides.s__Parabacteroides_distasonis	0.0653637714
THISYN-PWY: superpathway of thiamin diphosphate biosynthesis I	0.0000000000
THISYN-PWY: superpathway of thiamin diphosphate biosynthesis I|unclassified	0.0000000000
GLYCOGENSYNTH-PWY: glycogen biosynthesis I (from ADP-D-Glucose)	0.0000000000
GLYCOGENSYNTH-PWY: glycogen biosynthesis I (from ADP-D-Glucose)|unclassified	0.0000000000
GLYCOGENSYNTH-PWY: glycogen biosynthesis I (from ADP-D-Glucose)|g__Romboutsia.s__Romboutsia_ilealis	0.0263909378
PWY-5154: L-arginine biosynthesis III (via N-acetyl-L-citrulline)	0.0000000000
PWY-5154: L-arginine biosynthesis III (via N-acetyl-L-citrulline)|unclassified	0.0000000000
PWY-1269: CMP-3-deoxy-D-manno-octulosonate biosynthesis I	0.0000000000
PWY-1269: CMP-3-deoxy-D-manno-octulosonate biosynthesis I|unclassified	0.0000000000
PWY-1269: CMP-3-deoxy-D-manno-octulosonate biosynthesis I|g__Helicobacter.s__Helicobacter_typhlonius	0.2696782698
PWY-1269: CMP-3-deoxy-D-manno-octulosonate biosynthesis I|g__Bacteroides.s__Bacteroides_caecimuris	0.0000000000
PWY-1269: CMP-3-deoxy-D-manno-octulosonate biosynthesis I|g__Alistipes.s__Alistipes_timonensis	0.0000108206
PWY-7199: pyrimidine deoxyribonucleosides salvage	0.0000000000
PWY-7199: pyrimidine deoxyribonucleosides salvage|unclassified	0.0000000000
PWY-7199: pyrimidine deoxyribonucleosides salvage|g__Bacteroides.s__Bacteroides_caecimuris	0.0000000000
PWY-7199: pyrimidine deoxyribonucleosides salvage|g__Alistipes.s__Alistipes_timonensis	0.0000000000
DAPLYSINESYN-PWY: L-lysine biosynthesis I	0.0000000000
DAPLYSINESYN-PWY: L-lysine biosynthesis I|g__Helicobacter.s__Helicobacter_typhlonius	0.0042920249
DAPLYSINESYN-PWY: L-lysine biosynthesis I|unclassified	0.0000000000
PWY-5659: GDP-mannose biosynthesis	0.0000000000
PWY-5659: GDP-mannose biosynthesis|unclassified	0.0000000000
PWY-5659: GDP-mannose biosynthesis|g__Helicobacter.s__Helicobacter_typhlonius	0.0018299472
PWY-6737: starch degradation V	0.0000000000
PWY-6737: starch degradation V|unclassified	0.0000000000
PWY-6737: starch degradation V|g__Lachnospiraceae_unclassified.s__Lachnospiraceae_bacterium_COE1	0.4018324331
PWY-6737: starch degradation V|g__Firmicutes_unclassified.s__Firmicutes_bacterium_ASF500	0.0138324175
PWY-6737: starch degradation V|g__Clostridium.s__Clostridium_sp_ASF502	0.3102432951
PWY0-1296: purine ribonucleosides degradation	0.0000000000
PWY0-1296: purine ribonucleosides degradation|unclassified	0.0000000000
PWY0-1296: purine ribonucleosides degradation|g__Romboutsia.s__Romboutsia_ilealis	0.7088000395
PWY0-1296: purine ribonucleosides degradation|g__Lachnospiraceae_unclassified.s__Lachnospiraceae_bacterium_28_4	0.3301955225
PWY0-1296: purine ribonucleosides degradation|g__Clostridium.s__Clostridium_sp_ASF502	0.6653472454
PWY0-1296: purine ribonucleosides degradation|g__Lachnospiraceae_unclassified.s__Lachnospiraceae_bacterium_COE1	0.2519120706
PWY66-422: D-galactose degradation V (Leloir pathway)	0.0000000000
PWY66-422: D-galactose degradation V (Leloir pathway)|unclassified	0.0000000000
PWY66-422: D-galactose degradation V (Leloir pathway)|g__Romboutsia.s__Romboutsia_ilealis	0.3497371611
PWY-7234: inosine-5'-phosphate biosynthesis III	0.0000000000
PWY-7234: inosine-5'-phosphate biosynthesis III|unclassified	0.0000000000
PWY-7234: inosine-5'-phosphate biosynthesis III|g__Alistipes.s__Alistipes_timonensis	0.0000000000
PWY-6892: thiazole biosynthesis I (E. coli)	0.0000000000
PWY-6892: thiazole biosynthesis I (E. coli)|unclassified	0.0000000000
PWY-6892: thiazole biosynthesis I (E. coli)|g__Bacteroides.s__Bacteroides_caecimuris	0.0000000000
ARGININE-SYN4-PWY: L-ornithine de novo  biosynthesis	0.0000000000
ARGININE-SYN4-PWY: L-ornithine de novo  biosynthesis|g__Bacteroides.s__Bacteroides_sartorii	0.1220059880
ARGININE-SYN4-PWY: L-ornithine de novo  biosynthesis|g__Bacteroides.s__Bacteroides_caecimuris	0.0000000000
PWY-6527: stachyose degradation	0.0000000000
PWY-6527: stachyose degradation|unclassified	0.0000000000
PWY-6527: stachyose degradation|g__Lachnospiraceae_unclassified.s__Lachnospiraceae_bacterium_28_4	0.3239269424
PWY-6527: stachyose degradation|g__Romboutsia.s__Romboutsia_ilealis	0.2894282596
COLANSYN-PWY: colanic acid building blocks biosynthesis	0.0000000000
COLANSYN-PWY: colanic acid building blocks biosynthesis|unclassified	0.0000000000
PWY66-399: gluconeogenesis III	0.0000000000
PWY66-399: gluconeogenesis III|unclassified	0.0000000000
PWY-5347: superpathway of L-methionine biosynthesis (transsulfuration)	0.0000000000
PWY-6317: galactose degradation I (Leloir pathway)	0.0000000000
PWY-6317: galactose degradation I (Leloir pathway)|unclassified	0.0000000000
PWY-6317: galactose degradation I (Leloir pathway)|g__Romboutsia.s__Romboutsia_ilealis	0.3778707562
METSYN-PWY: L-homoserine and L-methionine biosynthesis	0.0000000000
MET-SAM-PWY: superpathway of S-adenosyl-L-methionine biosynthesis	0.0000000000
PWY-7117: C4 photosynthetic carbon assimilation cycle, PEPCK type	0.0000000000
PWY-7117: C4 photosynthetic carbon assimilation cycle, PEPCK type|unclassified	0.0000000000
PWY-7323: superpathway of GDP-mannose-derived O-antigen building blocks biosynthesis	0.0000000000
PWY-7323: superpathway of GDP-mannose-derived O-antigen building blocks biosynthesis|unclassified	0.0000000000
FOLSYN-PWY: superpathway of tetrahydrofolate biosynthesis and salvage	0.0000000000
PWY-6897: thiamin salvage II	0.0000000000
PWY-6897: thiamin salvage II|unclassified	0.0000000000
PWY0-1586: peptidoglycan maturation (meso-diaminopimelate containing)	0.0000000000
PWY0-1586: peptidoglycan maturation (meso-diaminopimelate containing)|unclassified	0.0000000000
PWY0-1586: peptidoglycan maturation (meso-diaminopimelate containing)|g__Bacteroides.s__Bacteroides_sartorii	0.5262199152
PWY0-1586: peptidoglycan maturation (meso-diaminopimelate containing)|g__Bacteroides.s__Bacteroides_caecimuris	0.0000000000
GLYCOLYSIS-E-D: superpathway of glycolysis and Entner-Doudoroff	0.0000000000
GLYCOLYSIS-E-D: superpathway of glycolysis and Entner-Doudoroff|unclassified	0.0000000000
PWY-5188: tetrapyrrole biosynthesis I (from glutamate)	0.0000000000
PWY-5188: tetrapyrrole biosynthesis I (from glutamate)|g__Helicobacter.s__Helicobacter_typhlonius	0.2258440956
PWY-5188: tetrapyrrole biosynthesis I (from glutamate)|unclassified	0.0000000000
PWY-5188: tetrapyrrole biosynthesis I (from glutamate)|g__Mucispirillum.s__Mucispirillum_schaedleri	0.0339732354
PWY-5188: tetrapyrrole biosynthesis I (from glutamate)|g__Romboutsia.s__Romboutsia_ilealis	0.5153224197
POLYISOPRENSYN-PWY: polyisoprenoid biosynthesis (E. coli)	0.0000000000
POLYISOPRENSYN-PWY: polyisoprenoid biosynthesis (E. coli)|unclassified	0.0000000000
PWY-241: C4 photosynthetic carbon assimilation cycle, NADP-ME type	0.0000000000
PWY-241: C4 photosynthetic carbon assimilation cycle, NADP-ME type|unclassified	0.0000000000
PWY-6608: guanosine nucleotides degradation III	0.0000000000
PWY-6608: guanosine nucleotides degradation III|g__Bacteroides.s__Bacteroides_caecimuris	0.0000000000
PWY-6608: guanosine nucleotides degradation III|unclassified	0.0000000000
P4-PWY: superpathway of L-lysine, L-threonine and L-methionine biosynthesis I	0.0000000000
PWY0-781: aspartate superpathway	0.0000000000
TRPSYN-PWY: L-tryptophan biosynthesis	0.0000000000
TRPSYN-PWY: L-tryptophan biosynthesis|g__Helicobacter.s__Helicobacter_typhlonius	0.0000034131
TRPSYN-PWY: L-tryptophan biosynthesis|unclassified	0.0000000000
CITRULBIO-PWY: L-citrulline biosynthesis	0.0000000000
CITRULBIO-PWY: L-citrulline biosynthesis|g__Helicobacter.s__Helicobacter_typhlonius	0.0000000000
PWY-6859: all-trans-farnesol biosynthesis	0.0000000000
PWY-6859: all-trans-farnesol biosynthesis|unclassified	0.0000000000
NONOXIPENT-PWY: pentose phosphate pathway (non-oxidative branch)	0.0000000000
NONOXIPENT-PWY: pentose phosphate pathway (non-oxidative branch)|g__Helicobacter.s__Helicobacter_typhlonius	0.0106446849
NONOXIPENT-PWY: pentose phosphate pathway (non-oxidative branch)|unclassified	0.0000000000
NONOXIPENT-PWY: pentose phosphate pathway (non-oxidative branch)|g__Parabacteroides.s__Parabacteroides_distasonis	0.4821844501
PWY-5913: TCA cycle VI (obligate autotrophs)	0.0000000000
PWY-5913: TCA cycle VI (obligate autotrophs)|unclassified	0.0000000000
THISYNARA-PWY: superpathway of thiamin diphosphate biosynthesis III (eukaryotes)	0.0000000000
THISYNARA-PWY: superpathway of thiamin diphosphate biosynthesis III (eukaryotes)|unclassified	0.0000000000
PWY-4984: urea cycle	0.0000000000
PWY-4984: urea cycle|g__Helicobacter.s__Helicobacter_typhlonius	0.0960513288
P164-PWY: purine nucleobases degradation I (anaerobic)	0.0000000000
P164-PWY: purine nucleobases degradation I (anaerobic)|unclassified	0.0000000000
PWY-7357: thiamin formation from pyrithiamine and oxythiamine (yeast)	0.0000000000
PWY-7357: thiamin formation from pyrithiamine and oxythiamine (yeast)|unclassified	0.0000000000
PPGPPMET-PWY: ppGpp biosynthesis	0.0000000000
PPGPPMET-PWY: ppGpp biosynthesis|g__Helicobacter.s__Helicobacter_typhlonius	0.4830382921
PPGPPMET-PWY: ppGpp biosynthesis|unclassified	0.0000000000
PHOSLIPSYN-PWY: superpathway of phospholipid biosynthesis I (bacteria)	0.0000000000
PHOSLIPSYN-PWY: superpathway of phospholipid biosynthesis I (bacteria)|unclassified	0.0000000000
PWY-6803: phosphatidylcholine acyl editing	0.0000000000
PWY-6901: superpathway of glucose and xylose degradation	0.0000000000
PWY-6901: superpathway of glucose and xylose degradation|unclassified	0.0000000000
PWY-6612: superpathway of tetrahydrofolate biosynthesis	0.0000000000
PWY-7237: myo-, chiro- and scillo-inositol degradation	0.0000000000
PWY-7237: myo-, chiro- and scillo-inositol degradation|unclassified	0.0000000000
PWY-7237: myo-, chiro- and scillo-inositol degradation|g__Romboutsia.s__Romboutsia_ilealis	0.9933055798
PWY-7237: myo-, chiro- and scillo-inositol degradation|g__Parabacteroides.s__Parabacteroides_distasonis	0.9546571092
PWY-7237: myo-, chiro- and scillo-inositol degradation|g__Acetatifactor.s__Acetatifactor_muris	0.6252187529
PWY-7237: myo-, chiro- and scillo-inositol degradation|g__Clostridium.s__Clostridium_sp_ASF502	0.1481339503
PWY-6936: seleno-amino acid biosynthesis	0.0000000000
PWY-6936: seleno-amino acid biosynthesis|g__Helicobacter.s__Helicobacter_typhlonius	0.0749504443
PWY-6936: seleno-amino acid biosynthesis|g__Bacteroides.s__Bacteroides_sartorii	0.1196114241
PWY-6936: seleno-amino acid biosynthesis|unclassified	0.0000000000
PWY-6936: seleno-amino acid biosynthesis|g__Romboutsia.s__Romboutsia_ilealis	0.6108883442
PWY-7198: pyrimidine deoxyribonucleotides de novo biosynthesis IV	0.0000000000
PWY-7198: pyrimidine deoxyribonucleotides de novo biosynthesis IV|unclassified	0.0000000000
PWY-7279: aerobic respiration II (cytochrome c) (yeast)	0.0000000000
PWY-7279: aerobic respiration II (cytochrome c) (yeast)|g__Helicobacter.s__Helicobacter_typhlonius	0.1993365205
PWY-7279: aerobic respiration II (cytochrome c) (yeast)|unclassified	0.0000000000
P42-PWY: incomplete reductive TCA cycle	0.0000000000
P42-PWY: incomplete reductive TCA cycle|unclassified	0.0000000000
FERMENTATION-PWY: mixed acid fermentation	0.0000000000
FERMENTATION-PWY: mixed acid fermentation|unclassified	0.0000000000
TCA: TCA cycle I (prokaryotic)	0.0000000000
TCA: TCA cycle I (prokaryotic)|unclassified	0.0000000000
HOMOSER-METSYN-PWY: L-methionine biosynthesis I	0.0000000000
PWY-7371: 1,4-dihydroxy-6-naphthoate biosynthesis II	0.0000000000
PWY-7371: 1,4-dihydroxy-6-naphthoate biosynthesis II|g__Helicobacter.s__Helicobacter_typhlonius	0.6893689719
PWY-7371: 1,4-dihydroxy-6-naphthoate biosynthesis II|unclassified	0.0000000000
PWY-5941: glycogen degradation II (eukaryotic)	0.0000000000
PWY-5941: glycogen degradation II (eukaryotic)|unclassified	0.0000000000
PWY-5505: L-glutamate and L-glutamine biosynthesis	0.0000000000
PWY-5189: tetrapyrrole biosynthesis II (from glycine)	0.0000000000
PWY-5189: tetrapyrrole biosynthesis II (from glycine)|g__Helicobacter.s__Helicobacter_typhlonius	0.0664161942
PWY-5189: tetrapyrrole biosynthesis II (from glycine)|g__Romboutsia.s__Romboutsia_ilealis	0.6475710250
PWY-6969: TCA cycle V (2-oxoglutarate:ferredoxin oxidoreductase)	0.0000000000
PWY-6969: TCA cycle V (2-oxoglutarate:ferredoxin oxidoreductase)|unclassified	0.0000000000
P108-PWY: pyruvate fermentation to propanoate I	0.0000000000
P108-PWY: pyruvate fermentation to propanoate I|unclassified	0.0000000000
PWY0-1241: ADP-L-glycero-&beta;-D-manno-heptose biosynthesis	0.0000000000
PWY0-1241: ADP-L-glycero-&beta;-D-manno-heptose biosynthesis|g__Helicobacter.s__Helicobacter_typhlonius	0.0090846546
PWY0-1241: ADP-L-glycero-&beta;-D-manno-heptose biosynthesis|g__Mucispirillum.s__Mucispirillum_schaedleri	0.0382388156
PWY0-1241: ADP-L-glycero-&beta;-D-manno-heptose biosynthesis|unclassified	0.0000000000
PWY-7383: anaerobic energy metabolism (invertebrates, cytosol)	0.0000000000
PWY-7383: anaerobic energy metabolism (invertebrates, cytosol)|unclassified	0.0000000000
PENTOSE-P-PWY: pentose phosphate pathway	0.0000000000
PENTOSE-P-PWY: pentose phosphate pathway|unclassified	0.0000000000
PENTOSE-P-PWY: pentose phosphate pathway|g__Parabacteroides.s__Parabacteroides_distasonis	0.2031604309
PWY-7456: mannan degradation	0.0000000000
PWY-7456: mannan degradation|unclassified	0.0000000000
PWY0-1261: anhydromuropeptides recycling	0.0000000000
PWY0-1261: anhydromuropeptides recycling|unclassified	0.0000000000
PWY4FS-7: phosphatidylglycerol biosynthesis I (plastidic)	0.0000000000
PWY4FS-7: phosphatidylglycerol biosynthesis I (plastidic)|unclassified	0.0000000000
PWY4FS-8: phosphatidylglycerol biosynthesis II (non-plastidic)	0.0000000000
PWY4FS-8: phosphatidylglycerol biosynthesis II (non-plastidic)|unclassified	0.0000000000
PWY-6549: L-glutamine biosynthesis III	0.0000000000
PWY-6549: L-glutamine biosynthesis III|unclassified	0.0000000000
COBALSYN-PWY: adenosylcobalamin salvage from cobinamide I	0.0000000000
COBALSYN-PWY: adenosylcobalamin salvage from cobinamide I|unclassified	0.0000000000
NONMEVIPP-PWY: methylerythritol phosphate pathway I	0.0000000000
PWY-5345: superpathway of L-methionine biosynthesis (by sulfhydrylation)	0.0000000000
BIOTIN-BIOSYNTHESIS-PWY: biotin biosynthesis I	0.0000000000
PWY-5918: superpathay of heme biosynthesis from glutamate	0.0000000000
FASYN-ELONG-PWY: fatty acid elongation -- saturated	0.0000000000
FASYN-ELONG-PWY: fatty acid elongation -- saturated|unclassified	0.0000000000
GALACTUROCAT-PWY: D-galacturonate degradation I	0.0000000000
GALACTUROCAT-PWY: D-galacturonate degradation I|unclassified	0.0000000000
GALACTUROCAT-PWY: D-galacturonate degradation I|g__Alistipes.s__Alistipes_timonensis	0.0015379623
PWY-7254: TCA cycle VII (acetate-producers)	0.0000000000
PWYG-321: mycolate biosynthesis	0.0000000000
PWYG-321: mycolate biosynthesis|unclassified	0.0000000000
PWY-5690: TCA cycle II (plants and fungi)	0.0000000000
PWY-5690: TCA cycle II (plants and fungi)|unclassified	0.0000000000
SULFATE-CYS-PWY: superpathway of sulfate assimilation and cysteine biosynthesis	0.0000000000
PWY-7664: oleate biosynthesis IV (anaerobic)	0.0000000000
PWY-7664: oleate biosynthesis IV (anaerobic)|unclassified	0.0000000000
PWY-6519: 8-amino-7-oxononanoate biosynthesis I	0.0000000000
PWY-5121: superpathway of geranylgeranyl diphosphate biosynthesis II (via MEP)	0.0000000000
P441-PWY: superpathway of N-acetylneuraminate degradation	0.0000000000
P441-PWY: superpathway of N-acetylneuraminate degradation|unclassified	0.0000000000
HEXITOLDEGSUPER-PWY: superpathway of hexitol degradation (bacteria)	0.0000000000
HEXITOLDEGSUPER-PWY: superpathway of hexitol degradation (bacteria)|unclassified	0.0000000000
PWY0-862: (5Z)-dodec-5-enoate biosynthesis	0.0000000000
PWY0-862: (5Z)-dodec-5-enoate biosynthesis|unclassified	0.0000000000
PWY-6282: palmitoleate biosynthesis I (from (5Z)-dodec-5-enoate)	0.0000000000
PWY-6282: palmitoleate biosynthesis I (from (5Z)-dodec-5-enoate)|unclassified	0.0000000000
PWY-5989: stearate biosynthesis II (bacteria and plants)	0.0000000000
PWY-5989: stearate biosynthesis II (bacteria and plants)|unclassified	0.0000000000
PWY-7315: dTDP-N-acetylthomosamine biosynthesis	0.0000000000
PWY-7315: dTDP-N-acetylthomosamine biosynthesis|unclassified	0.0000000000
PWY-821: superpathway of sulfur amino acid biosynthesis (Saccharomyces cerevisiae)	0.0000000000
PWY-7388: octanoyl-[acyl-carrier protein] biosynthesis (mitochondria, yeast)	0.0000000000
PWY-7388: octanoyl-[acyl-carrier protein] biosynthesis (mitochondria, yeast)|unclassified	0.0000000000
FASYN-INITIAL-PWY: superpathway of fatty acid biosynthesis initiation (E. coli)	0.0000000000
FASYN-INITIAL-PWY: superpathway of fatty acid biosynthesis initiation (E. coli)|unclassified	0.0000000000
PYRIDNUCSAL-PWY: NAD salvage pathway I	0.0000000000
PYRIDNUCSAL-PWY: NAD salvage pathway I|unclassified	0.0000000000
GLCMANNANAUT-PWY: superpathway of N-acetylglucosamine, N-acetylmannosamine and N-acetylneuraminate degradation	0.0000000000
GLCMANNANAUT-PWY: superpathway of N-acetylglucosamine, N-acetylmannosamine and N-acetylneuraminate degradation|unclassified	0.0000000000
GLCMANNANAUT-PWY: superpathway of N-acetylglucosamine, N-acetylmannosamine and N-acetylneuraminate degradation|g__Romboutsia.s__Romboutsia_ilealis	0.0220574590
HEME-BIOSYNTHESIS-II: heme biosynthesis I (aerobic)	0.0000000000
HEME-BIOSYNTHESIS-II: heme biosynthesis I (aerobic)|g__Mucispirillum.s__Mucispirillum_schaedleri	0.2777807888
HEME-BIOSYNTHESIS-II: heme biosynthesis I (aerobic)|unclassified	0.0000000000
PWY-7392: taxadiene biosynthesis (engineered)	0.0000000000
NAGLIPASYN-PWY: lipid IVA biosynthesis	0.0000000000
NAGLIPASYN-PWY: lipid IVA biosynthesis|unclassified	0.0000000000
TEICHOICACID-PWY: teichoic acid (poly-glycerol) biosynthesis	0.0000000000
PWY-6270: isoprene biosynthesis I	0.0000000000
PWY0-1479: tRNA processing	0.0000000000
PWY0-1479: tRNA processing|unclassified	0.0000000000
PWY-7332: superpathway of UDP-N-acetylglucosamine-derived O-antigen building blocks biosynthesis	0.0000000000
PWY-4041: &gamma;-glutamyl cycle	0.0000000000
PWY-4041: &gamma;-glutamyl cycle|unclassified	0.0000000000
SO4ASSIM-PWY: sulfate reduction I (assimilatory)	0.0000000000
GALACT-GLUCUROCAT-PWY: superpathway of hexuronide and hexuronate degradation	0.0000000000
GALACT-GLUCUROCAT-PWY: superpathway of hexuronide and hexuronate degradation|unclassified	0.0000000000
PWY0-1297: superpathway of purine deoxyribonucleosides degradation	0.0000000000
PWY0-1297: superpathway of purine deoxyribonucleosides degradation|unclassified	0.0000000000
PWY-7560: methylerythritol phosphate pathway II	0.0000000000
PWY-6305: putrescine biosynthesis IV	0.0000000000
P461-PWY: hexitol fermentation to lactate, formate, ethanol and acetate	0.0000000000
P461-PWY: hexitol fermentation to lactate, formate, ethanol and acetate|unclassified	0.0000000000
P124-PWY: Bifidobacterium shunt	0.0000000000
PWY-2941: L-lysine biosynthesis II	0.0000000000
PWY-2941: L-lysine biosynthesis II|unclassified	0.0000000000
PWY0-1298: superpathway of pyrimidine deoxyribonucleosides degradation	0.0000000000
PWY0-1298: superpathway of pyrimidine deoxyribonucleosides degradation|unclassified	0.0000000000
P185-PWY: formaldehyde assimilation III (dihydroxyacetone cycle)	0.0000000000
P185-PWY: formaldehyde assimilation III (dihydroxyacetone cycle)|unclassified	0.0000000000
PWY4LZ-257: superpathway of fermentation (Chlamydomonas reinhardtii)	0.0000000000
PWY4LZ-257: superpathway of fermentation (Chlamydomonas reinhardtii)|unclassified	0.0000000000
PWY-6353: purine nucleotides degradation II (aerobic)	0.0000000000
GLUCUROCAT-PWY: superpathway of &beta;-D-glucuronide and D-glucuronate degradation	0.0000000000
GLUCUROCAT-PWY: superpathway of &beta;-D-glucuronide and D-glucuronate degradation|unclassified	0.0000000000
POLYAMINSYN3-PWY: superpathway of polyamine biosynthesis II	0.0000000000
P562-PWY: myo-inositol degradation I	0.0000000000
P562-PWY: myo-inositol degradation I|unclassified	0.0000000000
P122-PWY: heterolactic fermentation	0.0000000000
P161-PWY: acetylene degradation	0.0000000000
P161-PWY: acetylene degradation|unclassified	0.0000000000
PWY-5384: sucrose degradation IV (sucrose phosphorylase)	0.0000000000
PWY-5384: sucrose degradation IV (sucrose phosphorylase)|unclassified	0.0000000000
PWY-6507: 4-deoxy-L-threo-hex-4-enopyranuronate degradation	0.0000000000
PWY-6507: 4-deoxy-L-threo-hex-4-enopyranuronate degradation|unclassified	0.0000000000
PWY-7242: D-fructuronate degradation	0.0000000000
PWY-7242: D-fructuronate degradation|unclassified	0.0000000000
METH-ACETATE-PWY: methanogenesis from acetate	0.0000000000
METH-ACETATE-PWY: methanogenesis from acetate|unclassified	0.0000000000
FUCCAT-PWY: fucose degradation	0.0000000000
FUCCAT-PWY: fucose degradation|unclassified	0.0000000000
PWY0-1061: superpathway of L-alanine biosynthesis	0.0000000000
PWY0-1061: superpathway of L-alanine biosynthesis|g__Bifidobacterium.s__Bifidobacterium_pseudolongum	0.0747161082
PWY-7115: C4 photosynthetic carbon assimilation cycle, NAD-ME type	0.0000000000
PWY3O-355: stearate biosynthesis III (fungi)	0.0000000000
HEMESYN2-PWY: heme biosynthesis II (anaerobic)	0.0000000000
HEMESYN2-PWY: heme biosynthesis II (anaerobic)|g__Romboutsia.s__Romboutsia_ilealis	0.2152649521
HEMESYN2-PWY: heme biosynthesis II (anaerobic)|unclassified	0.0000000000
PWY-6606: guanosine nucleotides degradation II	0.0000000000
LACTOSECAT-PWY: lactose and galactose degradation I	0.0000000000
LACTOSECAT-PWY: lactose and galactose degradation I|unclassified	0.0000000000
PWY0-1415: superpathway of heme biosynthesis from uroporphyrinogen-III	0.0000000000
SALVADEHYPOX-PWY: adenosine nucleotides degradation II	0.0000000000
SALVADEHYPOX-PWY: adenosine nucleotides degradation II|unclassified	0.0000000000
PWY-621: sucrose degradation III (sucrose invertase)	0.0000000000
PWY-621: sucrose degradation III (sucrose invertase)|unclassified	0.0000000000
PWY-5005: biotin biosynthesis II	0.0000000000
PWY-5005: biotin biosynthesis II|unclassified	0.0000000000
PWY-6590: superpathway of Clostridium acetobutylicum acidogenic fermentation	0.0000000000
PWY-6590: superpathway of Clostridium acetobutylicum acidogenic fermentation|unclassified	0.0000000000
PWY-7210: pyrimidine deoxyribonucleotides biosynthesis from CTP	0.0000000000
PWY-7210: pyrimidine deoxyribonucleotides biosynthesis from CTP|unclassified	0.0000000000
PWY-5514: UDP-N-acetyl-D-galactosamine biosynthesis II	0.0000000000
PWY-5514: UDP-N-acetyl-D-galactosamine biosynthesis II|unclassified	0.0000000000
PWY-5676: acetyl-CoA fermentation to butanoate II	0.0000000000
PWY-5676: acetyl-CoA fermentation to butanoate II|unclassified	0.0000000000
CENTFERM-PWY: pyruvate fermentation to butanoate	0.0000000000
CENTFERM-PWY: pyruvate fermentation to butanoate|unclassified	0.0000000000
PWY-6749: CMP-legionaminate biosynthesis I	0.0000000000
PWY-6749: CMP-legionaminate biosynthesis I|unclassified	0.0000000000
UDPNACETYLGALSYN-PWY: UDP-N-acetyl-D-glucosamine biosynthesis II	0.0000000000
UDPNACETYLGALSYN-PWY: UDP-N-acetyl-D-glucosamine biosynthesis II|unclassified	0.0000000000
PWY-5138: unsaturated, even numbered fatty acid &beta;-oxidation	0.0000000000
KETOGLUCONMET-PWY: ketogluconate metabolism	0.0000000000
KETOGLUCONMET-PWY: ketogluconate metabolism|unclassified	0.0000000000
PWY-5177: glutaryl-CoA degradation	0.0000000000
PWY-5177: glutaryl-CoA degradation|unclassified	0.0000000000
PWY-5871: ubiquinol-9 biosynthesis (eukaryotic)	0.0000000000
PWY-5871: ubiquinol-9 biosynthesis (eukaryotic)|unclassified	0.0000000000
PWY-5873: ubiquinol-7 biosynthesis (eukaryotic)	0.0000000000
PWY-5873: ubiquinol-7 biosynthesis (eukaryotic)|unclassified	0.0000000000
PWY-7235: superpathway of ubiquinol-6 biosynthesis (eukaryotic)	0.0000000000
PWY-7235: superpathway of ubiquinol-6 biosynthesis (eukaryotic)|unclassified	0.0000000000
PWY-5136: fatty acid &beta;-oxidation II (peroxisome)	0.0000000000
PWY66-391: fatty acid &beta;-oxidation VI (peroxisome)	0.0000000000
FAO-PWY: fatty acid &beta;-oxidation I	0.0000000000
PWY-7288: fatty acid &beta;-oxidation (peroxisome, yeast)	0.0000000000
PWY-7288: fatty acid &beta;-oxidation (peroxisome, yeast)|unclassified	0.0000000000
PWY-6117: spermine and spermidine degradation I	0.0000000000
PWY-6117: spermine and spermidine degradation I|unclassified	0.0000000000
PWY-6992: 1,5-anhydrofructose degradation	0.0000000000
PWY-6992: 1,5-anhydrofructose degradation|unclassified	0.0000000000
PWY-7420: monoacylglycerol metabolism (yeast)	0.0000000000
PWY66-201: nicotine degradation IV	0.0000000000
PWY66-201: nicotine degradation IV|unclassified	0.0000000000
PWY-6948: sitosterol degradation to androstenedione	0.0000000000
PWY-6948: sitosterol degradation to androstenedione|unclassified	0.0000000000