# Pathway	RCE_322_Coverage
UNMAPPED	1.0000000000
UNINTEGRATED	1.0000000000
UNINTEGRATED|g__Alistipes.s__Alistipes_timonensis	1.0000000000
UNINTEGRATED|g__Bacteroides.s__Bacteroides_caecimuris	1.0000000000
UNINTEGRATED|g__Bacteroides.s__Bacteroides_faecichinchillae	1.0000000000
UNINTEGRATED|g__Bacteroides.s__Bacteroides_sartorii	1.0000000000
UNINTEGRATED|g__Bacteroides.s__Bacteroides_uniformis	1.0000000000
UNINTEGRATED|g__Bacteroides.s__Bacteroides_uniformis_CAG_3	1.0000000000
UNINTEGRATED|g__Bifidobacterium.s__Bifidobacterium_pseudolongum	1.0000000000
UNINTEGRATED|g__Dorea.s__Dorea_sp_5_2	1.0000000000
UNINTEGRATED|g__Firmicutes_unclassified.s__Firmicutes_bacterium_ASF500	1.0000000000
UNINTEGRATED|g__Helicobacter.s__Helicobacter_hepaticus	1.0000000000
UNINTEGRATED|g__Helicobacter.s__Helicobacter_typhlonius	1.0000000000
UNINTEGRATED|g__Lachnospiraceae_unclassified.s__Lachnospiraceae_bacterium_10_1	1.0000000000
UNINTEGRATED|g__Lachnospiraceae_unclassified.s__Lachnospiraceae_bacterium_28_4	1.0000000000
UNINTEGRATED|g__Lachnospiraceae_unclassified.s__Lachnospiraceae_bacterium_A2	1.0000000000
UNINTEGRATED|g__Lactobacillus.s__Lactobacillus_johnsonii	1.0000000000
UNINTEGRATED|g__Lactobacillus.s__Lactobacillus_reuteri	1.0000000000
UNINTEGRATED|g__Mucispirillum.s__Mucispirillum_schaedleri	1.0000000000
UNINTEGRATED|g__Muribaculaceae_unclassified.s__Muribaculaceae_bacterium_DSM_103720	1.0000000000
UNINTEGRATED|g__Muribaculum.s__Muribaculum_intestinale	1.0000000000
UNINTEGRATED|g__Oscillibacter.s__Oscillibacter_sp_1_3	1.0000000000
UNINTEGRATED|g__Parabacteroides.s__Parabacteroides_distasonis	1.0000000000
UNINTEGRATED|g__Prevotella.s__Prevotella_sp_MGM1	1.0000000000
UNINTEGRATED|g__Prevotella.s__Prevotella_sp_MGM2	1.0000000000
UNINTEGRATED|g__Romboutsia.s__Romboutsia_ilealis	1.0000000000
UNINTEGRATED|unclassified	1.0000000000
TRNA-CHARGING-PWY: tRNA charging	1.0000000000
TRNA-CHARGING-PWY: tRNA charging|unclassified	1.0000000000
TRNA-CHARGING-PWY: tRNA charging|g__Muribaculaceae_unclassified.s__Muribaculaceae_bacterium_DSM_103720	0.3366126718
TRNA-CHARGING-PWY: tRNA charging|g__Alistipes.s__Alistipes_timonensis	0.9359277254
TRNA-CHARGING-PWY: tRNA charging|g__Parabacteroides.s__Parabacteroides_distasonis	0.0490454871
TRNA-CHARGING-PWY: tRNA charging|g__Bacteroides.s__Bacteroides_caecimuris	0.4200219095
TRNA-CHARGING-PWY: tRNA charging|g__Lactobacillus.s__Lactobacillus_johnsonii	0.3151690551
PWY-6700: queuosine biosynthesis	1.0000000000
PWY-6700: queuosine biosynthesis|unclassified	1.0000000000
PWY-6700: queuosine biosynthesis|g__Muribaculum.s__Muribaculum_intestinale	0.1864371117
PWY-6700: queuosine biosynthesis|g__Prevotella.s__Prevotella_sp_MGM2	0.8498869660
PWY-6700: queuosine biosynthesis|g__Helicobacter.s__Helicobacter_typhlonius	0.0165086767
PWY-6700: queuosine biosynthesis|g__Muribaculaceae_unclassified.s__Muribaculaceae_bacterium_DSM_103720	0.6243141012
PWY-6700: queuosine biosynthesis|g__Prevotella.s__Prevotella_sp_MGM1	0.0002488351
PWY-6700: queuosine biosynthesis|g__Lachnospiraceae_unclassified.s__Lachnospiraceae_bacterium_A2	0.1617318681
PWY-6700: queuosine biosynthesis|g__Parabacteroides.s__Parabacteroides_distasonis	0.0027851390
PWY-6700: queuosine biosynthesis|g__Mucispirillum.s__Mucispirillum_schaedleri	0.0614474085
PWY-6700: queuosine biosynthesis|g__Bacteroides.s__Bacteroides_uniformis	0.7672615553
PWY-6700: queuosine biosynthesis|g__Bacteroides.s__Bacteroides_caecimuris	0.0116326015
PWY-6700: queuosine biosynthesis|g__Bacteroides.s__Bacteroides_uniformis_CAG_3	0.6260049605
PWY-6700: queuosine biosynthesis|g__Firmicutes_unclassified.s__Firmicutes_bacterium_ASF500	0.2508442051
PWY-1042: glycolysis IV (plant cytosol)	1.0000000000
PWY-1042: glycolysis IV (plant cytosol)|unclassified	1.0000000000
PWY-1042: glycolysis IV (plant cytosol)|g__Lachnospiraceae_unclassified.s__Lachnospiraceae_bacterium_A2	0.3790536932
PWY-1042: glycolysis IV (plant cytosol)|g__Alistipes.s__Alistipes_timonensis	0.0929993498
PWY-1042: glycolysis IV (plant cytosol)|g__Bacteroides.s__Bacteroides_sartorii	0.3615143404
PWY-3841: folate transformations II	1.0000000000
PWY-3841: folate transformations II|unclassified	1.0000000000
PWY-3841: folate transformations II|g__Muribaculum.s__Muribaculum_intestinale	0.1103183279
PWY-3841: folate transformations II|g__Prevotella.s__Prevotella_sp_MGM1	0.0007042783
PWY-3841: folate transformations II|g__Lachnospiraceae_unclassified.s__Lachnospiraceae_bacterium_A2	0.3939224332
PWY-3841: folate transformations II|g__Muribaculaceae_unclassified.s__Muribaculaceae_bacterium_DSM_103720	0.0015176950
PWY-3841: folate transformations II|g__Parabacteroides.s__Parabacteroides_distasonis	0.3477888302
PWY-3841: folate transformations II|g__Lachnospiraceae_unclassified.s__Lachnospiraceae_bacterium_10_1	0.4069898226
PWY-3841: folate transformations II|g__Bacteroides.s__Bacteroides_caecimuris	0.0002532084
PWY-3841: folate transformations II|g__Bacteroides.s__Bacteroides_sartorii	0.5357116102
PWY-3841: folate transformations II|g__Alistipes.s__Alistipes_timonensis	0.0199660897
PWY-3841: folate transformations II|g__Bacteroides.s__Bacteroides_uniformis_CAG_3	0.1703432692
PWY-3841: folate transformations II|g__Bacteroides.s__Bacteroides_uniformis	0.0031525885
DTDPRHAMSYN-PWY: dTDP-L-rhamnose biosynthesis I	1.0000000000
DTDPRHAMSYN-PWY: dTDP-L-rhamnose biosynthesis I|unclassified	1.0000000000
DTDPRHAMSYN-PWY: dTDP-L-rhamnose biosynthesis I|g__Muribaculum.s__Muribaculum_intestinale	0.4710634123
DTDPRHAMSYN-PWY: dTDP-L-rhamnose biosynthesis I|g__Prevotella.s__Prevotella_sp_MGM2	0.1925791861
DTDPRHAMSYN-PWY: dTDP-L-rhamnose biosynthesis I|g__Lachnospiraceae_unclassified.s__Lachnospiraceae_bacterium_A2	0.9456738777
DTDPRHAMSYN-PWY: dTDP-L-rhamnose biosynthesis I|g__Prevotella.s__Prevotella_sp_MGM1	0.0577335147
DTDPRHAMSYN-PWY: dTDP-L-rhamnose biosynthesis I|g__Muribaculaceae_unclassified.s__Muribaculaceae_bacterium_DSM_103720	0.0567514431
DTDPRHAMSYN-PWY: dTDP-L-rhamnose biosynthesis I|g__Bifidobacterium.s__Bifidobacterium_pseudolongum	0.4355879644
DTDPRHAMSYN-PWY: dTDP-L-rhamnose biosynthesis I|g__Parabacteroides.s__Parabacteroides_distasonis	0.0173298398
DTDPRHAMSYN-PWY: dTDP-L-rhamnose biosynthesis I|g__Alistipes.s__Alistipes_timonensis	0.2248426621
DTDPRHAMSYN-PWY: dTDP-L-rhamnose biosynthesis I|g__Mucispirillum.s__Mucispirillum_schaedleri	0.1426995197
DTDPRHAMSYN-PWY: dTDP-L-rhamnose biosynthesis I|g__Bacteroides.s__Bacteroides_uniformis	0.4282574759
DTDPRHAMSYN-PWY: dTDP-L-rhamnose biosynthesis I|g__Bacteroides.s__Bacteroides_caecimuris	0.0012405332
DTDPRHAMSYN-PWY: dTDP-L-rhamnose biosynthesis I|g__Bacteroides.s__Bacteroides_uniformis_CAG_3	0.4299274726
DTDPRHAMSYN-PWY: dTDP-L-rhamnose biosynthesis I|g__Bacteroides.s__Bacteroides_sartorii	0.1181555484
ILEUSYN-PWY: L-isoleucine biosynthesis I (from threonine)	1.0000000000
ILEUSYN-PWY: L-isoleucine biosynthesis I (from threonine)|unclassified	1.0000000000
ILEUSYN-PWY: L-isoleucine biosynthesis I (from threonine)|g__Helicobacter.s__Helicobacter_typhlonius	0.7249067960
ILEUSYN-PWY: L-isoleucine biosynthesis I (from threonine)|g__Parabacteroides.s__Parabacteroides_distasonis	0.3645062195
ILEUSYN-PWY: L-isoleucine biosynthesis I (from threonine)|g__Bifidobacterium.s__Bifidobacterium_pseudolongum	0.3014266909
ILEUSYN-PWY: L-isoleucine biosynthesis I (from threonine)|g__Mucispirillum.s__Mucispirillum_schaedleri	0.5245877507
ILEUSYN-PWY: L-isoleucine biosynthesis I (from threonine)|g__Bacteroides.s__Bacteroides_caecimuris	0.3470444014
ILEUSYN-PWY: L-isoleucine biosynthesis I (from threonine)|g__Bacteroides.s__Bacteroides_uniformis	0.8714820112
ILEUSYN-PWY: L-isoleucine biosynthesis I (from threonine)|g__Bacteroides.s__Bacteroides_uniformis_CAG_3	0.6735868857
PWY-7111: pyruvate fermentation to isobutanol (engineered)	1.0000000000
PWY-7111: pyruvate fermentation to isobutanol (engineered)|unclassified	1.0000000000
PWY-7111: pyruvate fermentation to isobutanol (engineered)|g__Muribaculum.s__Muribaculum_intestinale	0.9712102844
PWY-7111: pyruvate fermentation to isobutanol (engineered)|g__Helicobacter.s__Helicobacter_typhlonius	0.7249067960
PWY-7111: pyruvate fermentation to isobutanol (engineered)|g__Prevotella.s__Prevotella_sp_MGM2	0.0085844305
PWY-7111: pyruvate fermentation to isobutanol (engineered)|g__Muribaculaceae_unclassified.s__Muribaculaceae_bacterium_DSM_103720	0.5910986899
PWY-7111: pyruvate fermentation to isobutanol (engineered)|g__Prevotella.s__Prevotella_sp_MGM1	0.1728006480
PWY-7111: pyruvate fermentation to isobutanol (engineered)|g__Lachnospiraceae_unclassified.s__Lachnospiraceae_bacterium_A2	0.4864363989
PWY-7111: pyruvate fermentation to isobutanol (engineered)|g__Bifidobacterium.s__Bifidobacterium_pseudolongum	0.6098967332
PWY-7111: pyruvate fermentation to isobutanol (engineered)|g__Parabacteroides.s__Parabacteroides_distasonis	0.1162883328
PWY-7111: pyruvate fermentation to isobutanol (engineered)|g__Firmicutes_unclassified.s__Firmicutes_bacterium_ASF500	0.8947843175
PWY-7111: pyruvate fermentation to isobutanol (engineered)|g__Mucispirillum.s__Mucispirillum_schaedleri	0.5245877507
PWY-7111: pyruvate fermentation to isobutanol (engineered)|g__Helicobacter.s__Helicobacter_hepaticus	0.8302082489
PWY-7111: pyruvate fermentation to isobutanol (engineered)|g__Bacteroides.s__Bacteroides_sartorii	0.6815586688
PWY-7111: pyruvate fermentation to isobutanol (engineered)|g__Bacteroides.s__Bacteroides_uniformis	0.7657159062
PWY-7111: pyruvate fermentation to isobutanol (engineered)|g__Bacteroides.s__Bacteroides_caecimuris	0.0374065749
PWY-7111: pyruvate fermentation to isobutanol (engineered)|g__Dorea.s__Dorea_sp_5_2	0.4635180855
PWY-7111: pyruvate fermentation to isobutanol (engineered)|g__Alistipes.s__Alistipes_timonensis	0.0008282595
PWY-7111: pyruvate fermentation to isobutanol (engineered)|g__Bacteroides.s__Bacteroides_uniformis_CAG_3	0.1021413417
VALSYN-PWY: L-valine biosynthesis	1.0000000000
VALSYN-PWY: L-valine biosynthesis|unclassified	1.0000000000
VALSYN-PWY: L-valine biosynthesis|g__Muribaculum.s__Muribaculum_intestinale	0.9712102844
VALSYN-PWY: L-valine biosynthesis|g__Helicobacter.s__Helicobacter_typhlonius	0.7249067960
VALSYN-PWY: L-valine biosynthesis|g__Prevotella.s__Prevotella_sp_MGM2	0.0085844305
VALSYN-PWY: L-valine biosynthesis|g__Muribaculaceae_unclassified.s__Muribaculaceae_bacterium_DSM_103720	0.5910986899
VALSYN-PWY: L-valine biosynthesis|g__Prevotella.s__Prevotella_sp_MGM1	0.1728006480
VALSYN-PWY: L-valine biosynthesis|g__Lachnospiraceae_unclassified.s__Lachnospiraceae_bacterium_A2	0.4864363989
VALSYN-PWY: L-valine biosynthesis|g__Parabacteroides.s__Parabacteroides_distasonis	0.3645062195
VALSYN-PWY: L-valine biosynthesis|g__Bifidobacterium.s__Bifidobacterium_pseudolongum	0.3014266909
VALSYN-PWY: L-valine biosynthesis|g__Firmicutes_unclassified.s__Firmicutes_bacterium_ASF500	0.8947843175
VALSYN-PWY: L-valine biosynthesis|g__Mucispirillum.s__Mucispirillum_schaedleri	0.5245877507
VALSYN-PWY: L-valine biosynthesis|g__Bacteroides.s__Bacteroides_caecimuris	0.3470444014
VALSYN-PWY: L-valine biosynthesis|g__Bacteroides.s__Bacteroides_uniformis	0.8714820112
VALSYN-PWY: L-valine biosynthesis|g__Bacteroides.s__Bacteroides_sartorii	0.6815586688
VALSYN-PWY: L-valine biosynthesis|g__Helicobacter.s__Helicobacter_hepaticus	0.6387386074
VALSYN-PWY: L-valine biosynthesis|g__Dorea.s__Dorea_sp_5_2	0.4635180855
VALSYN-PWY: L-valine biosynthesis|g__Bacteroides.s__Bacteroides_uniformis_CAG_3	0.6735868857
VALSYN-PWY: L-valine biosynthesis|g__Alistipes.s__Alistipes_timonensis	0.0008282595
PWY-5686: UMP biosynthesis	1.0000000000
PWY-5686: UMP biosynthesis|unclassified	0.9999999993
PWY-5686: UMP biosynthesis|g__Muribaculum.s__Muribaculum_intestinale	0.0000007884
PWY-5686: UMP biosynthesis|g__Helicobacter.s__Helicobacter_typhlonius	0.2711057640
PWY-5686: UMP biosynthesis|g__Prevotella.s__Prevotella_sp_MGM1	0.0679365917
PWY-5686: UMP biosynthesis|g__Muribaculaceae_unclassified.s__Muribaculaceae_bacterium_DSM_103720	0.1941092697
PWY-5686: UMP biosynthesis|g__Lachnospiraceae_unclassified.s__Lachnospiraceae_bacterium_A2	0.3414002775
PWY-5686: UMP biosynthesis|g__Bifidobacterium.s__Bifidobacterium_pseudolongum	0.1233058990
PWY-5686: UMP biosynthesis|g__Parabacteroides.s__Parabacteroides_distasonis	0.0094076141
PWY-5686: UMP biosynthesis|g__Bacteroides.s__Bacteroides_caecimuris	0.3233347095
PWY-5686: UMP biosynthesis|g__Mucispirillum.s__Mucispirillum_schaedleri	0.3926828022
PWY-5686: UMP biosynthesis|g__Alistipes.s__Alistipes_timonensis	0.2879623013
PWY-5686: UMP biosynthesis|g__Helicobacter.s__Helicobacter_hepaticus	0.6668460196
PWY-5686: UMP biosynthesis|g__Bacteroides.s__Bacteroides_uniformis	0.4107870781
PWY-5686: UMP biosynthesis|g__Bacteroides.s__Bacteroides_uniformis_CAG_3	0.0046246361
PWY-7219: adenosine ribonucleotides de novo biosynthesis	1.0000000000
PWY-7219: adenosine ribonucleotides de novo biosynthesis|unclassified	1.0000000000
PWY-7219: adenosine ribonucleotides de novo biosynthesis|g__Muribaculum.s__Muribaculum_intestinale	0.0320638924
PWY-7219: adenosine ribonucleotides de novo biosynthesis|g__Prevotella.s__Prevotella_sp_MGM2	0.0001079007
PWY-7219: adenosine ribonucleotides de novo biosynthesis|g__Helicobacter.s__Helicobacter_typhlonius	0.0089186205
PWY-7219: adenosine ribonucleotides de novo biosynthesis|g__Prevotella.s__Prevotella_sp_MGM1	0.0819422851
PWY-7219: adenosine ribonucleotides de novo biosynthesis|g__Lachnospiraceae_unclassified.s__Lachnospiraceae_bacterium_A2	0.5063421424
PWY-7219: adenosine ribonucleotides de novo biosynthesis|g__Muribaculaceae_unclassified.s__Muribaculaceae_bacterium_DSM_103720	0.0291256428
PWY-7219: adenosine ribonucleotides de novo biosynthesis|g__Bacteroides.s__Bacteroides_caecimuris	0.9881238219
PWY-7219: adenosine ribonucleotides de novo biosynthesis|g__Parabacteroides.s__Parabacteroides_distasonis	0.1666921228
PWY-7219: adenosine ribonucleotides de novo biosynthesis|g__Bifidobacterium.s__Bifidobacterium_pseudolongum	0.2107584281
PWY-7219: adenosine ribonucleotides de novo biosynthesis|g__Lachnospiraceae_unclassified.s__Lachnospiraceae_bacterium_10_1	0.5114537361
PWY-7219: adenosine ribonucleotides de novo biosynthesis|g__Mucispirillum.s__Mucispirillum_schaedleri	0.4168953019
PWY-7219: adenosine ribonucleotides de novo biosynthesis|g__Alistipes.s__Alistipes_timonensis	0.1021904928
PWY-7219: adenosine ribonucleotides de novo biosynthesis|g__Bacteroides.s__Bacteroides_uniformis	0.5560267153
PWY-7219: adenosine ribonucleotides de novo biosynthesis|g__Firmicutes_unclassified.s__Firmicutes_bacterium_ASF500	0.2675001289
PWY-7219: adenosine ribonucleotides de novo biosynthesis|g__Bacteroides.s__Bacteroides_uniformis_CAG_3	0.5387890827
PWY-7219: adenosine ribonucleotides de novo biosynthesis|g__Lactobacillus.s__Lactobacillus_johnsonii	0.3544586825
PWY-7219: adenosine ribonucleotides de novo biosynthesis|g__Bacteroides.s__Bacteroides_sartorii	0.3520684306
PWY-7219: adenosine ribonucleotides de novo biosynthesis|g__Helicobacter.s__Helicobacter_hepaticus	0.0755336214
PWY-6122: 5-aminoimidazole ribonucleotide biosynthesis II	1.0000000000
PWY-6122: 5-aminoimidazole ribonucleotide biosynthesis II|unclassified	1.0000000000
PWY-6122: 5-aminoimidazole ribonucleotide biosynthesis II|g__Prevotella.s__Prevotella_sp_MGM2	0.3205462116
PWY-6122: 5-aminoimidazole ribonucleotide biosynthesis II|g__Muribaculum.s__Muribaculum_intestinale	0.0023172579
PWY-6122: 5-aminoimidazole ribonucleotide biosynthesis II|g__Helicobacter.s__Helicobacter_typhlonius	0.3428343518
PWY-6122: 5-aminoimidazole ribonucleotide biosynthesis II|g__Lachnospiraceae_unclassified.s__Lachnospiraceae_bacterium_A2	0.8912649832
PWY-6122: 5-aminoimidazole ribonucleotide biosynthesis II|g__Muribaculaceae_unclassified.s__Muribaculaceae_bacterium_DSM_103720	0.0194113582
PWY-6122: 5-aminoimidazole ribonucleotide biosynthesis II|g__Parabacteroides.s__Parabacteroides_distasonis	0.5450395120
PWY-6122: 5-aminoimidazole ribonucleotide biosynthesis II|g__Bifidobacterium.s__Bifidobacterium_pseudolongum	0.3567830266
PWY-6122: 5-aminoimidazole ribonucleotide biosynthesis II|g__Lachnospiraceae_unclassified.s__Lachnospiraceae_bacterium_10_1	0.7944544833
PWY-6122: 5-aminoimidazole ribonucleotide biosynthesis II|g__Bacteroides.s__Bacteroides_caecimuris	0.2620087448
PWY-6122: 5-aminoimidazole ribonucleotide biosynthesis II|g__Alistipes.s__Alistipes_timonensis	0.4020630081
PWY-6122: 5-aminoimidazole ribonucleotide biosynthesis II|g__Bacteroides.s__Bacteroides_uniformis	0.8165831870
PWY-6122: 5-aminoimidazole ribonucleotide biosynthesis II|g__Bacteroides.s__Bacteroides_uniformis_CAG_3	0.6623395313
PWY-6122: 5-aminoimidazole ribonucleotide biosynthesis II|g__Helicobacter.s__Helicobacter_hepaticus	0.3717021671
PWY-6122: 5-aminoimidazole ribonucleotide biosynthesis II|g__Bacteroides.s__Bacteroides_sartorii	0.3788576209
PWY-6122: 5-aminoimidazole ribonucleotide biosynthesis II|g__Firmicutes_unclassified.s__Firmicutes_bacterium_ASF500	0.0519257480
PWY-6277: superpathway of 5-aminoimidazole ribonucleotide biosynthesis	1.0000000000
PWY-6277: superpathway of 5-aminoimidazole ribonucleotide biosynthesis|unclassified	1.0000000000
PWY-6277: superpathway of 5-aminoimidazole ribonucleotide biosynthesis|g__Prevotella.s__Prevotella_sp_MGM2	0.3205462116
PWY-6277: superpathway of 5-aminoimidazole ribonucleotide biosynthesis|g__Muribaculum.s__Muribaculum_intestinale	0.0023172579
PWY-6277: superpathway of 5-aminoimidazole ribonucleotide biosynthesis|g__Helicobacter.s__Helicobacter_typhlonius	0.3428343518
PWY-6277: superpathway of 5-aminoimidazole ribonucleotide biosynthesis|g__Lachnospiraceae_unclassified.s__Lachnospiraceae_bacterium_A2	0.8912649832
PWY-6277: superpathway of 5-aminoimidazole ribonucleotide biosynthesis|g__Muribaculaceae_unclassified.s__Muribaculaceae_bacterium_DSM_103720	0.0194113582
PWY-6277: superpathway of 5-aminoimidazole ribonucleotide biosynthesis|g__Parabacteroides.s__Parabacteroides_distasonis	0.5450395120
PWY-6277: superpathway of 5-aminoimidazole ribonucleotide biosynthesis|g__Bifidobacterium.s__Bifidobacterium_pseudolongum	0.3567830266
PWY-6277: superpathway of 5-aminoimidazole ribonucleotide biosynthesis|g__Lachnospiraceae_unclassified.s__Lachnospiraceae_bacterium_10_1	0.7944544833
PWY-6277: superpathway of 5-aminoimidazole ribonucleotide biosynthesis|g__Bacteroides.s__Bacteroides_caecimuris	0.2620087448
PWY-6277: superpathway of 5-aminoimidazole ribonucleotide biosynthesis|g__Alistipes.s__Alistipes_timonensis	0.4020630081
PWY-6277: superpathway of 5-aminoimidazole ribonucleotide biosynthesis|g__Bacteroides.s__Bacteroides_uniformis	0.8165831870
PWY-6277: superpathway of 5-aminoimidazole ribonucleotide biosynthesis|g__Bacteroides.s__Bacteroides_uniformis_CAG_3	0.6623395313
PWY-6277: superpathway of 5-aminoimidazole ribonucleotide biosynthesis|g__Helicobacter.s__Helicobacter_hepaticus	0.3717021671
PWY-6277: superpathway of 5-aminoimidazole ribonucleotide biosynthesis|g__Bacteroides.s__Bacteroides_sartorii	0.3788576209
PWY-6277: superpathway of 5-aminoimidazole ribonucleotide biosynthesis|g__Firmicutes_unclassified.s__Firmicutes_bacterium_ASF500	0.0519257480
PWY-7221: guanosine ribonucleotides de novo biosynthesis	1.0000000000
PWY-7221: guanosine ribonucleotides de novo biosynthesis|unclassified	1.0000000000
PWY-7221: guanosine ribonucleotides de novo biosynthesis|g__Muribaculum.s__Muribaculum_intestinale	0.4203207611
PWY-7221: guanosine ribonucleotides de novo biosynthesis|g__Prevotella.s__Prevotella_sp_MGM2	0.0973246545
PWY-7221: guanosine ribonucleotides de novo biosynthesis|g__Helicobacter.s__Helicobacter_typhlonius	0.2746577826
PWY-7221: guanosine ribonucleotides de novo biosynthesis|g__Prevotella.s__Prevotella_sp_MGM1	0.5142875508
PWY-7221: guanosine ribonucleotides de novo biosynthesis|g__Muribaculaceae_unclassified.s__Muribaculaceae_bacterium_DSM_103720	0.3728408086
PWY-7221: guanosine ribonucleotides de novo biosynthesis|g__Parabacteroides.s__Parabacteroides_distasonis	0.8770742214
PWY-7221: guanosine ribonucleotides de novo biosynthesis|g__Lachnospiraceae_unclassified.s__Lachnospiraceae_bacterium_A2	0.5382512485
PWY-7221: guanosine ribonucleotides de novo biosynthesis|g__Mucispirillum.s__Mucispirillum_schaedleri	0.4783235259
PWY-7221: guanosine ribonucleotides de novo biosynthesis|g__Helicobacter.s__Helicobacter_hepaticus	0.8406776745
PWY-7221: guanosine ribonucleotides de novo biosynthesis|g__Bifidobacterium.s__Bifidobacterium_pseudolongum	0.0005956369
PWY-7221: guanosine ribonucleotides de novo biosynthesis|g__Lachnospiraceae_unclassified.s__Lachnospiraceae_bacterium_10_1	0.1498907401
PWY-7221: guanosine ribonucleotides de novo biosynthesis|g__Bacteroides.s__Bacteroides_sartorii	0.7760617206
PWY-7221: guanosine ribonucleotides de novo biosynthesis|g__Bacteroides.s__Bacteroides_uniformis	0.5014092403
PWY-7221: guanosine ribonucleotides de novo biosynthesis|g__Firmicutes_unclassified.s__Firmicutes_bacterium_ASF500	0.1155408449
PWY-7221: guanosine ribonucleotides de novo biosynthesis|g__Bacteroides.s__Bacteroides_caecimuris	0.0008619949
PWY-7221: guanosine ribonucleotides de novo biosynthesis|g__Bacteroides.s__Bacteroides_uniformis_CAG_3	0.0217348137
PWY-6123: inosine-5'-phosphate biosynthesis I	1.0000000000
PWY-6123: inosine-5'-phosphate biosynthesis I|unclassified	1.0000000000
PWY-6123: inosine-5'-phosphate biosynthesis I|g__Muribaculum.s__Muribaculum_intestinale	0.0502452202
PWY-6123: inosine-5'-phosphate biosynthesis I|g__Helicobacter.s__Helicobacter_typhlonius	0.0000626455
PWY-6123: inosine-5'-phosphate biosynthesis I|g__Muribaculaceae_unclassified.s__Muribaculaceae_bacterium_DSM_103720	0.2857634898
PWY-6123: inosine-5'-phosphate biosynthesis I|g__Bacteroides.s__Bacteroides_caecimuris	0.9807163302
PWY-6123: inosine-5'-phosphate biosynthesis I|g__Parabacteroides.s__Parabacteroides_distasonis	0.0028446918
PWY-6123: inosine-5'-phosphate biosynthesis I|g__Bifidobacterium.s__Bifidobacterium_pseudolongum	0.0693724364
PWY-6123: inosine-5'-phosphate biosynthesis I|g__Alistipes.s__Alistipes_timonensis	0.3191487100
PWY-6123: inosine-5'-phosphate biosynthesis I|g__Mucispirillum.s__Mucispirillum_schaedleri	0.2655155360
PWY-6123: inosine-5'-phosphate biosynthesis I|g__Bacteroides.s__Bacteroides_uniformis_CAG_3	0.6489016376
PWY-6123: inosine-5'-phosphate biosynthesis I|g__Bacteroides.s__Bacteroides_uniformis	0.4039066489
PWY-6123: inosine-5'-phosphate biosynthesis I|g__Bacteroides.s__Bacteroides_sartorii	0.0258113233
PWY-6123: inosine-5'-phosphate biosynthesis I|g__Bacteroides.s__Bacteroides_faecichinchillae	0.5795332750
PWY-6609: adenine and adenosine salvage III	1.0000000000
PWY-6609: adenine and adenosine salvage III|unclassified	1.0000000000
PWY-6609: adenine and adenosine salvage III|g__Muribaculum.s__Muribaculum_intestinale	0.9454639451
PWY-6609: adenine and adenosine salvage III|g__Muribaculaceae_unclassified.s__Muribaculaceae_bacterium_DSM_103720	0.5610044063
PWY-6609: adenine and adenosine salvage III|g__Lachnospiraceae_unclassified.s__Lachnospiraceae_bacterium_A2	0.3386090114
PWY-6609: adenine and adenosine salvage III|g__Parabacteroides.s__Parabacteroides_distasonis	0.0578502584
PWY-6609: adenine and adenosine salvage III|g__Bacteroides.s__Bacteroides_caecimuris	0.4646651119
PWY-6609: adenine and adenosine salvage III|g__Bacteroides.s__Bacteroides_uniformis_CAG_3	0.8091520413
PWY-6609: adenine and adenosine salvage III|g__Bacteroides.s__Bacteroides_sartorii	0.5928976344
PWY-6609: adenine and adenosine salvage III|g__Bacteroides.s__Bacteroides_uniformis	0.4012851283
PWY-6609: adenine and adenosine salvage III|g__Lactobacillus.s__Lactobacillus_reuteri	0.4050028854
PWY-6124: inosine-5'-phosphate biosynthesis II	1.0000000000
PWY-6124: inosine-5'-phosphate biosynthesis II|unclassified	1.0000000000
PWY-6124: inosine-5'-phosphate biosynthesis II|g__Muribaculum.s__Muribaculum_intestinale	0.0422279156
PWY-6124: inosine-5'-phosphate biosynthesis II|g__Helicobacter.s__Helicobacter_typhlonius	0.0000522087
PWY-6124: inosine-5'-phosphate biosynthesis II|g__Muribaculaceae_unclassified.s__Muribaculaceae_bacterium_DSM_103720	0.2531490103
PWY-6124: inosine-5'-phosphate biosynthesis II|g__Bacteroides.s__Bacteroides_caecimuris	0.9810965877
PWY-6124: inosine-5'-phosphate biosynthesis II|g__Parabacteroides.s__Parabacteroides_distasonis	0.0023717671
PWY-6124: inosine-5'-phosphate biosynthesis II|g__Bifidobacterium.s__Bifidobacterium_pseudolongum	0.0431802680
PWY-6124: inosine-5'-phosphate biosynthesis II|g__Mucispirillum.s__Mucispirillum_schaedleri	0.3910831084
PWY-6124: inosine-5'-phosphate biosynthesis II|g__Alistipes.s__Alistipes_timonensis	0.1168344451
PWY-6124: inosine-5'-phosphate biosynthesis II|g__Bacteroides.s__Bacteroides_sartorii	0.4257003973
PWY-6124: inosine-5'-phosphate biosynthesis II|g__Bacteroides.s__Bacteroides_uniformis_CAG_3	0.6103891080
PWY-6124: inosine-5'-phosphate biosynthesis II|g__Bacteroides.s__Bacteroides_uniformis	0.4019807478
PWY-6124: inosine-5'-phosphate biosynthesis II|g__Bacteroides.s__Bacteroides_faecichinchillae	0.5348126035
PANTO-PWY: phosphopantothenate biosynthesis I	1.0000000000
PANTO-PWY: phosphopantothenate biosynthesis I|unclassified	1.0000000000
PANTO-PWY: phosphopantothenate biosynthesis I|g__Muribaculum.s__Muribaculum_intestinale	0.7595444999
PANTO-PWY: phosphopantothenate biosynthesis I|g__Prevotella.s__Prevotella_sp_MGM2	0.0002297226
PANTO-PWY: phosphopantothenate biosynthesis I|g__Helicobacter.s__Helicobacter_typhlonius	0.0044242753
PANTO-PWY: phosphopantothenate biosynthesis I|g__Muribaculaceae_unclassified.s__Muribaculaceae_bacterium_DSM_103720	0.1877917214
PANTO-PWY: phosphopantothenate biosynthesis I|g__Prevotella.s__Prevotella_sp_MGM1	0.0072330773
PANTO-PWY: phosphopantothenate biosynthesis I|g__Lachnospiraceae_unclassified.s__Lachnospiraceae_bacterium_A2	0.2093141169
PANTO-PWY: phosphopantothenate biosynthesis I|g__Parabacteroides.s__Parabacteroides_distasonis	0.2858662179
PANTO-PWY: phosphopantothenate biosynthesis I|g__Bacteroides.s__Bacteroides_caecimuris	0.4747675310
PANTO-PWY: phosphopantothenate biosynthesis I|g__Alistipes.s__Alistipes_timonensis	0.3672384289
PANTO-PWY: phosphopantothenate biosynthesis I|g__Bacteroides.s__Bacteroides_sartorii	0.7199731572
PANTO-PWY: phosphopantothenate biosynthesis I|g__Bacteroides.s__Bacteroides_uniformis	0.4384038351
PANTO-PWY: phosphopantothenate biosynthesis I|g__Bacteroides.s__Bacteroides_uniformis_CAG_3	0.3217832625
PWY-7228: superpathway of guanosine nucleotides de novo biosynthesis I	1.0000000000
PWY-7228: superpathway of guanosine nucleotides de novo biosynthesis I|unclassified	1.0000000000
PWY-7228: superpathway of guanosine nucleotides de novo biosynthesis I|g__Muribaculum.s__Muribaculum_intestinale	0.0951206216
PWY-7228: superpathway of guanosine nucleotides de novo biosynthesis I|g__Helicobacter.s__Helicobacter_typhlonius	0.3409280363
PWY-7228: superpathway of guanosine nucleotides de novo biosynthesis I|g__Muribaculaceae_unclassified.s__Muribaculaceae_bacterium_DSM_103720	0.0548115509
PWY-7228: superpathway of guanosine nucleotides de novo biosynthesis I|g__Parabacteroides.s__Parabacteroides_distasonis	0.6437519389
PWY-7228: superpathway of guanosine nucleotides de novo biosynthesis I|g__Mucispirillum.s__Mucispirillum_schaedleri	0.4498118720
PWY-7228: superpathway of guanosine nucleotides de novo biosynthesis I|g__Helicobacter.s__Helicobacter_hepaticus	0.7959095570
PEPTIDOGLYCANSYN-PWY: peptidoglycan biosynthesis I (meso-diaminopimelate containing)	1.0000000000
PEPTIDOGLYCANSYN-PWY: peptidoglycan biosynthesis I (meso-diaminopimelate containing)|unclassified	0.0001361932
PEPTIDOGLYCANSYN-PWY: peptidoglycan biosynthesis I (meso-diaminopimelate containing)|g__Muribaculum.s__Muribaculum_intestinale	0.0039285836
PEPTIDOGLYCANSYN-PWY: peptidoglycan biosynthesis I (meso-diaminopimelate containing)|g__Prevotella.s__Prevotella_sp_MGM2	0.1046837049
PEPTIDOGLYCANSYN-PWY: peptidoglycan biosynthesis I (meso-diaminopimelate containing)|g__Helicobacter.s__Helicobacter_typhlonius	0.3033390623
PEPTIDOGLYCANSYN-PWY: peptidoglycan biosynthesis I (meso-diaminopimelate containing)|g__Lachnospiraceae_unclassified.s__Lachnospiraceae_bacterium_A2	0.2603857474
PEPTIDOGLYCANSYN-PWY: peptidoglycan biosynthesis I (meso-diaminopimelate containing)|g__Parabacteroides.s__Parabacteroides_distasonis	0.5277971843
PEPTIDOGLYCANSYN-PWY: peptidoglycan biosynthesis I (meso-diaminopimelate containing)|g__Bifidobacterium.s__Bifidobacterium_pseudolongum	0.3837896830
PEPTIDOGLYCANSYN-PWY: peptidoglycan biosynthesis I (meso-diaminopimelate containing)|g__Mucispirillum.s__Mucispirillum_schaedleri	0.0682760672
PEPTIDOGLYCANSYN-PWY: peptidoglycan biosynthesis I (meso-diaminopimelate containing)|g__Bacteroides.s__Bacteroides_uniformis	0.6457831521
PEPTIDOGLYCANSYN-PWY: peptidoglycan biosynthesis I (meso-diaminopimelate containing)|g__Bacteroides.s__Bacteroides_caecimuris	0.0085293457
PEPTIDOGLYCANSYN-PWY: peptidoglycan biosynthesis I (meso-diaminopimelate containing)|g__Lactobacillus.s__Lactobacillus_johnsonii	0.1593935164
PEPTIDOGLYCANSYN-PWY: peptidoglycan biosynthesis I (meso-diaminopimelate containing)|g__Bacteroides.s__Bacteroides_uniformis_CAG_3	0.2309626040
PWY-6125: superpathway of guanosine nucleotides de novo biosynthesis II	1.0000000000
PWY-6125: superpathway of guanosine nucleotides de novo biosynthesis II|unclassified	1.0000000000
PWY-6125: superpathway of guanosine nucleotides de novo biosynthesis II|g__Muribaculum.s__Muribaculum_intestinale	0.0000427346
PWY-6125: superpathway of guanosine nucleotides de novo biosynthesis II|g__Helicobacter.s__Helicobacter_typhlonius	0.0000000011
PWY-6125: superpathway of guanosine nucleotides de novo biosynthesis II|g__Muribaculaceae_unclassified.s__Muribaculaceae_bacterium_DSM_103720	0.0089032469
PWY-6125: superpathway of guanosine nucleotides de novo biosynthesis II|g__Parabacteroides.s__Parabacteroides_distasonis	0.5231249545
PWY-6125: superpathway of guanosine nucleotides de novo biosynthesis II|g__Mucispirillum.s__Mucispirillum_schaedleri	0.2667952109
PWY-6125: superpathway of guanosine nucleotides de novo biosynthesis II|g__Helicobacter.s__Helicobacter_hepaticus	0.5900031432
1CMET2-PWY: N10-formyl-tetrahydrofolate biosynthesis	0.9999277912
1CMET2-PWY: N10-formyl-tetrahydrofolate biosynthesis|unclassified	0.8912962955
1CMET2-PWY: N10-formyl-tetrahydrofolate biosynthesis|g__Muribaculum.s__Muribaculum_intestinale	0.0882683052
1CMET2-PWY: N10-formyl-tetrahydrofolate biosynthesis|g__Prevotella.s__Prevotella_sp_MGM1	0.0012237881
1CMET2-PWY: N10-formyl-tetrahydrofolate biosynthesis|g__Muribaculaceae_unclassified.s__Muribaculaceae_bacterium_DSM_103720	0.0013298865
1CMET2-PWY: N10-formyl-tetrahydrofolate biosynthesis|g__Lachnospiraceae_unclassified.s__Lachnospiraceae_bacterium_A2	0.0063574471
1CMET2-PWY: N10-formyl-tetrahydrofolate biosynthesis|g__Parabacteroides.s__Parabacteroides_distasonis	0.2578783986
1CMET2-PWY: N10-formyl-tetrahydrofolate biosynthesis|g__Bacteroides.s__Bacteroides_sartorii	0.4084261880
1CMET2-PWY: N10-formyl-tetrahydrofolate biosynthesis|g__Bacteroides.s__Bacteroides_caecimuris	0.0000554364
1CMET2-PWY: N10-formyl-tetrahydrofolate biosynthesis|g__Bacteroides.s__Bacteroides_uniformis_CAG_3	0.0689135787
1CMET2-PWY: N10-formyl-tetrahydrofolate biosynthesis|g__Bacteroides.s__Bacteroides_uniformis	0.0027609362
GLUCONEO-PWY: gluconeogenesis I	0.0000000000
GLUCONEO-PWY: gluconeogenesis I|unclassified	0.0000000000
GLUCONEO-PWY: gluconeogenesis I|g__Helicobacter.s__Helicobacter_typhlonius	0.0015601801
PWY-841: superpathway of purine nucleotides de novo biosynthesis I	0.9740226071
PWY-841: superpathway of purine nucleotides de novo biosynthesis I|unclassified	0.9999999947
PWY-6387: UDP-N-acetylmuramoyl-pentapeptide biosynthesis I (meso-diaminopimelate containing)	1.0000000000
PWY-6387: UDP-N-acetylmuramoyl-pentapeptide biosynthesis I (meso-diaminopimelate containing)|unclassified	0.0001089575
PWY-6387: UDP-N-acetylmuramoyl-pentapeptide biosynthesis I (meso-diaminopimelate containing)|g__Muribaculum.s__Muribaculum_intestinale	0.0031456972
PWY-6387: UDP-N-acetylmuramoyl-pentapeptide biosynthesis I (meso-diaminopimelate containing)|g__Prevotella.s__Prevotella_sp_MGM2	0.0913132604
PWY-6387: UDP-N-acetylmuramoyl-pentapeptide biosynthesis I (meso-diaminopimelate containing)|g__Helicobacter.s__Helicobacter_typhlonius	0.3775768897
PWY-6387: UDP-N-acetylmuramoyl-pentapeptide biosynthesis I (meso-diaminopimelate containing)|g__Lachnospiraceae_unclassified.s__Lachnospiraceae_bacterium_A2	0.2655753636
PWY-6387: UDP-N-acetylmuramoyl-pentapeptide biosynthesis I (meso-diaminopimelate containing)|g__Parabacteroides.s__Parabacteroides_distasonis	0.4777572096
PWY-6387: UDP-N-acetylmuramoyl-pentapeptide biosynthesis I (meso-diaminopimelate containing)|g__Bifidobacterium.s__Bifidobacterium_pseudolongum	0.4236974850
PWY-6387: UDP-N-acetylmuramoyl-pentapeptide biosynthesis I (meso-diaminopimelate containing)|g__Mucispirillum.s__Mucispirillum_schaedleri	0.0572998095
PWY-6387: UDP-N-acetylmuramoyl-pentapeptide biosynthesis I (meso-diaminopimelate containing)|g__Bacteroides.s__Bacteroides_uniformis	0.7597807337
PWY-6387: UDP-N-acetylmuramoyl-pentapeptide biosynthesis I (meso-diaminopimelate containing)|g__Bacteroides.s__Bacteroides_caecimuris	0.0140425033
PWY-6387: UDP-N-acetylmuramoyl-pentapeptide biosynthesis I (meso-diaminopimelate containing)|g__Lactobacillus.s__Lactobacillus_johnsonii	0.1416750127
PWY-6387: UDP-N-acetylmuramoyl-pentapeptide biosynthesis I (meso-diaminopimelate containing)|g__Bacteroides.s__Bacteroides_uniformis_CAG_3	0.3394615352
PWY-6385: peptidoglycan biosynthesis III (mycobacteria)	1.0000000000
PWY-6385: peptidoglycan biosynthesis III (mycobacteria)|unclassified	0.0001361930
PWY-6385: peptidoglycan biosynthesis III (mycobacteria)|g__Prevotella.s__Prevotella_sp_MGM2	0.1045238707
PWY-6385: peptidoglycan biosynthesis III (mycobacteria)|g__Helicobacter.s__Helicobacter_typhlonius	0.4265763256
PWY-6385: peptidoglycan biosynthesis III (mycobacteria)|g__Lachnospiraceae_unclassified.s__Lachnospiraceae_bacterium_A2	0.2504117152
PWY-6385: peptidoglycan biosynthesis III (mycobacteria)|g__Parabacteroides.s__Parabacteroides_distasonis	0.0068705144
PWY-6385: peptidoglycan biosynthesis III (mycobacteria)|g__Bacteroides.s__Bacteroides_uniformis	0.6299332757
PWY-6385: peptidoglycan biosynthesis III (mycobacteria)|g__Bacteroides.s__Bacteroides_uniformis_CAG_3	0.2725140052
PWY-2942: L-lysine biosynthesis III	1.0000000000
PWY-2942: L-lysine biosynthesis III|unclassified	0.9063157100
PWY-2942: L-lysine biosynthesis III|g__Muribaculum.s__Muribaculum_intestinale	0.0165184205
PWY-2942: L-lysine biosynthesis III|g__Prevotella.s__Prevotella_sp_MGM2	0.0056991010
PWY-2942: L-lysine biosynthesis III|g__Helicobacter.s__Helicobacter_typhlonius	0.0000114964
PWY-2942: L-lysine biosynthesis III|g__Parabacteroides.s__Parabacteroides_distasonis	0.7872318032
PWY-2942: L-lysine biosynthesis III|g__Bifidobacterium.s__Bifidobacterium_pseudolongum	0.6199326276
PWY-2942: L-lysine biosynthesis III|g__Bacteroides.s__Bacteroides_caecimuris	0.3293959921
PWY-2942: L-lysine biosynthesis III|g__Mucispirillum.s__Mucispirillum_schaedleri	0.0190794537
PWY-2942: L-lysine biosynthesis III|g__Lactobacillus.s__Lactobacillus_johnsonii	0.4577761600
PWY-2942: L-lysine biosynthesis III|g__Helicobacter.s__Helicobacter_hepaticus	0.5585502075
PWY-2942: L-lysine biosynthesis III|g__Bacteroides.s__Bacteroides_uniformis	0.0691943724
PWY-2942: L-lysine biosynthesis III|g__Bacteroides.s__Bacteroides_uniformis_CAG_3	0.0123777316
COA-PWY-1: coenzyme A biosynthesis II (mammalian)	1.0000000000
COA-PWY-1: coenzyme A biosynthesis II (mammalian)|unclassified	1.0000000000
COA-PWY-1: coenzyme A biosynthesis II (mammalian)|g__Muribaculum.s__Muribaculum_intestinale	0.1877104682
COA-PWY-1: coenzyme A biosynthesis II (mammalian)|g__Prevotella.s__Prevotella_sp_MGM2	0.2415222387
COA-PWY-1: coenzyme A biosynthesis II (mammalian)|g__Helicobacter.s__Helicobacter_typhlonius	0.1248248031
COA-PWY-1: coenzyme A biosynthesis II (mammalian)|g__Prevotella.s__Prevotella_sp_MGM1	0.1559631302
COA-PWY-1: coenzyme A biosynthesis II (mammalian)|g__Lachnospiraceae_unclassified.s__Lachnospiraceae_bacterium_A2	0.5086617400
COA-PWY-1: coenzyme A biosynthesis II (mammalian)|g__Muribaculaceae_unclassified.s__Muribaculaceae_bacterium_DSM_103720	0.0010647483
COA-PWY-1: coenzyme A biosynthesis II (mammalian)|g__Parabacteroides.s__Parabacteroides_distasonis	0.1013563382
COA-PWY-1: coenzyme A biosynthesis II (mammalian)|g__Bifidobacterium.s__Bifidobacterium_pseudolongum	0.1578906316
COA-PWY-1: coenzyme A biosynthesis II (mammalian)|g__Alistipes.s__Alistipes_timonensis	0.3902386316
COA-PWY-1: coenzyme A biosynthesis II (mammalian)|g__Bacteroides.s__Bacteroides_caecimuris	0.0674362081
COA-PWY-1: coenzyme A biosynthesis II (mammalian)|g__Bacteroides.s__Bacteroides_uniformis_CAG_3	0.6559079615
COA-PWY-1: coenzyme A biosynthesis II (mammalian)|g__Lactobacillus.s__Lactobacillus_johnsonii	0.4327669149
COA-PWY-1: coenzyme A biosynthesis II (mammalian)|g__Bacteroides.s__Bacteroides_sartorii	0.3249637659
COA-PWY-1: coenzyme A biosynthesis II (mammalian)|g__Bacteroides.s__Bacteroides_uniformis	0.3638822348
COA-PWY-1: coenzyme A biosynthesis II (mammalian)|g__Helicobacter.s__Helicobacter_hepaticus	0.2684818433
COA-PWY-1: coenzyme A biosynthesis II (mammalian)|g__Romboutsia.s__Romboutsia_ilealis	0.4946314967
COA-PWY: coenzyme A biosynthesis I	1.0000000000
COA-PWY: coenzyme A biosynthesis I|unclassified	1.0000000000
COA-PWY: coenzyme A biosynthesis I|g__Muribaculum.s__Muribaculum_intestinale	0.1454807543
COA-PWY: coenzyme A biosynthesis I|g__Prevotella.s__Prevotella_sp_MGM2	0.0129576083
COA-PWY: coenzyme A biosynthesis I|g__Helicobacter.s__Helicobacter_typhlonius	0.1308691036
COA-PWY: coenzyme A biosynthesis I|g__Prevotella.s__Prevotella_sp_MGM1	0.3161458745
COA-PWY: coenzyme A biosynthesis I|g__Lachnospiraceae_unclassified.s__Lachnospiraceae_bacterium_A2	0.5733289605
COA-PWY: coenzyme A biosynthesis I|g__Muribaculaceae_unclassified.s__Muribaculaceae_bacterium_DSM_103720	0.0007140065
COA-PWY: coenzyme A biosynthesis I|g__Alistipes.s__Alistipes_timonensis	0.3836652790
COA-PWY: coenzyme A biosynthesis I|g__Parabacteroides.s__Parabacteroides_distasonis	0.0000009075
COA-PWY: coenzyme A biosynthesis I|g__Lactobacillus.s__Lactobacillus_johnsonii	0.6596643277
COA-PWY: coenzyme A biosynthesis I|g__Bacteroides.s__Bacteroides_caecimuris	0.0477942597
COA-PWY: coenzyme A biosynthesis I|g__Bacteroides.s__Bacteroides_uniformis_CAG_3	0.6559079615
COA-PWY: coenzyme A biosynthesis I|g__Bacteroides.s__Bacteroides_sartorii	0.1851471663
COA-PWY: coenzyme A biosynthesis I|g__Helicobacter.s__Helicobacter_hepaticus	0.2684818433
COA-PWY: coenzyme A biosynthesis I|g__Bacteroides.s__Bacteroides_uniformis	0.0762702719
PWY-5695: urate biosynthesis/inosine 5'-phosphate degradation	1.0000000000
PWY-5695: urate biosynthesis/inosine 5'-phosphate degradation|unclassified	0.6142735303
PWY-5695: urate biosynthesis/inosine 5'-phosphate degradation|g__Muribaculum.s__Muribaculum_intestinale	0.0561023749
PWY-5695: urate biosynthesis/inosine 5'-phosphate degradation|g__Muribaculaceae_unclassified.s__Muribaculaceae_bacterium_DSM_103720	0.2175525205
PWY-5695: urate biosynthesis/inosine 5'-phosphate degradation|g__Parabacteroides.s__Parabacteroides_distasonis	0.2623067974
PWY-5695: urate biosynthesis/inosine 5'-phosphate degradation|g__Bacteroides.s__Bacteroides_sartorii	0.6515994461
PWY-5695: urate biosynthesis/inosine 5'-phosphate degradation|g__Bacteroides.s__Bacteroides_uniformis	0.4039626190
PWY-5695: urate biosynthesis/inosine 5'-phosphate degradation|g__Lactobacillus.s__Lactobacillus_reuteri	0.5640753961
PWY-5695: urate biosynthesis/inosine 5'-phosphate degradation|g__Bacteroides.s__Bacteroides_uniformis_CAG_3	0.1413344766
PWY-7220: adenosine deoxyribonucleotides de novo biosynthesis II	1.0000000000
PWY-7220: adenosine deoxyribonucleotides de novo biosynthesis II|unclassified	1.0000000000
PWY-7220: adenosine deoxyribonucleotides de novo biosynthesis II|g__Muribaculum.s__Muribaculum_intestinale	0.0000183186
PWY-7220: adenosine deoxyribonucleotides de novo biosynthesis II|g__Helicobacter.s__Helicobacter_typhlonius	0.5916123303
PWY-7220: adenosine deoxyribonucleotides de novo biosynthesis II|g__Parabacteroides.s__Parabacteroides_distasonis	0.4968170800
PWY-7220: adenosine deoxyribonucleotides de novo biosynthesis II|g__Muribaculaceae_unclassified.s__Muribaculaceae_bacterium_DSM_103720	0.0040254421
PWY-7220: adenosine deoxyribonucleotides de novo biosynthesis II|g__Bifidobacterium.s__Bifidobacterium_pseudolongum	0.6309721123
PWY-7220: adenosine deoxyribonucleotides de novo biosynthesis II|g__Mucispirillum.s__Mucispirillum_schaedleri	0.3844547318
PWY-7220: adenosine deoxyribonucleotides de novo biosynthesis II|g__Bacteroides.s__Bacteroides_caecimuris	0.4032680568
PWY-7220: adenosine deoxyribonucleotides de novo biosynthesis II|g__Helicobacter.s__Helicobacter_hepaticus	0.4344220368
PWY-7220: adenosine deoxyribonucleotides de novo biosynthesis II|g__Bacteroides.s__Bacteroides_faecichinchillae	0.3366916328
PWY-7222: guanosine deoxyribonucleotides de novo biosynthesis II	1.0000000000
PWY-7222: guanosine deoxyribonucleotides de novo biosynthesis II|unclassified	1.0000000000
PWY-7222: guanosine deoxyribonucleotides de novo biosynthesis II|g__Muribaculum.s__Muribaculum_intestinale	0.0000183186
PWY-7222: guanosine deoxyribonucleotides de novo biosynthesis II|g__Helicobacter.s__Helicobacter_typhlonius	0.5916123303
PWY-7222: guanosine deoxyribonucleotides de novo biosynthesis II|g__Parabacteroides.s__Parabacteroides_distasonis	0.4968170800
PWY-7222: guanosine deoxyribonucleotides de novo biosynthesis II|g__Muribaculaceae_unclassified.s__Muribaculaceae_bacterium_DSM_103720	0.0040254421
PWY-7222: guanosine deoxyribonucleotides de novo biosynthesis II|g__Bifidobacterium.s__Bifidobacterium_pseudolongum	0.6309721123
PWY-7222: guanosine deoxyribonucleotides de novo biosynthesis II|g__Mucispirillum.s__Mucispirillum_schaedleri	0.3844547318
PWY-7222: guanosine deoxyribonucleotides de novo biosynthesis II|g__Bacteroides.s__Bacteroides_caecimuris	0.4032680568
PWY-7222: guanosine deoxyribonucleotides de novo biosynthesis II|g__Helicobacter.s__Helicobacter_hepaticus	0.4344220368
PWY-7222: guanosine deoxyribonucleotides de novo biosynthesis II|g__Bacteroides.s__Bacteroides_faecichinchillae	0.3366916328
PWY-6121: 5-aminoimidazole ribonucleotide biosynthesis I	0.9999999851
PWY-6121: 5-aminoimidazole ribonucleotide biosynthesis I|unclassified	1.0000000000
PWY-6121: 5-aminoimidazole ribonucleotide biosynthesis I|g__Helicobacter.s__Helicobacter_typhlonius	0.3840900362
PWY-6121: 5-aminoimidazole ribonucleotide biosynthesis I|g__Lachnospiraceae_unclassified.s__Lachnospiraceae_bacterium_A2	0.4269418394
PWY-6121: 5-aminoimidazole ribonucleotide biosynthesis I|g__Muribaculaceae_unclassified.s__Muribaculaceae_bacterium_DSM_103720	0.0241441005
PWY-6121: 5-aminoimidazole ribonucleotide biosynthesis I|g__Parabacteroides.s__Parabacteroides_distasonis	0.5765093134
PWY-6121: 5-aminoimidazole ribonucleotide biosynthesis I|g__Bacteroides.s__Bacteroides_caecimuris	0.3018688252
PWY-6121: 5-aminoimidazole ribonucleotide biosynthesis I|g__Alistipes.s__Alistipes_timonensis	0.2326669457
PWY-6121: 5-aminoimidazole ribonucleotide biosynthesis I|g__Bacteroides.s__Bacteroides_uniformis_CAG_3	0.7101939666
PWY-6121: 5-aminoimidazole ribonucleotide biosynthesis I|g__Firmicutes_unclassified.s__Firmicutes_bacterium_ASF500	0.0517406929
PWY-6121: 5-aminoimidazole ribonucleotide biosynthesis I|g__Helicobacter.s__Helicobacter_hepaticus	0.2030135696
PWY-6121: 5-aminoimidazole ribonucleotide biosynthesis I|g__Bacteroides.s__Bacteroides_sartorii	0.1309201467
PWY-6121: 5-aminoimidazole ribonucleotide biosynthesis I|g__Bacteroides.s__Bacteroides_uniformis	0.0172140342
PANTOSYN-PWY: pantothenate and coenzyme A biosynthesis I	0.9819663972
PANTOSYN-PWY: pantothenate and coenzyme A biosynthesis I|unclassified	0.0000000000
PANTOSYN-PWY: pantothenate and coenzyme A biosynthesis I|g__Muribaculum.s__Muribaculum_intestinale	0.1551801217
PANTOSYN-PWY: pantothenate and coenzyme A biosynthesis I|g__Prevotella.s__Prevotella_sp_MGM2	0.0005078336
PANTOSYN-PWY: pantothenate and coenzyme A biosynthesis I|g__Helicobacter.s__Helicobacter_typhlonius	0.0088876696
PANTOSYN-PWY: pantothenate and coenzyme A biosynthesis I|g__Prevotella.s__Prevotella_sp_MGM1	0.0157004214
PANTOSYN-PWY: pantothenate and coenzyme A biosynthesis I|g__Lachnospiraceae_unclassified.s__Lachnospiraceae_bacterium_A2	0.0035596106
PANTOSYN-PWY: pantothenate and coenzyme A biosynthesis I|g__Muribaculaceae_unclassified.s__Muribaculaceae_bacterium_DSM_103720	0.0003481880
PANTOSYN-PWY: pantothenate and coenzyme A biosynthesis I|g__Parabacteroides.s__Parabacteroides_distasonis	0.0000020402
PANTOSYN-PWY: pantothenate and coenzyme A biosynthesis I|g__Bacteroides.s__Bacteroides_caecimuris	0.0315560199
PANTOSYN-PWY: pantothenate and coenzyme A biosynthesis I|g__Bacteroides.s__Bacteroides_uniformis_CAG_3	0.4603743173
PANTOSYN-PWY: pantothenate and coenzyme A biosynthesis I|g__Bacteroides.s__Bacteroides_sartorii	0.2618671242
PANTOSYN-PWY: pantothenate and coenzyme A biosynthesis I|g__Bacteroides.s__Bacteroides_uniformis	0.1090424774
PWY-7229: superpathway of adenosine nucleotides de novo biosynthesis I	0.9109207054
PWY-7229: superpathway of adenosine nucleotides de novo biosynthesis I|unclassified	1.0000000000
PWY-7229: superpathway of adenosine nucleotides de novo biosynthesis I|g__Bifidobacterium.s__Bifidobacterium_pseudolongum	0.2555539719
PWY-7229: superpathway of adenosine nucleotides de novo biosynthesis I|g__Parabacteroides.s__Parabacteroides_distasonis	0.0028369824
ANAGLYCOLYSIS-PWY: glycolysis III (from glucose)	0.0000000000
ANAGLYCOLYSIS-PWY: glycolysis III (from glucose)|unclassified	0.0000000000
PWY-6126: superpathway of adenosine nucleotides de novo biosynthesis II	0.9226621473
PWY-6126: superpathway of adenosine nucleotides de novo biosynthesis II|unclassified	1.0000000000
PWY-6126: superpathway of adenosine nucleotides de novo biosynthesis II|g__Bifidobacterium.s__Bifidobacterium_pseudolongum	0.2100032509
PWY-6126: superpathway of adenosine nucleotides de novo biosynthesis II|g__Parabacteroides.s__Parabacteroides_distasonis	0.0033060925
CALVIN-PWY: Calvin-Benson-Bassham cycle	0.0000000000
CALVIN-PWY: Calvin-Benson-Bassham cycle|unclassified	0.0000000000
CALVIN-PWY: Calvin-Benson-Bassham cycle|g__Helicobacter.s__Helicobacter_typhlonius	0.0001730767
PWY66-400: glycolysis VI (metazoan)	0.0000000000
PWY66-400: glycolysis VI (metazoan)|unclassified	0.0000000000
PWY-5973: cis-vaccenate biosynthesis	0.3625359269
PWY-5973: cis-vaccenate biosynthesis|unclassified	0.0000000000
PWY-5973: cis-vaccenate biosynthesis|g__Helicobacter.s__Helicobacter_typhlonius	0.0011561376
PWY-5973: cis-vaccenate biosynthesis|g__Prevotella.s__Prevotella_sp_MGM1	0.1350957748
PWY-5973: cis-vaccenate biosynthesis|g__Parabacteroides.s__Parabacteroides_distasonis	0.2440288468
PWY-5973: cis-vaccenate biosynthesis|g__Bacteroides.s__Bacteroides_caecimuris	0.5033973485
PWY-5973: cis-vaccenate biosynthesis|g__Alistipes.s__Alistipes_timonensis	0.0891966705
PWY-5973: cis-vaccenate biosynthesis|g__Bacteroides.s__Bacteroides_uniformis	0.1427387535
PWY-5973: cis-vaccenate biosynthesis|g__Bacteroides.s__Bacteroides_uniformis_CAG_3	0.1216795678
PWY-5097: L-lysine biosynthesis VI	0.9997961747
PWY-5097: L-lysine biosynthesis VI|unclassified	0.8531753566
PWY-5097: L-lysine biosynthesis VI|g__Muribaculum.s__Muribaculum_intestinale	0.0173067647
PWY-5097: L-lysine biosynthesis VI|g__Helicobacter.s__Helicobacter_typhlonius	0.0000132727
PWY-5097: L-lysine biosynthesis VI|g__Bifidobacterium.s__Bifidobacterium_pseudolongum	0.6527622032
PWY-5097: L-lysine biosynthesis VI|g__Parabacteroides.s__Parabacteroides_distasonis	0.3209609479
PWY-5097: L-lysine biosynthesis VI|g__Bacteroides.s__Bacteroides_caecimuris	0.3807654127
PWY-5097: L-lysine biosynthesis VI|g__Helicobacter.s__Helicobacter_hepaticus	0.5167962394
PWY-5097: L-lysine biosynthesis VI|g__Bacteroides.s__Bacteroides_uniformis	0.0972163594
PWY-5097: L-lysine biosynthesis VI|g__Bacteroides.s__Bacteroides_uniformis_CAG_3	0.0136715486
GLYCOLYSIS: glycolysis I (from glucose 6-phosphate)	0.0000000000
GLYCOLYSIS: glycolysis I (from glucose 6-phosphate)|unclassified	0.0000000000
PYRIDNUCSYN-PWY: NAD biosynthesis I (from aspartate)	0.0041004582
PYRIDNUCSYN-PWY: NAD biosynthesis I (from aspartate)|unclassified	0.0000000635
PYRIDNUCSYN-PWY: NAD biosynthesis I (from aspartate)|g__Helicobacter.s__Helicobacter_typhlonius	0.0079073503
PYRIDNUCSYN-PWY: NAD biosynthesis I (from aspartate)|g__Parabacteroides.s__Parabacteroides_distasonis	0.0690282835
PWY-6386: UDP-N-acetylmuramoyl-pentapeptide biosynthesis II (lysine-containing)	0.0455156875
PWY-6386: UDP-N-acetylmuramoyl-pentapeptide biosynthesis II (lysine-containing)|unclassified	0.0000000000
PWY-6386: UDP-N-acetylmuramoyl-pentapeptide biosynthesis II (lysine-containing)|g__Prevotella.s__Prevotella_sp_MGM2	0.0007862009
PWY-6386: UDP-N-acetylmuramoyl-pentapeptide biosynthesis II (lysine-containing)|g__Helicobacter.s__Helicobacter_typhlonius	0.4320023432
PWY-6386: UDP-N-acetylmuramoyl-pentapeptide biosynthesis II (lysine-containing)|g__Lachnospiraceae_unclassified.s__Lachnospiraceae_bacterium_A2	0.2360682603
PWY-6386: UDP-N-acetylmuramoyl-pentapeptide biosynthesis II (lysine-containing)|g__Bifidobacterium.s__Bifidobacterium_pseudolongum	0.4316423465
PWY-6386: UDP-N-acetylmuramoyl-pentapeptide biosynthesis II (lysine-containing)|g__Parabacteroides.s__Parabacteroides_distasonis	0.0065929973
PWY-6386: UDP-N-acetylmuramoyl-pentapeptide biosynthesis II (lysine-containing)|g__Bacteroides.s__Bacteroides_uniformis	0.6258772893
PWY-6386: UDP-N-acetylmuramoyl-pentapeptide biosynthesis II (lysine-containing)|g__Bacteroides.s__Bacteroides_caecimuris	0.0135094994
PWY-6386: UDP-N-acetylmuramoyl-pentapeptide biosynthesis II (lysine-containing)|g__Lactobacillus.s__Lactobacillus_johnsonii	0.1534983561
PWY-6386: UDP-N-acetylmuramoyl-pentapeptide biosynthesis II (lysine-containing)|g__Bacteroides.s__Bacteroides_uniformis_CAG_3	0.3008957557
ARGSYNBSUB-PWY: L-arginine biosynthesis II (acetyl cycle)	0.0000078894
ARGSYNBSUB-PWY: L-arginine biosynthesis II (acetyl cycle)|unclassified	0.0314927418
ARGSYNBSUB-PWY: L-arginine biosynthesis II (acetyl cycle)|g__Helicobacter.s__Helicobacter_typhlonius	0.0514491251
ARGSYNBSUB-PWY: L-arginine biosynthesis II (acetyl cycle)|g__Lachnospiraceae_unclassified.s__Lachnospiraceae_bacterium_A2	0.3086456085
ARGSYNBSUB-PWY: L-arginine biosynthesis II (acetyl cycle)|g__Bifidobacterium.s__Bifidobacterium_pseudolongum	0.5337687384
ARGSYNBSUB-PWY: L-arginine biosynthesis II (acetyl cycle)|g__Mucispirillum.s__Mucispirillum_schaedleri	0.0569007362
ARGSYNBSUB-PWY: L-arginine biosynthesis II (acetyl cycle)|g__Lachnospiraceae_unclassified.s__Lachnospiraceae_bacterium_10_1	0.0487326492
PWY0-166: superpathway of pyrimidine deoxyribonucleotides de novo biosynthesis (E. coli)	0.0000000000
PWY0-166: superpathway of pyrimidine deoxyribonucleotides de novo biosynthesis (E. coli)|unclassified	0.0000000000
ARGSYN-PWY: L-arginine biosynthesis I (via L-ornithine)	0.0000047336
ARGSYN-PWY: L-arginine biosynthesis I (via L-ornithine)|unclassified	0.0307187022
ARGSYN-PWY: L-arginine biosynthesis I (via L-ornithine)|g__Helicobacter.s__Helicobacter_typhlonius	0.0041584955
ARGSYN-PWY: L-arginine biosynthesis I (via L-ornithine)|g__Lachnospiraceae_unclassified.s__Lachnospiraceae_bacterium_A2	0.1193339577
ARGSYN-PWY: L-arginine biosynthesis I (via L-ornithine)|g__Bifidobacterium.s__Bifidobacterium_pseudolongum	0.0008985465
PWY-7400: L-arginine biosynthesis IV (archaebacteria)	0.0000047336
PWY-7400: L-arginine biosynthesis IV (archaebacteria)|unclassified	0.0311028693
PWY-7400: L-arginine biosynthesis IV (archaebacteria)|g__Helicobacter.s__Helicobacter_typhlonius	0.0042349341
PWY-7400: L-arginine biosynthesis IV (archaebacteria)|g__Lachnospiraceae_unclassified.s__Lachnospiraceae_bacterium_A2	0.1178981797
PWY-7400: L-arginine biosynthesis IV (archaebacteria)|g__Bifidobacterium.s__Bifidobacterium_pseudolongum	0.0009172260
PWY-6163: chorismate biosynthesis from 3-dehydroquinate	0.7772209364
PWY-6163: chorismate biosynthesis from 3-dehydroquinate|unclassified	0.0029096987
PWY-6163: chorismate biosynthesis from 3-dehydroquinate|g__Muribaculaceae_unclassified.s__Muribaculaceae_bacterium_DSM_103720	0.0199921327
PWY-6163: chorismate biosynthesis from 3-dehydroquinate|g__Lachnospiraceae_unclassified.s__Lachnospiraceae_bacterium_A2	0.0126328280
PWY-6163: chorismate biosynthesis from 3-dehydroquinate|g__Parabacteroides.s__Parabacteroides_distasonis	0.4455039959
PWY-4242: pantothenate and coenzyme A biosynthesis III	0.9731913243
PWY-4242: pantothenate and coenzyme A biosynthesis III|unclassified	0.0000000000
PWY-4242: pantothenate and coenzyme A biosynthesis III|g__Muribaculum.s__Muribaculum_intestinale	0.1104620110
PWY-4242: pantothenate and coenzyme A biosynthesis III|g__Prevotella.s__Prevotella_sp_MGM2	0.0128382633
PWY-4242: pantothenate and coenzyme A biosynthesis III|g__Helicobacter.s__Helicobacter_typhlonius	0.0298226616
PWY-4242: pantothenate and coenzyme A biosynthesis III|g__Prevotella.s__Prevotella_sp_MGM1	0.0119782594
PWY-4242: pantothenate and coenzyme A biosynthesis III|g__Lachnospiraceae_unclassified.s__Lachnospiraceae_bacterium_A2	0.4342977340
PWY-4242: pantothenate and coenzyme A biosynthesis III|g__Muribaculaceae_unclassified.s__Muribaculaceae_bacterium_DSM_103720	0.0002322358
PWY-4242: pantothenate and coenzyme A biosynthesis III|g__Bacteroides.s__Bacteroides_uniformis_CAG_3	0.5139694577
PWY-4242: pantothenate and coenzyme A biosynthesis III|g__Bacteroides.s__Bacteroides_sartorii	0.1970834002
PWY-4242: pantothenate and coenzyme A biosynthesis III|g__Bacteroides.s__Bacteroides_uniformis	0.0779248475
RIBOSYN2-PWY: flavin biosynthesis I (bacteria and plants)	0.4779441225
RIBOSYN2-PWY: flavin biosynthesis I (bacteria and plants)|unclassified	0.0000000000
RIBOSYN2-PWY: flavin biosynthesis I (bacteria and plants)|g__Muribaculum.s__Muribaculum_intestinale	0.1864328673
RIBOSYN2-PWY: flavin biosynthesis I (bacteria and plants)|g__Helicobacter.s__Helicobacter_typhlonius	0.0218702844
RIBOSYN2-PWY: flavin biosynthesis I (bacteria and plants)|g__Lachnospiraceae_unclassified.s__Lachnospiraceae_bacterium_A2	0.7621469130
RIBOSYN2-PWY: flavin biosynthesis I (bacteria and plants)|g__Parabacteroides.s__Parabacteroides_distasonis	0.0461041298
RIBOSYN2-PWY: flavin biosynthesis I (bacteria and plants)|g__Bacteroides.s__Bacteroides_uniformis	0.0944929926
RIBOSYN2-PWY: flavin biosynthesis I (bacteria and plants)|g__Bacteroides.s__Bacteroides_uniformis_CAG_3	0.1083954990
PWY-7184: pyrimidine deoxyribonucleotides de novo biosynthesis I	0.0000000000
PWY-7184: pyrimidine deoxyribonucleotides de novo biosynthesis I|unclassified	0.0000000000
PWY-6151: S-adenosyl-L-methionine cycle I	0.9997335357
PWY-6151: S-adenosyl-L-methionine cycle I|unclassified	0.0000000289
PWY-6151: S-adenosyl-L-methionine cycle I|g__Muribaculum.s__Muribaculum_intestinale	0.4606331327
PWY-6151: S-adenosyl-L-methionine cycle I|g__Helicobacter.s__Helicobacter_typhlonius	0.0297689281
PWY-6151: S-adenosyl-L-methionine cycle I|g__Prevotella.s__Prevotella_sp_MGM1	0.2729072783
PWY-6151: S-adenosyl-L-methionine cycle I|g__Muribaculaceae_unclassified.s__Muribaculaceae_bacterium_DSM_103720	0.5423311269
PWY-6151: S-adenosyl-L-methionine cycle I|g__Lachnospiraceae_unclassified.s__Lachnospiraceae_bacterium_A2	0.5769723660
PWY-6151: S-adenosyl-L-methionine cycle I|g__Bifidobacterium.s__Bifidobacterium_pseudolongum	0.4383587827
PWY-6151: S-adenosyl-L-methionine cycle I|g__Bacteroides.s__Bacteroides_uniformis	0.7932045622
PWY-6151: S-adenosyl-L-methionine cycle I|g__Lactobacillus.s__Lactobacillus_johnsonii	0.4868354940
PWY-6151: S-adenosyl-L-methionine cycle I|g__Bacteroides.s__Bacteroides_uniformis_CAG_3	0.5877751867
PWY-6151: S-adenosyl-L-methionine cycle I|g__Helicobacter.s__Helicobacter_hepaticus	0.2880204800
ASPASN-PWY: superpathway of L-aspartate and L-asparagine biosynthesis	1.0000000000
ASPASN-PWY: superpathway of L-aspartate and L-asparagine biosynthesis|unclassified	0.9402923892
ASPASN-PWY: superpathway of L-aspartate and L-asparagine biosynthesis|g__Helicobacter.s__Helicobacter_typhlonius	0.0535208759
ASPASN-PWY: superpathway of L-aspartate and L-asparagine biosynthesis|g__Parabacteroides.s__Parabacteroides_distasonis	0.0287271634
ASPASN-PWY: superpathway of L-aspartate and L-asparagine biosynthesis|g__Bacteroides.s__Bacteroides_uniformis_CAG_3	0.1713269386
ASPASN-PWY: superpathway of L-aspartate and L-asparagine biosynthesis|g__Bacteroides.s__Bacteroides_uniformis	0.0580059551
ASPASN-PWY: superpathway of L-aspartate and L-asparagine biosynthesis|g__Bacteroides.s__Bacteroides_sartorii	0.0577647755
PWY0-1319: CDP-diacylglycerol biosynthesis II	0.9999986627
PWY0-1319: CDP-diacylglycerol biosynthesis II|unclassified	0.0498307895
PWY0-1319: CDP-diacylglycerol biosynthesis II|g__Helicobacter.s__Helicobacter_typhlonius	0.0000912126
PWY0-1319: CDP-diacylglycerol biosynthesis II|g__Muribaculaceae_unclassified.s__Muribaculaceae_bacterium_DSM_103720	0.0204292210
PWY0-1319: CDP-diacylglycerol biosynthesis II|g__Parabacteroides.s__Parabacteroides_distasonis	0.0756542971
PWY0-1319: CDP-diacylglycerol biosynthesis II|g__Mucispirillum.s__Mucispirillum_schaedleri	0.3879164522
PWY0-1319: CDP-diacylglycerol biosynthesis II|g__Bacteroides.s__Bacteroides_sartorii	0.3000913184
PWY0-1319: CDP-diacylglycerol biosynthesis II|g__Bacteroides.s__Bacteroides_uniformis	0.0323661821
PWY0-1319: CDP-diacylglycerol biosynthesis II|g__Bacteroides.s__Bacteroides_uniformis_CAG_3	0.0082253236
PWY-5667: CDP-diacylglycerol biosynthesis I	0.9999986627
PWY-5667: CDP-diacylglycerol biosynthesis I|unclassified	0.0498307895
PWY-5667: CDP-diacylglycerol biosynthesis I|g__Helicobacter.s__Helicobacter_typhlonius	0.0000912126
PWY-5667: CDP-diacylglycerol biosynthesis I|g__Muribaculaceae_unclassified.s__Muribaculaceae_bacterium_DSM_103720	0.0204292210
PWY-5667: CDP-diacylglycerol biosynthesis I|g__Parabacteroides.s__Parabacteroides_distasonis	0.0756542971
PWY-5667: CDP-diacylglycerol biosynthesis I|g__Mucispirillum.s__Mucispirillum_schaedleri	0.3879164522
PWY-5667: CDP-diacylglycerol biosynthesis I|g__Bacteroides.s__Bacteroides_sartorii	0.3000913184
PWY-5667: CDP-diacylglycerol biosynthesis I|g__Bacteroides.s__Bacteroides_uniformis	0.0323661821
PWY-5667: CDP-diacylglycerol biosynthesis I|g__Bacteroides.s__Bacteroides_uniformis_CAG_3	0.0082253236
PWY-7208: superpathway of pyrimidine nucleobases salvage	0.8965152566
PWY-7208: superpathway of pyrimidine nucleobases salvage|unclassified	0.9999999912
PWY-7208: superpathway of pyrimidine nucleobases salvage|g__Mucispirillum.s__Mucispirillum_schaedleri	0.3549763892
HISTSYN-PWY: L-histidine biosynthesis	0.9999869227
HISTSYN-PWY: L-histidine biosynthesis|unclassified	0.0000000000
HISTSYN-PWY: L-histidine biosynthesis|g__Muribaculum.s__Muribaculum_intestinale	0.0675546352
HISTSYN-PWY: L-histidine biosynthesis|g__Helicobacter.s__Helicobacter_typhlonius	0.4656573846
HISTSYN-PWY: L-histidine biosynthesis|g__Prevotella.s__Prevotella_sp_MGM2	0.0000120626
HISTSYN-PWY: L-histidine biosynthesis|g__Prevotella.s__Prevotella_sp_MGM1	0.0701272944
HISTSYN-PWY: L-histidine biosynthesis|g__Muribaculaceae_unclassified.s__Muribaculaceae_bacterium_DSM_103720	0.0040725696
HISTSYN-PWY: L-histidine biosynthesis|g__Bifidobacterium.s__Bifidobacterium_pseudolongum	0.1588670172
HISTSYN-PWY: L-histidine biosynthesis|g__Parabacteroides.s__Parabacteroides_distasonis	0.0640808940
HISTSYN-PWY: L-histidine biosynthesis|g__Bacteroides.s__Bacteroides_sartorii	0.5739735351
HISTSYN-PWY: L-histidine biosynthesis|g__Bacteroides.s__Bacteroides_caecimuris	0.0049939981
HISTSYN-PWY: L-histidine biosynthesis|g__Bacteroides.s__Bacteroides_uniformis_CAG_3	0.3847561958
HISTSYN-PWY: L-histidine biosynthesis|g__Bacteroides.s__Bacteroides_uniformis	0.1518033638
PWY-7663: gondoate biosynthesis (anaerobic)	0.3127018742
PWY-7663: gondoate biosynthesis (anaerobic)|unclassified	0.0000000000
PWY-7663: gondoate biosynthesis (anaerobic)|g__Helicobacter.s__Helicobacter_typhlonius	0.9994470092
PWY-7663: gondoate biosynthesis (anaerobic)|g__Prevotella.s__Prevotella_sp_MGM1	0.1137526084
PWY-7663: gondoate biosynthesis (anaerobic)|g__Parabacteroides.s__Parabacteroides_distasonis	0.2056284676
PWY-7663: gondoate biosynthesis (anaerobic)|g__Alistipes.s__Alistipes_timonensis	0.5995951714
PWY-7663: gondoate biosynthesis (anaerobic)|g__Bacteroides.s__Bacteroides_caecimuris	0.4478065292
PWY-7663: gondoate biosynthesis (anaerobic)|g__Bacteroides.s__Bacteroides_uniformis	0.1180162067
PWY-7663: gondoate biosynthesis (anaerobic)|g__Bacteroides.s__Bacteroides_uniformis_CAG_3	0.1007733622
ARO-PWY: chorismate biosynthesis I	0.8279881076
ARO-PWY: chorismate biosynthesis I|unclassified	0.0038384340
ARO-PWY: chorismate biosynthesis I|g__Lachnospiraceae_unclassified.s__Lachnospiraceae_bacterium_A2	0.0175172092
ARO-PWY: chorismate biosynthesis I|g__Parabacteroides.s__Parabacteroides_distasonis	0.0527417148
HSERMETANA-PWY: L-methionine biosynthesis III	0.4844814373
HSERMETANA-PWY: L-methionine biosynthesis III|unclassified	0.0000000000
HSERMETANA-PWY: L-methionine biosynthesis III|g__Helicobacter.s__Helicobacter_typhlonius	0.0112500658
HSERMETANA-PWY: L-methionine biosynthesis III|g__Muribaculaceae_unclassified.s__Muribaculaceae_bacterium_DSM_103720	0.0102350296
HSERMETANA-PWY: L-methionine biosynthesis III|g__Bifidobacterium.s__Bifidobacterium_pseudolongum	0.4058165472
HSERMETANA-PWY: L-methionine biosynthesis III|g__Parabacteroides.s__Parabacteroides_distasonis	0.0330370349
PWY-5484: glycolysis II (from fructose 6-phosphate)	0.0000000000
PWY-5484: glycolysis II (from fructose 6-phosphate)|unclassified	0.0000000000
BRANCHED-CHAIN-AA-SYN-PWY: superpathway of branched amino acid biosynthesis	0.0000000000
BRANCHED-CHAIN-AA-SYN-PWY: superpathway of branched amino acid biosynthesis|unclassified	0.0000000000
BRANCHED-CHAIN-AA-SYN-PWY: superpathway of branched amino acid biosynthesis|g__Helicobacter.s__Helicobacter_typhlonius	0.0637172185
BRANCHED-CHAIN-AA-SYN-PWY: superpathway of branched amino acid biosynthesis|g__Parabacteroides.s__Parabacteroides_distasonis	0.2012565107
BRANCHED-CHAIN-AA-SYN-PWY: superpathway of branched amino acid biosynthesis|g__Bifidobacterium.s__Bifidobacterium_pseudolongum	0.1103581595
BRANCHED-CHAIN-AA-SYN-PWY: superpathway of branched amino acid biosynthesis|g__Bacteroides.s__Bacteroides_caecimuris	0.0850648114
BRANCHED-CHAIN-AA-SYN-PWY: superpathway of branched amino acid biosynthesis|g__Mucispirillum.s__Mucispirillum_schaedleri	0.1008122791
BRANCHED-CHAIN-AA-SYN-PWY: superpathway of branched amino acid biosynthesis|g__Bacteroides.s__Bacteroides_uniformis	0.8396478457
BRANCHED-CHAIN-AA-SYN-PWY: superpathway of branched amino acid biosynthesis|g__Bacteroides.s__Bacteroides_uniformis_CAG_3	0.1660884166
DENOVOPURINE2-PWY: superpathway of purine nucleotides de novo biosynthesis II	0.0000000000
DENOVOPURINE2-PWY: superpathway of purine nucleotides de novo biosynthesis II|unclassified	0.0000000000
COMPLETE-ARO-PWY: superpathway of aromatic amino acid biosynthesis	0.0536273366
COMPLETE-ARO-PWY: superpathway of aromatic amino acid biosynthesis|unclassified	0.0000000152
COMPLETE-ARO-PWY: superpathway of aromatic amino acid biosynthesis|g__Parabacteroides.s__Parabacteroides_distasonis	0.0598218394
OANTIGEN-PWY: O-antigen building blocks biosynthesis (E. coli)	0.0000000000
OANTIGEN-PWY: O-antigen building blocks biosynthesis (E. coli)|unclassified	0.0000000000
PWY0-162: superpathway of pyrimidine ribonucleotides de novo biosynthesis	0.0000000000
PWY0-162: superpathway of pyrimidine ribonucleotides de novo biosynthesis|unclassified	0.0000000000
PWY0-162: superpathway of pyrimidine ribonucleotides de novo biosynthesis|g__Helicobacter.s__Helicobacter_typhlonius	0.2371459122
PWY-6703: preQ0 biosynthesis	0.0003083123
PWY-6703: preQ0 biosynthesis|unclassified	0.0000000000
PWY-6703: preQ0 biosynthesis|g__Muribaculum.s__Muribaculum_intestinale	0.1081345946
PWY-6703: preQ0 biosynthesis|g__Prevotella.s__Prevotella_sp_MGM2	0.0279938831
PWY-6703: preQ0 biosynthesis|g__Prevotella.s__Prevotella_sp_MGM1	0.1927253438
PWY-6703: preQ0 biosynthesis|g__Parabacteroides.s__Parabacteroides_distasonis	0.9226165409
PWY-6703: preQ0 biosynthesis|g__Muribaculaceae_unclassified.s__Muribaculaceae_bacterium_DSM_103720	0.0024734691
PWY-6703: preQ0 biosynthesis|g__Mucispirillum.s__Mucispirillum_schaedleri	0.2693472327
PWY-6703: preQ0 biosynthesis|g__Bacteroides.s__Bacteroides_caecimuris	0.1886613953
PWY-6703: preQ0 biosynthesis|g__Bacteroides.s__Bacteroides_uniformis_CAG_3	0.5261209203
PWY-6703: preQ0 biosynthesis|g__Bacteroides.s__Bacteroides_uniformis	0.0200180028
PWY-5103: L-isoleucine biosynthesis III	0.0000000000
PWY-5103: L-isoleucine biosynthesis III|unclassified	0.0000000000
PWY-5103: L-isoleucine biosynthesis III|g__Helicobacter.s__Helicobacter_typhlonius	0.0487902250
PWY-5103: L-isoleucine biosynthesis III|g__Parabacteroides.s__Parabacteroides_distasonis	0.1325790942
PWY-5103: L-isoleucine biosynthesis III|g__Bifidobacterium.s__Bifidobacterium_pseudolongum	0.0885402321
PWY-5103: L-isoleucine biosynthesis III|g__Mucispirillum.s__Mucispirillum_schaedleri	0.0799264594
PWY-5103: L-isoleucine biosynthesis III|g__Bacteroides.s__Bacteroides_uniformis	0.7902974265
PWY-5103: L-isoleucine biosynthesis III|g__Bacteroides.s__Bacteroides_caecimuris	0.0461954263
PWY-5103: L-isoleucine biosynthesis III|g__Bacteroides.s__Bacteroides_uniformis_CAG_3	0.1223780594
GLUTORN-PWY: L-ornithine biosynthesis	0.0000009862
GLUTORN-PWY: L-ornithine biosynthesis|unclassified	0.0065592437
GLUTORN-PWY: L-ornithine biosynthesis|g__Helicobacter.s__Helicobacter_typhlonius	0.0408500793
GLUTORN-PWY: L-ornithine biosynthesis|g__Lachnospiraceae_unclassified.s__Lachnospiraceae_bacterium_A2	0.0326697507
GLUTORN-PWY: L-ornithine biosynthesis|g__Bifidobacterium.s__Bifidobacterium_pseudolongum	0.4558779764
HISDEG-PWY: L-histidine degradation I	0.0000072853
HISDEG-PWY: L-histidine degradation I|unclassified	0.9386824974
HISDEG-PWY: L-histidine degradation I|g__Muribaculaceae_unclassified.s__Muribaculaceae_bacterium_DSM_103720	0.0983737893
HISDEG-PWY: L-histidine degradation I|g__Parabacteroides.s__Parabacteroides_distasonis	0.6530502475
HISDEG-PWY: L-histidine degradation I|g__Alistipes.s__Alistipes_timonensis	0.0663370162
HISDEG-PWY: L-histidine degradation I|g__Bacteroides.s__Bacteroides_sartorii	0.6129847710
HISDEG-PWY: L-histidine degradation I|g__Firmicutes_unclassified.s__Firmicutes_bacterium_ASF500	0.1486891959
PWY-7199: pyrimidine deoxyribonucleosides salvage	0.0000000000
PWY-7199: pyrimidine deoxyribonucleosides salvage|unclassified	0.0000000000
PWY-7199: pyrimidine deoxyribonucleosides salvage|g__Prevotella.s__Prevotella_sp_MGM1	0.0979236448
PWY-7199: pyrimidine deoxyribonucleosides salvage|g__Parabacteroides.s__Parabacteroides_distasonis	0.0048204138
PWY-7199: pyrimidine deoxyribonucleosides salvage|g__Alistipes.s__Alistipes_timonensis	0.2872492173
PWY-7199: pyrimidine deoxyribonucleosides salvage|g__Bacteroides.s__Bacteroides_uniformis	0.7426568176
PWY-7199: pyrimidine deoxyribonucleosides salvage|g__Bacteroides.s__Bacteroides_caecimuris	0.0000924659
PWY-7199: pyrimidine deoxyribonucleosides salvage|g__Bacteroides.s__Bacteroides_uniformis_CAG_3	0.0616922677
PWY-3001: superpathway of L-isoleucine biosynthesis I	0.0000000000
PWY-3001: superpathway of L-isoleucine biosynthesis I|unclassified	0.0000000000
PWY-3001: superpathway of L-isoleucine biosynthesis I|g__Helicobacter.s__Helicobacter_typhlonius	0.0129358875
PWY-724: superpathway of L-lysine, L-threonine and L-methionine biosynthesis II	0.0000000000
PWY-724: superpathway of L-lysine, L-threonine and L-methionine biosynthesis II|unclassified	0.0000000000
PWY-724: superpathway of L-lysine, L-threonine and L-methionine biosynthesis II|g__Helicobacter.s__Helicobacter_typhlonius	0.0000189414
ANAEROFRUCAT-PWY: homolactic fermentation	0.0000000000
ANAEROFRUCAT-PWY: homolactic fermentation|unclassified	0.0000000000
UDPNAGSYN-PWY: UDP-N-acetyl-D-glucosamine biosynthesis I	0.0000000000
UDPNAGSYN-PWY: UDP-N-acetyl-D-glucosamine biosynthesis I|unclassified	0.0000000000
UDPNAGSYN-PWY: UDP-N-acetyl-D-glucosamine biosynthesis I|g__Helicobacter.s__Helicobacter_typhlonius	0.1774748743
UDPNAGSYN-PWY: UDP-N-acetyl-D-glucosamine biosynthesis I|g__Bifidobacterium.s__Bifidobacterium_pseudolongum	0.6988500710
UDPNAGSYN-PWY: UDP-N-acetyl-D-glucosamine biosynthesis I|g__Helicobacter.s__Helicobacter_hepaticus	0.9076151860
UDPNAGSYN-PWY: UDP-N-acetyl-D-glucosamine biosynthesis I|g__Mucispirillum.s__Mucispirillum_schaedleri	0.1284041557
PWY-6545: pyrimidine deoxyribonucleotides de novo biosynthesis III	0.0000000000
PWY-6545: pyrimidine deoxyribonucleotides de novo biosynthesis III|unclassified	0.0000000000
PWY-6545: pyrimidine deoxyribonucleotides de novo biosynthesis III|g__Helicobacter.s__Helicobacter_typhlonius	0.3194461732
PWY-6545: pyrimidine deoxyribonucleotides de novo biosynthesis III|g__Mucispirillum.s__Mucispirillum_schaedleri	0.3738026689
PWY-7187: pyrimidine deoxyribonucleotides de novo biosynthesis II	0.0000000000
PWY-7187: pyrimidine deoxyribonucleotides de novo biosynthesis II|unclassified	0.0000000000
PWY-7197: pyrimidine deoxyribonucleotide phosphorylation	0.0000000000
PWY-7197: pyrimidine deoxyribonucleotide phosphorylation|unclassified	0.0000000000
PWY-7197: pyrimidine deoxyribonucleotide phosphorylation|g__Helicobacter.s__Helicobacter_typhlonius	0.2090166860
PWY-7197: pyrimidine deoxyribonucleotide phosphorylation|g__Mucispirillum.s__Mucispirillum_schaedleri	0.9916817373
PWY-7197: pyrimidine deoxyribonucleotide phosphorylation|g__Helicobacter.s__Helicobacter_hepaticus	0.9142340748
PWY-6737: starch degradation V	0.0000000000
PWY-6737: starch degradation V|unclassified	0.0000000000
PWY-6737: starch degradation V|g__Lachnospiraceae_unclassified.s__Lachnospiraceae_bacterium_A2	0.4188676137
PWY-6737: starch degradation V|g__Bacteroides.s__Bacteroides_uniformis_CAG_3	0.3567353593
PWY-6737: starch degradation V|g__Bacteroides.s__Bacteroides_uniformis	0.3404843091
PWY-6737: starch degradation V|g__Firmicutes_unclassified.s__Firmicutes_bacterium_ASF500	0.1113004210
PWY-6168: flavin biosynthesis III (fungi)	0.0000000000
PWY-6168: flavin biosynthesis III (fungi)|unclassified	0.0000000000
PWY-6168: flavin biosynthesis III (fungi)|g__Parabacteroides.s__Parabacteroides_distasonis	0.0063799084
PWY-6168: flavin biosynthesis III (fungi)|g__Bacteroides.s__Bacteroides_caecimuris	0.1749289169
THRESYN-PWY: superpathway of L-threonine biosynthesis	0.0000000000
THRESYN-PWY: superpathway of L-threonine biosynthesis|unclassified	0.0000000000
THRESYN-PWY: superpathway of L-threonine biosynthesis|g__Helicobacter.s__Helicobacter_typhlonius	0.0083342137
PWY-5104: L-isoleucine biosynthesis IV	0.0000000000
PWY-5104: L-isoleucine biosynthesis IV|unclassified	0.0000000000
PWY-5104: L-isoleucine biosynthesis IV|g__Helicobacter.s__Helicobacter_typhlonius	0.0491542672
PWY-7234: inosine-5'-phosphate biosynthesis III	0.0000000000
PWY-7234: inosine-5'-phosphate biosynthesis III|unclassified	0.0000000000
PWY-7234: inosine-5'-phosphate biosynthesis III|g__Bifidobacterium.s__Bifidobacterium_pseudolongum	0.0693724364
PWY-7234: inosine-5'-phosphate biosynthesis III|g__Alistipes.s__Alistipes_timonensis	0.1483565793
DAPLYSINESYN-PWY: L-lysine biosynthesis I	0.0000000000
DAPLYSINESYN-PWY: L-lysine biosynthesis I|unclassified	0.0000000000
DAPLYSINESYN-PWY: L-lysine biosynthesis I|g__Helicobacter.s__Helicobacter_typhlonius	0.0003437687
DAPLYSINESYN-PWY: L-lysine biosynthesis I|g__Helicobacter.s__Helicobacter_hepaticus	0.5789613875
PWY0-1586: peptidoglycan maturation (meso-diaminopimelate containing)	0.0000000000
PWY0-1586: peptidoglycan maturation (meso-diaminopimelate containing)|unclassified	0.0000000000
PWY0-1586: peptidoglycan maturation (meso-diaminopimelate containing)|g__Bacteroides.s__Bacteroides_sartorii	0.6172303752
PWY0-1586: peptidoglycan maturation (meso-diaminopimelate containing)|g__Bacteroides.s__Bacteroides_uniformis_CAG_3	0.5089385448
PWY0-1586: peptidoglycan maturation (meso-diaminopimelate containing)|g__Bacteroides.s__Bacteroides_caecimuris	0.0212916778
PWY0-1586: peptidoglycan maturation (meso-diaminopimelate containing)|g__Bacteroides.s__Bacteroides_uniformis	0.1663948131
PWY-5100: pyruvate fermentation to acetate and lactate II	0.0000000000
PWY-5100: pyruvate fermentation to acetate and lactate II|unclassified	0.0000000000
PWY-5100: pyruvate fermentation to acetate and lactate II|g__Helicobacter.s__Helicobacter_typhlonius	0.1821051044
PWY-5100: pyruvate fermentation to acetate and lactate II|g__Lactobacillus.s__Lactobacillus_johnsonii	0.2155858362
PWY0-1296: purine ribonucleosides degradation	0.0000000000
PWY0-1296: purine ribonucleosides degradation|unclassified	0.0000000000
PWY0-1296: purine ribonucleosides degradation|g__Lachnospiraceae_unclassified.s__Lachnospiraceae_bacterium_A2	0.2952529213
PWY0-1296: purine ribonucleosides degradation|g__Romboutsia.s__Romboutsia_ilealis	0.3444047627
PWY0-1296: purine ribonucleosides degradation|g__Lachnospiraceae_unclassified.s__Lachnospiraceae_bacterium_28_4	0.5735898803
PWY0-1296: purine ribonucleosides degradation|g__Lactobacillus.s__Lactobacillus_reuteri	0.3841916279
THISYN-PWY: superpathway of thiamin diphosphate biosynthesis I	0.0000000000
THISYN-PWY: superpathway of thiamin diphosphate biosynthesis I|unclassified	0.0000000000
NONOXIPENT-PWY: pentose phosphate pathway (non-oxidative branch)	0.0000000000
NONOXIPENT-PWY: pentose phosphate pathway (non-oxidative branch)|unclassified	0.0000000000
NONOXIPENT-PWY: pentose phosphate pathway (non-oxidative branch)|g__Helicobacter.s__Helicobacter_typhlonius	0.0025125526
NONOXIPENT-PWY: pentose phosphate pathway (non-oxidative branch)|g__Parabacteroides.s__Parabacteroides_distasonis	0.1125969403
PWY-3781: aerobic respiration I (cytochrome c)	0.0000000000
PWY-3781: aerobic respiration I (cytochrome c)|g__Helicobacter.s__Helicobacter_typhlonius	0.5360492134
PWY-3781: aerobic respiration I (cytochrome c)|unclassified	0.0000000000
PWY-3781: aerobic respiration I (cytochrome c)|g__Helicobacter.s__Helicobacter_hepaticus	0.1799921867
GLYCOGENSYNTH-PWY: glycogen biosynthesis I (from ADP-D-Glucose)	0.0000000000
GLYCOGENSYNTH-PWY: glycogen biosynthesis I (from ADP-D-Glucose)|unclassified	0.0000000000
NAGLIPASYN-PWY: lipid IVA biosynthesis	0.0000000000
NAGLIPASYN-PWY: lipid IVA biosynthesis|unclassified	0.0000000000
NAGLIPASYN-PWY: lipid IVA biosynthesis|g__Bacteroides.s__Bacteroides_uniformis_CAG_3	0.5792673258
NAGLIPASYN-PWY: lipid IVA biosynthesis|g__Bacteroides.s__Bacteroides_uniformis	0.2462625075
PWY-5188: tetrapyrrole biosynthesis I (from glutamate)	0.0000000000
PWY-5188: tetrapyrrole biosynthesis I (from glutamate)|unclassified	0.0000000000
PWY-5188: tetrapyrrole biosynthesis I (from glutamate)|g__Helicobacter.s__Helicobacter_typhlonius	0.0461009541
PWY-5188: tetrapyrrole biosynthesis I (from glutamate)|g__Lachnospiraceae_unclassified.s__Lachnospiraceae_bacterium_A2	0.3667011946
PWY66-422: D-galactose degradation V (Leloir pathway)	0.0000000000
PWY66-422: D-galactose degradation V (Leloir pathway)|unclassified	0.0000000000
SER-GLYSYN-PWY: superpathway of L-serine and glycine biosynthesis I	0.0000000000
SER-GLYSYN-PWY: superpathway of L-serine and glycine biosynthesis I|unclassified	0.0000000000
SER-GLYSYN-PWY: superpathway of L-serine and glycine biosynthesis I|g__Helicobacter.s__Helicobacter_typhlonius	0.0011514492
SER-GLYSYN-PWY: superpathway of L-serine and glycine biosynthesis I|g__Parabacteroides.s__Parabacteroides_distasonis	0.1751971727
SER-GLYSYN-PWY: superpathway of L-serine and glycine biosynthesis I|g__Bacteroides.s__Bacteroides_caecimuris	0.0229628484
SER-GLYSYN-PWY: superpathway of L-serine and glycine biosynthesis I|g__Helicobacter.s__Helicobacter_hepaticus	0.4858692604
SER-GLYSYN-PWY: superpathway of L-serine and glycine biosynthesis I|g__Bacteroides.s__Bacteroides_uniformis_CAG_3	0.0439093762
SER-GLYSYN-PWY: superpathway of L-serine and glycine biosynthesis I|g__Bacteroides.s__Bacteroides_uniformis	0.0113195667
SER-GLYSYN-PWY: superpathway of L-serine and glycine biosynthesis I|g__Bacteroides.s__Bacteroides_sartorii	0.0005821280
PWY-5154: L-arginine biosynthesis III (via N-acetyl-L-citrulline)	0.0000000000
PWY-5154: L-arginine biosynthesis III (via N-acetyl-L-citrulline)|unclassified	0.0000000000
PWY-6897: thiamin salvage II	0.0000000000
PWY-6897: thiamin salvage II|unclassified	0.0000000000
PWY-6897: thiamin salvage II|g__Bacteroides.s__Bacteroides_uniformis	0.0945644825
PWY-6897: thiamin salvage II|g__Bacteroides.s__Bacteroides_uniformis_CAG_3	0.0720886342
PWY-5347: superpathway of L-methionine biosynthesis (transsulfuration)	0.0000000000
PWY-7539: 6-hydroxymethyl-dihydropterin diphosphate biosynthesis III (Chlamydia)	0.0000000000
PWY-7539: 6-hydroxymethyl-dihydropterin diphosphate biosynthesis III (Chlamydia)|g__Helicobacter.s__Helicobacter_typhlonius	0.0408430926
PWY-7539: 6-hydroxymethyl-dihydropterin diphosphate biosynthesis III (Chlamydia)|g__Parabacteroides.s__Parabacteroides_distasonis	0.3561938551
PWY-7539: 6-hydroxymethyl-dihydropterin diphosphate biosynthesis III (Chlamydia)|unclassified	0.0000000000
PWY-7539: 6-hydroxymethyl-dihydropterin diphosphate biosynthesis III (Chlamydia)|g__Bacteroides.s__Bacteroides_sartorii	0.2989163669
TRPSYN-PWY: L-tryptophan biosynthesis	0.0000000000
TRPSYN-PWY: L-tryptophan biosynthesis|unclassified	0.0000000000
TRPSYN-PWY: L-tryptophan biosynthesis|g__Helicobacter.s__Helicobacter_typhlonius	0.0000000000
TRPSYN-PWY: L-tryptophan biosynthesis|g__Lachnospiraceae_unclassified.s__Lachnospiraceae_bacterium_10_1	0.6344962821
PWY-6147: 6-hydroxymethyl-dihydropterin diphosphate biosynthesis I	0.0000000000
PWY-6147: 6-hydroxymethyl-dihydropterin diphosphate biosynthesis I|g__Helicobacter.s__Helicobacter_typhlonius	0.1444767522
PWY-6147: 6-hydroxymethyl-dihydropterin diphosphate biosynthesis I|g__Parabacteroides.s__Parabacteroides_distasonis	0.3722092050
PWY-6147: 6-hydroxymethyl-dihydropterin diphosphate biosynthesis I|unclassified	0.0000000000
PWY-6147: 6-hydroxymethyl-dihydropterin diphosphate biosynthesis I|g__Bacteroides.s__Bacteroides_sartorii	0.3061161425
PHOSLIPSYN-PWY: superpathway of phospholipid biosynthesis I (bacteria)	0.0000000000
PWY-6317: galactose degradation I (Leloir pathway)	0.0000000000
PWY-6317: galactose degradation I (Leloir pathway)|unclassified	0.0000000000
METSYN-PWY: L-homoserine and L-methionine biosynthesis	0.0000000000
PWY-1269: CMP-3-deoxy-D-manno-octulosonate biosynthesis I	0.0000000000
PWY-1269: CMP-3-deoxy-D-manno-octulosonate biosynthesis I|unclassified	0.0000000000
PWY-1269: CMP-3-deoxy-D-manno-octulosonate biosynthesis I|g__Helicobacter.s__Helicobacter_typhlonius	0.1618765232
PWY-1269: CMP-3-deoxy-D-manno-octulosonate biosynthesis I|g__Alistipes.s__Alistipes_timonensis	0.2450389854
PWY-1269: CMP-3-deoxy-D-manno-octulosonate biosynthesis I|g__Bacteroides.s__Bacteroides_uniformis_CAG_3	0.3102311147
PWY-1269: CMP-3-deoxy-D-manno-octulosonate biosynthesis I|g__Bacteroides.s__Bacteroides_uniformis	0.2187623654
PWY-1269: CMP-3-deoxy-D-manno-octulosonate biosynthesis I|g__Bacteroides.s__Bacteroides_caecimuris	0.0018303045
P42-PWY: incomplete reductive TCA cycle	0.0000000000
P42-PWY: incomplete reductive TCA cycle|unclassified	0.0000000000
PWY-6527: stachyose degradation	0.0000000000
PWY-6527: stachyose degradation|unclassified	0.0000000000
PWY-6527: stachyose degradation|g__Lachnospiraceae_unclassified.s__Lachnospiraceae_bacterium_10_1	0.2556766423
MET-SAM-PWY: superpathway of S-adenosyl-L-methionine biosynthesis	0.0000000000
RHAMCAT-PWY: L-rhamnose degradation I	0.0000000000
RHAMCAT-PWY: L-rhamnose degradation I|unclassified	0.0000000000
RHAMCAT-PWY: L-rhamnose degradation I|g__Bacteroides.s__Bacteroides_caecimuris	0.0870931409
TCA: TCA cycle I (prokaryotic)	0.0000000000
TCA: TCA cycle I (prokaryotic)|unclassified	0.0000000000
PWY-7357: thiamin formation from pyrithiamine and oxythiamine (yeast)	0.0000000000
PWY-7357: thiamin formation from pyrithiamine and oxythiamine (yeast)|unclassified	0.0000000000
PWY-7357: thiamin formation from pyrithiamine and oxythiamine (yeast)|g__Bacteroides.s__Bacteroides_uniformis	0.0669925210
PWY-7357: thiamin formation from pyrithiamine and oxythiamine (yeast)|g__Bacteroides.s__Bacteroides_uniformis_CAG_3	0.0517464861
P4-PWY: superpathway of L-lysine, L-threonine and L-methionine biosynthesis I	0.0000000000
PWY0-781: aspartate superpathway	0.0000000000
PWY-241: C4 photosynthetic carbon assimilation cycle, NADP-ME type	0.0000000000
PWY-241: C4 photosynthetic carbon assimilation cycle, NADP-ME type|unclassified	0.0000000000
FOLSYN-PWY: superpathway of tetrahydrofolate biosynthesis and salvage	0.0000000000
PWY-5913: TCA cycle VI (obligate autotrophs)	0.0000000000
PWY-5913: TCA cycle VI (obligate autotrophs)|unclassified	0.0000000000
PWY-7117: C4 photosynthetic carbon assimilation cycle, PEPCK type	0.0000000000
PWY-7117: C4 photosynthetic carbon assimilation cycle, PEPCK type|unclassified	0.0000000000
PWY0-1261: anhydromuropeptides recycling	0.0000000000
PWY0-1261: anhydromuropeptides recycling|unclassified	0.0000000000
PWY-7237: myo-, chiro- and scillo-inositol degradation	0.0000000000
PWY-7237: myo-, chiro- and scillo-inositol degradation|unclassified	0.0000000000
PWY-7237: myo-, chiro- and scillo-inositol degradation|g__Parabacteroides.s__Parabacteroides_distasonis	0.9954757257
PWY-7237: myo-, chiro- and scillo-inositol degradation|g__Prevotella.s__Prevotella_sp_MGM1	0.0034901420
PWY-7237: myo-, chiro- and scillo-inositol degradation|g__Oscillibacter.s__Oscillibacter_sp_1_3	0.8971887524
PWY-7237: myo-, chiro- and scillo-inositol degradation|g__Dorea.s__Dorea_sp_5_2	0.1054017795
THISYNARA-PWY: superpathway of thiamin diphosphate biosynthesis III (eukaryotes)	0.0000000000
THISYNARA-PWY: superpathway of thiamin diphosphate biosynthesis III (eukaryotes)|unclassified	0.0000000000
THISYNARA-PWY: superpathway of thiamin diphosphate biosynthesis III (eukaryotes)|g__Bacteroides.s__Bacteroides_uniformis	0.3253554092
THISYNARA-PWY: superpathway of thiamin diphosphate biosynthesis III (eukaryotes)|g__Bacteroides.s__Bacteroides_uniformis_CAG_3	0.2017892828
PWY66-399: gluconeogenesis III	0.0000000000
PWY66-399: gluconeogenesis III|unclassified	0.0000000000
PWY-5659: GDP-mannose biosynthesis	0.0000000000
PWY-5659: GDP-mannose biosynthesis|unclassified	0.0000000000
PWY-5659: GDP-mannose biosynthesis|g__Helicobacter.s__Helicobacter_typhlonius	0.1216475470
CITRULBIO-PWY: L-citrulline biosynthesis	0.0000000000
CITRULBIO-PWY: L-citrulline biosynthesis|g__Helicobacter.s__Helicobacter_typhlonius	0.0000000000
PWY-5030: L-histidine degradation III	0.0000000000
PWY-5030: L-histidine degradation III|unclassified	0.0000000000
PWY-5030: L-histidine degradation III|g__Alistipes.s__Alistipes_timonensis	0.0239346058
PWY-5030: L-histidine degradation III|g__Bacteroides.s__Bacteroides_sartorii	0.2500355520
GLYCOLYSIS-E-D: superpathway of glycolysis and Entner-Doudoroff	0.0000000000
GLYCOLYSIS-E-D: superpathway of glycolysis and Entner-Doudoroff|unclassified	0.0000000000
PWY-6901: superpathway of glucose and xylose degradation	0.0000000000
PWY-6901: superpathway of glucose and xylose degradation|unclassified	0.0000000000
PPGPPMET-PWY: ppGpp biosynthesis	0.0000000000
PPGPPMET-PWY: ppGpp biosynthesis|g__Helicobacter.s__Helicobacter_typhlonius	0.7419226422
PPGPPMET-PWY: ppGpp biosynthesis|unclassified	0.0000000000
COLANSYN-PWY: colanic acid building blocks biosynthesis	0.0000000000
COLANSYN-PWY: colanic acid building blocks biosynthesis|unclassified	0.0000000000
PWY-7456: mannan degradation	0.0000000000
PWY-7456: mannan degradation|unclassified	0.0000000000
PWY-7200: superpathway of pyrimidine deoxyribonucleoside salvage	0.0000000000
PWY-7200: superpathway of pyrimidine deoxyribonucleoside salvage|unclassified	0.0000000000
PWY-4981: L-proline biosynthesis II (from arginine)	0.0000000000
PWY-4981: L-proline biosynthesis II (from arginine)|unclassified	0.0000000000
PWY-6936: seleno-amino acid biosynthesis	0.0000000000
PWY-6936: seleno-amino acid biosynthesis|g__Helicobacter.s__Helicobacter_typhlonius	0.0000913348
PWY-6936: seleno-amino acid biosynthesis|unclassified	0.0000000000
PWY-6936: seleno-amino acid biosynthesis|g__Bacteroides.s__Bacteroides_sartorii	0.5835753106
PWY-4984: urea cycle	0.0000000000
PWY-4984: urea cycle|g__Helicobacter.s__Helicobacter_typhlonius	0.0000000000
NONMEVIPP-PWY: methylerythritol phosphate pathway I	0.0000000000
NONMEVIPP-PWY: methylerythritol phosphate pathway I|unclassified	0.0000000000
NONMEVIPP-PWY: methylerythritol phosphate pathway I|g__Bifidobacterium.s__Bifidobacterium_pseudolongum	0.2438730534
PWY-6612: superpathway of tetrahydrofolate biosynthesis	0.0000000000
PWY0-1479: tRNA processing	0.0000000000
PWY0-1479: tRNA processing|unclassified	0.0000000000
PWY-6892: thiazole biosynthesis I (E. coli)	0.0000000000
PWY-6892: thiazole biosynthesis I (E. coli)|unclassified	0.0000000000
PWY-6892: thiazole biosynthesis I (E. coli)|g__Bacteroides.s__Bacteroides_caecimuris	0.0000413428
PWY4FS-7: phosphatidylglycerol biosynthesis I (plastidic)	0.0000000000
PWY4FS-7: phosphatidylglycerol biosynthesis I (plastidic)|unclassified	0.0000000000
PWY4FS-8: phosphatidylglycerol biosynthesis II (non-plastidic)	0.0000000000
PWY4FS-8: phosphatidylglycerol biosynthesis II (non-plastidic)|unclassified	0.0000000000
HOMOSER-METSYN-PWY: L-methionine biosynthesis I	0.0000000000
PWY-6803: phosphatidylcholine acyl editing	0.0000000000
PWY-7323: superpathway of GDP-mannose-derived O-antigen building blocks biosynthesis	0.0000000000
PWY-7323: superpathway of GDP-mannose-derived O-antigen building blocks biosynthesis|unclassified	0.0000000000
P108-PWY: pyruvate fermentation to propanoate I	0.0000000000
P108-PWY: pyruvate fermentation to propanoate I|unclassified	0.0000000000
PWY-7279: aerobic respiration II (cytochrome c) (yeast)	0.0000000000
PWY-7279: aerobic respiration II (cytochrome c) (yeast)|g__Helicobacter.s__Helicobacter_typhlonius	0.0248533612
PWY-7279: aerobic respiration II (cytochrome c) (yeast)|unclassified	0.0000000000
PWY-7279: aerobic respiration II (cytochrome c) (yeast)|g__Helicobacter.s__Helicobacter_hepaticus	0.0356145819
POLYISOPRENSYN-PWY: polyisoprenoid biosynthesis (E. coli)	0.0000000000
POLYISOPRENSYN-PWY: polyisoprenoid biosynthesis (E. coli)|unclassified	0.0000000000
PWY-5121: superpathway of geranylgeranyl diphosphate biosynthesis II (via MEP)	0.0000000000
PWY-7383: anaerobic energy metabolism (invertebrates, cytosol)	0.0000000000
PWY-7383: anaerobic energy metabolism (invertebrates, cytosol)|unclassified	0.0000000000
PWY-7371: 1,4-dihydroxy-6-naphthoate biosynthesis II	0.0000000000
PWY-7371: 1,4-dihydroxy-6-naphthoate biosynthesis II|g__Helicobacter.s__Helicobacter_typhlonius	0.1311536549
PWY-7371: 1,4-dihydroxy-6-naphthoate biosynthesis II|g__Helicobacter.s__Helicobacter_hepaticus	0.3714379734
PWY0-1241: ADP-L-glycero-&beta;-D-manno-heptose biosynthesis	0.0000000000
PWY0-1241: ADP-L-glycero-&beta;-D-manno-heptose biosynthesis|g__Helicobacter.s__Helicobacter_typhlonius	0.0384057883
PWY0-1241: ADP-L-glycero-&beta;-D-manno-heptose biosynthesis|g__Mucispirillum.s__Mucispirillum_schaedleri	0.0958702029
PWY-5189: tetrapyrrole biosynthesis II (from glycine)	0.0000000000
PWY-5189: tetrapyrrole biosynthesis II (from glycine)|g__Helicobacter.s__Helicobacter_typhlonius	0.0043103773
PENTOSE-P-PWY: pentose phosphate pathway	0.0000000000
PENTOSE-P-PWY: pentose phosphate pathway|unclassified	0.0000000000
PENTOSE-P-PWY: pentose phosphate pathway|g__Parabacteroides.s__Parabacteroides_distasonis	0.0003215563
PWY-7211: superpathway of pyrimidine deoxyribonucleotides de novo biosynthesis	0.0000000000
PWY-7211: superpathway of pyrimidine deoxyribonucleotides de novo biosynthesis|unclassified	0.0000000000
P441-PWY: superpathway of N-acetylneuraminate degradation	0.0000000000
PWY-6859: all-trans-farnesol biosynthesis	0.0000000000
PWY-6270: isoprene biosynthesis I	0.0000000000
PWY-6270: isoprene biosynthesis I|unclassified	0.0000000000
PWY-5918: superpathay of heme biosynthesis from glutamate	0.0000000000
PWY-7392: taxadiene biosynthesis (engineered)	0.0000000000
GLCMANNANAUT-PWY: superpathway of N-acetylglucosamine, N-acetylmannosamine and N-acetylneuraminate degradation	0.0000000000
GLCMANNANAUT-PWY: superpathway of N-acetylglucosamine, N-acetylmannosamine and N-acetylneuraminate degradation|unclassified	0.0000000000
PWY-7198: pyrimidine deoxyribonucleotides de novo biosynthesis IV	0.0000000000
PWY-7198: pyrimidine deoxyribonucleotides de novo biosynthesis IV|unclassified	0.0000000000
FERMENTATION-PWY: mixed acid fermentation	0.0000000000
FERMENTATION-PWY: mixed acid fermentation|unclassified	0.0000000000
PWY-7560: methylerythritol phosphate pathway II	0.0000000000
PWY-7560: methylerythritol phosphate pathway II|unclassified	0.0000000000
PWY-2941: L-lysine biosynthesis II	0.0000000000
PWY-2941: L-lysine biosynthesis II|unclassified	0.0000000000
PWY-2941: L-lysine biosynthesis II|g__Lactobacillus.s__Lactobacillus_johnsonii	0.2794228155
ARGININE-SYN4-PWY: L-ornithine de novo  biosynthesis	0.0000000000
ARGININE-SYN4-PWY: L-ornithine de novo  biosynthesis|g__Bacteroides.s__Bacteroides_sartorii	0.3416819146
ARGININE-SYN4-PWY: L-ornithine de novo  biosynthesis|g__Bacteroides.s__Bacteroides_uniformis_CAG_3	0.4486072763
ARGININE-SYN4-PWY: L-ornithine de novo  biosynthesis|g__Bacteroides.s__Bacteroides_uniformis	0.2801291424
PWY-5345: superpathway of L-methionine biosynthesis (by sulfhydrylation)	0.0000000000
HEXITOLDEGSUPER-PWY: superpathway of hexitol degradation (bacteria)	0.0000000000
HEXITOLDEGSUPER-PWY: superpathway of hexitol degradation (bacteria)|unclassified	0.0000000000
PWY-7210: pyrimidine deoxyribonucleotides biosynthesis from CTP	0.0000000000
PWY-7210: pyrimidine deoxyribonucleotides biosynthesis from CTP|unclassified	0.0000000000
PWY-6263: superpathway of menaquinol-8 biosynthesis II	0.0000000000
PWY-6263: superpathway of menaquinol-8 biosynthesis II|unclassified	0.0000000000
COBALSYN-PWY: adenosylcobalamin salvage from cobinamide I	0.0000000000
COBALSYN-PWY: adenosylcobalamin salvage from cobinamide I|unclassified	0.0000000000
COBALSYN-PWY: adenosylcobalamin salvage from cobinamide I|g__Bacteroides.s__Bacteroides_uniformis_CAG_3	0.0070943403
GALACTUROCAT-PWY: D-galacturonate degradation I	0.0000000000
GALACTUROCAT-PWY: D-galacturonate degradation I|unclassified	0.0000000000
PWY0-1297: superpathway of purine deoxyribonucleosides degradation	0.0000000000
SULFATE-CYS-PWY: superpathway of sulfate assimilation and cysteine biosynthesis	0.0000000000
PWY-7385: 1,3-propanediol biosynthesis (engineered)	0.0000000000
PWY-7385: 1,3-propanediol biosynthesis (engineered)|unclassified	0.0000000000
PWY-5941: glycogen degradation II (eukaryotic)	0.0000000000
PWY-5941: glycogen degradation II (eukaryotic)|unclassified	0.0000000000
PWY-4041: &gamma;-glutamyl cycle	0.0000000000
PWY-4041: &gamma;-glutamyl cycle|unclassified	0.0000000000
PWY-6969: TCA cycle V (2-oxoglutarate:ferredoxin oxidoreductase)	0.0000000000
PWY-6969: TCA cycle V (2-oxoglutarate:ferredoxin oxidoreductase)|unclassified	0.0000000000
PWY-7315: dTDP-N-acetylthomosamine biosynthesis	0.0000000000
PWY-7315: dTDP-N-acetylthomosamine biosynthesis|unclassified	0.0000000000
GALACT-GLUCUROCAT-PWY: superpathway of hexuronide and hexuronate degradation	0.0000000000
GALACT-GLUCUROCAT-PWY: superpathway of hexuronide and hexuronate degradation|unclassified	0.0000000000
HEME-BIOSYNTHESIS-II: heme biosynthesis I (aerobic)	0.0000000000
HEME-BIOSYNTHESIS-II: heme biosynthesis I (aerobic)|unclassified	0.0000000000
HEME-BIOSYNTHESIS-II: heme biosynthesis I (aerobic)|g__Mucispirillum.s__Mucispirillum_schaedleri	0.0720719630
PWY-6305: putrescine biosynthesis IV	0.0000000000
PWY-6305: putrescine biosynthesis IV|unclassified	0.0000000000
PWY-821: superpathway of sulfur amino acid biosynthesis (Saccharomyces cerevisiae)	0.0000000000
P461-PWY: hexitol fermentation to lactate, formate, ethanol and acetate	0.0000000000
P461-PWY: hexitol fermentation to lactate, formate, ethanol and acetate|unclassified	0.0000000000
PWY0-1298: superpathway of pyrimidine deoxyribonucleosides degradation	0.0000000000
PWY-5505: L-glutamate and L-glutamine biosynthesis	0.0000000000
PWY-5505: L-glutamate and L-glutamine biosynthesis|unclassified	0.0000000000
PWY-6353: purine nucleotides degradation II (aerobic)	0.0000000000
PWY-6353: purine nucleotides degradation II (aerobic)|unclassified	0.0000000000
GLUCUROCAT-PWY: superpathway of &beta;-D-glucuronide and D-glucuronate degradation	0.0000000000
GLUCUROCAT-PWY: superpathway of &beta;-D-glucuronide and D-glucuronate degradation|unclassified	0.0000000000
P124-PWY: Bifidobacterium shunt	0.0000000000
PWY4LZ-257: superpathway of fermentation (Chlamydomonas reinhardtii)	0.0000000000
PWY0-1061: superpathway of L-alanine biosynthesis	0.0000000000
PWY0-1061: superpathway of L-alanine biosynthesis|g__Bifidobacterium.s__Bifidobacterium_pseudolongum	0.0483501724
PWY0-1061: superpathway of L-alanine biosynthesis|unclassified	0.0000000000
PWY-6590: superpathway of Clostridium acetobutylicum acidogenic fermentation	0.0000000000
PWY-6590: superpathway of Clostridium acetobutylicum acidogenic fermentation|unclassified	0.0000000000
PWY-7115: C4 photosynthetic carbon assimilation cycle, NAD-ME type	0.0000000000
PWY-7115: C4 photosynthetic carbon assimilation cycle, NAD-ME type|unclassified	0.0000000000
PWY-6549: L-glutamine biosynthesis III	0.0000000000
PWY-6549: L-glutamine biosynthesis III|unclassified	0.0000000000
PWY-1861: formaldehyde assimilation II (RuMP Cycle)	0.0000000000
PWY-1861: formaldehyde assimilation II (RuMP Cycle)|unclassified	0.0000000000
P161-PWY: acetylene degradation	0.0000000000
ARG+POLYAMINE-SYN: superpathway of arginine and polyamine biosynthesis	0.0000000000
ARG+POLYAMINE-SYN: superpathway of arginine and polyamine biosynthesis|unclassified	0.0000000000
TEICHOICACID-PWY: teichoic acid (poly-glycerol) biosynthesis	0.0000000000
TEICHOICACID-PWY: teichoic acid (poly-glycerol) biosynthesis|unclassified	0.0000000000
PWY-6608: guanosine nucleotides degradation III	0.0000000000
PWY-6608: guanosine nucleotides degradation III|unclassified	0.0000000000
CENTFERM-PWY: pyruvate fermentation to butanoate	0.0000000000
CENTFERM-PWY: pyruvate fermentation to butanoate|unclassified	0.0000000000
PWY-6507: 4-deoxy-L-threo-hex-4-enopyranuronate degradation	0.0000000000
PWY-6507: 4-deoxy-L-threo-hex-4-enopyranuronate degradation|unclassified	0.0000000000
PWY-7242: D-fructuronate degradation	0.0000000000
PWY-7242: D-fructuronate degradation|unclassified	0.0000000000
PWY-5690: TCA cycle II (plants and fungi)	0.0000000000
PWY-5690: TCA cycle II (plants and fungi)|unclassified	0.0000000000
P164-PWY: purine nucleobases degradation I (anaerobic)	0.0000000000
P164-PWY: purine nucleobases degradation I (anaerobic)|unclassified	0.0000000000
PWY-7254: TCA cycle VII (acetate-producers)	0.0000000000
SO4ASSIM-PWY: sulfate reduction I (assimilatory)	0.0000000000
SALVADEHYPOX-PWY: adenosine nucleotides degradation II	0.0000000000
SALVADEHYPOX-PWY: adenosine nucleotides degradation II|unclassified	0.0000000000
PWY-6143: CMP-pseudaminate biosynthesis	0.0000000000
PWY-6143: CMP-pseudaminate biosynthesis|unclassified	0.0000000000
PWY-6606: guanosine nucleotides degradation II	0.0000000000
PWY-6606: guanosine nucleotides degradation II|unclassified	0.0000000000
POLYAMINSYN3-PWY: superpathway of polyamine biosynthesis II	0.0000000000
POLYAMINSYN3-PWY: superpathway of polyamine biosynthesis II|unclassified	0.0000000000
PWY-5177: glutaryl-CoA degradation	0.0000000000
PWY-5177: glutaryl-CoA degradation|unclassified	0.0000000000
LACTOSECAT-PWY: lactose and galactose degradation I	0.0000000000
LACTOSECAT-PWY: lactose and galactose degradation I|g__Lactobacillus.s__Lactobacillus_johnsonii	0.9403258500
POLYAMSYN-PWY: superpathway of polyamine biosynthesis I	0.0000000000
POLYAMSYN-PWY: superpathway of polyamine biosynthesis I|unclassified	0.0000000000
PWY-6595: superpathway of guanosine nucleotides degradation (plants)	0.0000000000
P122-PWY: heterolactic fermentation	0.0000000000
P185-PWY: formaldehyde assimilation III (dihydroxyacetone cycle)	0.0000000000
P185-PWY: formaldehyde assimilation III (dihydroxyacetone cycle)|unclassified	0.0000000000
PWY-5676: acetyl-CoA fermentation to butanoate II	0.0000000000
PWY-5676: acetyl-CoA fermentation to butanoate II|unclassified	0.0000000000
GLUDEG-I-PWY: GABA shunt	0.0000000000
BIOTIN-BIOSYNTHESIS-PWY: biotin biosynthesis I	0.0000000000
BIOTIN-BIOSYNTHESIS-PWY: biotin biosynthesis I|unclassified	0.0000000000
METH-ACETATE-PWY: methanogenesis from acetate	0.0000000000
METH-ACETATE-PWY: methanogenesis from acetate|unclassified	0.0000000000
PWY-5022: 4-aminobutanoate degradation V	0.0000000000
PWY-5022: 4-aminobutanoate degradation V|unclassified	0.0000000000
PWY-5384: sucrose degradation IV (sucrose phosphorylase)	0.0000000000
PWY-5384: sucrose degradation IV (sucrose phosphorylase)|unclassified	0.0000000000
PWY-6519: 8-amino-7-oxononanoate biosynthesis I	0.0000000000
PWY-6519: 8-amino-7-oxononanoate biosynthesis I|unclassified	0.0000000000
HEMESYN2-PWY: heme biosynthesis II (anaerobic)	0.0000000000
FASYN-ELONG-PWY: fatty acid elongation -- saturated	0.0000000000
FASYN-ELONG-PWY: fatty acid elongation -- saturated|unclassified	0.0000000000
PWYG-321: mycolate biosynthesis	0.0000000000
PWYG-321: mycolate biosynthesis|unclassified	0.0000000000
PWY-7664: oleate biosynthesis IV (anaerobic)	0.0000000000
PWY-7664: oleate biosynthesis IV (anaerobic)|unclassified	0.0000000000
PWY0-862: (5Z)-dodec-5-enoate biosynthesis	0.0000000000
PWY0-862: (5Z)-dodec-5-enoate biosynthesis|unclassified	0.0000000000
PWY-6282: palmitoleate biosynthesis I (from (5Z)-dodec-5-enoate)	0.0000000000
PWY-6282: palmitoleate biosynthesis I (from (5Z)-dodec-5-enoate)|unclassified	0.0000000000
PWY-5989: stearate biosynthesis II (bacteria and plants)	0.0000000000
PWY-5989: stearate biosynthesis II (bacteria and plants)|unclassified	0.0000000000
PWY-7388: octanoyl-[acyl-carrier protein] biosynthesis (mitochondria, yeast)	0.0000000000
PWY-7388: octanoyl-[acyl-carrier protein] biosynthesis (mitochondria, yeast)|unclassified	0.0000000000
PWY-7316: dTDP-N-acetylviosamine biosynthesis	0.0000000000
PWY-7316: dTDP-N-acetylviosamine biosynthesis|unclassified	0.0000000000
PWY-621: sucrose degradation III (sucrose invertase)	0.0000000000
PWY-621: sucrose degradation III (sucrose invertase)|unclassified	0.0000000000
FASYN-INITIAL-PWY: superpathway of fatty acid biosynthesis initiation (E. coli)	0.0000000000
FASYN-INITIAL-PWY: superpathway of fatty acid biosynthesis initiation (E. coli)|unclassified	0.0000000000